Date,Zone,District,Latitude,Longitude,Rainfall_Observed_mm,Tmax_C,Tmin_C,Relative_Humidity_pct,Solar_Radiation_MJm2
2026-01-01,Terai_Teesta_Alluvial_Zone,Alipurduar,26.49,89.53,0.0,21.4,11.18,74.5,13.27
2026-01-02,Terai_Teesta_Alluvial_Zone,Alipurduar,26.49,89.53,0.0,21.86,12.48,74.6,13.09
2026-01-03,Terai_Teesta_Alluvial_Zone,Alipurduar,26.49,89.53,0.0,21.02,12.87,75.7,10.87
2026-01-04,Terai_Teesta_Alluvial_Zone,Alipurduar,26.49,89.53,0.0,20.47,11.61,74.2,6.41
2026-01-05,Terai_Teesta_Alluvial_Zone,Alipurduar,26.49,89.53,0.0,20.44,9.89,73.3,8.15
2026-01-06,Terai_Teesta_Alluvial_Zone,Alipurduar,26.49,89.53,0.0,20.66,9.46,71.9,10.28
2026-01-07,Terai_Teesta_Alluvial_Zone,Alipurduar,26.49,89.53,0.0,21.38,8.83,67.4,13.4
2026-01-08,Terai_Teesta_Alluvial_Zone,Alipurduar,26.49,89.53,0.0,21.85,10.38,65.3,14.37
2026-01-09,Terai_Teesta_Alluvial_Zone,Alipurduar,26.49,89.53,0.0,22.26,11.14,64.0,14.32
2026-01-10,Terai_Teesta_Alluvial_Zone,Alipurduar,26.49,89.53,0.0,21.43,10.14,63.2,12.18
2026-01-11,Terai_Teesta_Alluvial_Zone,Alipurduar,26.49,89.53,0.0,22.72,11.11,62.1,13.0
2026-01-12,Terai_Teesta_Alluvial_Zone,Alipurduar,26.49,89.53,0.0,24.0,12.24,60.1,14.89
2026-01-13,Terai_Teesta_Alluvial_Zone,Alipurduar,26.49,89.53,0.0,23.23,11.99,57.5,15.59
2026-01-14,Terai_Teesta_Alluvial_Zone,Alipurduar,26.49,89.53,0.0,23.57,11.32,63.8,14.48
2026-01-15,Terai_Teesta_Alluvial_Zone,Alipurduar,26.49,89.53,0.0,23.21,12.39,63.5,14.19
2026-01-16,Terai_Teesta_Alluvial_Zone,Alipurduar,26.49,89.53,0.0,23.86,12.97,60.6,14.03
2026-01-17,Terai_Teesta_Alluvial_Zone,Alipurduar,26.49,89.53,0.0,23.71,12.82,61.0,14.54
2026-01-18,Terai_Teesta_Alluvial_Zone,Alipurduar,26.49,89.53,0.0,24.21,12.36,63.1,13.62
2026-01-19,Terai_Teesta_Alluvial_Zone,Alipurduar,26.49,89.53,0.0,24.16,13.06,63.7,13.74
2026-01-20,Terai_Teesta_Alluvial_Zone,Alipurduar,26.49,89.53,0.0,23.83,11.96,65.9,11.99
2026-01-21,Terai_Teesta_Alluvial_Zone,Alipurduar,26.49,89.53,0.0,24.14,11.72,65.7,12.1
2026-01-22,Terai_Teesta_Alluvial_Zone,Alipurduar,26.49,89.53,0.0,23.45,11.24,63.5,12.9
2026-01-23,Terai_Teesta_Alluvial_Zone,Alipurduar,26.49,89.53,0.0,24.36,13.28,64.6,14.86
2026-01-24,Terai_Teesta_Alluvial_Zone,Alipurduar,26.49,89.53,0.0,25.07,14.21,61.9,15.34
2026-01-25,Terai_Teesta_Alluvial_Zone,Alipurduar,26.49,89.53,0.0,23.39,12.57,64.9,13.23
2026-01-26,Terai_Teesta_Alluvial_Zone,Alipurduar,26.49,89.53,0.0,23.59,11.95,67.6,12.9
2026-01-27,Terai_Teesta_Alluvial_Zone,Alipurduar,26.49,89.53,0.0,24.17,12.64,65.0,14.94
2026-01-28,Terai_Teesta_Alluvial_Zone,Alipurduar,26.49,89.53,0.06,24.51,13.86,63.5,14.21
2026-01-29,Terai_Teesta_Alluvial_Zone,Alipurduar,26.49,89.53,0.03,25.21,12.8,65.6,13.91
2026-01-30,Terai_Teesta_Alluvial_Zone,Alipurduar,26.49,89.53,0.0,24.09,12.41,64.4,11.22
2026-01-31,Terai_Teesta_Alluvial_Zone,Alipurduar,26.49,89.53,0.0,24.65,12.84,63.1,12.81
2026-02-01,Terai_Teesta_Alluvial_Zone,Alipurduar,26.49,89.53,0.0,24.71,14.53,64.8,12.39
2026-02-02,Terai_Teesta_Alluvial_Zone,Alipurduar,26.49,89.53,0.0,25.63,13.96,62.0,14.49
2026-02-03,Terai_Teesta_Alluvial_Zone,Alipurduar,26.49,89.53,0.0,25.46,14.33,65.5,15.95
2026-02-04,Terai_Teesta_Alluvial_Zone,Alipurduar,26.49,89.53,0.0,26.74,14.69,55.2,16.07
2026-02-05,Terai_Teesta_Alluvial_Zone,Alipurduar,26.49,89.53,0.0,25.84,11.22,55.3,16.6
2026-02-06,Terai_Teesta_Alluvial_Zone,Alipurduar,26.49,89.53,0.0,24.75,11.47,54.0,14.29
2026-02-07,Terai_Teesta_Alluvial_Zone,Alipurduar,26.49,89.53,0.0,23.89,12.63,55.4,14.27
2026-02-08,Terai_Teesta_Alluvial_Zone,Alipurduar,26.49,89.53,0.0,25.35,12.71,57.4,13.25
2026-02-09,Terai_Teesta_Alluvial_Zone,Alipurduar,26.49,89.53,0.0,25.39,12.64,56.6,15.59
2026-02-10,Terai_Teesta_Alluvial_Zone,Alipurduar,26.49,89.53,0.0,26.8,14.14,55.8,16.96
2026-02-11,Terai_Teesta_Alluvial_Zone,Alipurduar,26.49,89.53,0.0,26.64,13.66,56.5,16.72
2026-02-12,Terai_Teesta_Alluvial_Zone,Alipurduar,26.49,89.53,0.0,26.37,13.52,54.7,15.12
2026-02-13,Terai_Teesta_Alluvial_Zone,Alipurduar,26.49,89.53,0.0,27.44,13.03,53.4,15.08
2026-02-14,Terai_Teesta_Alluvial_Zone,Alipurduar,26.49,89.53,0.0,27.44,14.29,50.0,16.05
2026-02-15,Terai_Teesta_Alluvial_Zone,Alipurduar,26.49,89.53,0.0,27.07,13.8,52.8,15.71
2026-02-16,Terai_Teesta_Alluvial_Zone,Alipurduar,26.49,89.53,0.0,26.88,13.65,55.9,15.49
2026-02-17,Terai_Teesta_Alluvial_Zone,Alipurduar,26.49,89.53,0.0,29.12,15.45,51.2,19.07
2026-02-18,Terai_Teesta_Alluvial_Zone,Alipurduar,26.49,89.53,0.0,29.75,16.23,49.5,19.72
2026-02-19,Terai_Teesta_Alluvial_Zone,Alipurduar,26.49,89.53,0.0,30.53,16.43,49.6,19.08
2026-02-20,Terai_Teesta_Alluvial_Zone,Alipurduar,26.49,89.53,0.0,31.19,17.67,46.2,18.39
2026-02-21,Terai_Teesta_Alluvial_Zone,Alipurduar,26.49,89.53,0.0,30.9,16.88,43.4,15.42
2026-02-22,Terai_Teesta_Alluvial_Zone,Alipurduar,26.49,89.53,0.0,29.87,15.65,42.3,16.57
2026-02-23,Terai_Teesta_Alluvial_Zone,Alipurduar,26.49,89.53,0.0,28.75,15.01,44.9,14.85
2026-02-24,Terai_Teesta_Alluvial_Zone,Alipurduar,26.49,89.53,0.4,28.45,14.93,51.1,13.32
2026-02-25,Terai_Teesta_Alluvial_Zone,Alipurduar,26.49,89.53,0.41,28.73,17.45,51.6,14.74
2026-02-26,Terai_Teesta_Alluvial_Zone,Alipurduar,26.49,89.53,0.04,28.55,15.27,50.5,14.42
2026-02-27,Terai_Teesta_Alluvial_Zone,Alipurduar,26.49,89.53,0.28,28.02,15.17,47.2,12.92
2026-02-28,Terai_Teesta_Alluvial_Zone,Alipurduar,26.49,89.53,0.97,28.24,15.25,48.5,11.02
2026-03-01,Terai_Teesta_Alluvial_Zone,Alipurduar,26.49,89.53,1.22,28.77,14.58,52.4,18.45
2026-03-02,Terai_Teesta_Alluvial_Zone,Alipurduar,26.49,89.53,0.68,29.98,15.41,49.7,18.4
2026-03-03,Terai_Teesta_Alluvial_Zone,Alipurduar,26.49,89.53,0.02,29.14,14.96,50.1,14.96
2026-03-04,Terai_Teesta_Alluvial_Zone,Alipurduar,26.49,89.53,0.0,30.59,16.22,46.9,17.34
2026-03-05,Terai_Teesta_Alluvial_Zone,Alipurduar,26.49,89.53,0.0,31.45,17.8,49.5,16.39
2026-03-06,Terai_Teesta_Alluvial_Zone,Alipurduar,26.49,89.53,0.0,33.05,18.87,46.4,15.57
2026-03-07,Terai_Teesta_Alluvial_Zone,Alipurduar,26.49,89.53,0.0,32.25,19.49,47.0,14.66
2026-03-08,Terai_Teesta_Alluvial_Zone,Alipurduar,26.49,89.53,0.0,31.9,19.67,51.9,13.84
2026-03-09,Terai_Teesta_Alluvial_Zone,Alipurduar,26.49,89.53,0.33,30.76,20.31,57.1,11.94
2026-03-10,Terai_Teesta_Alluvial_Zone,Alipurduar,26.49,89.53,0.2,31.98,20.43,52.3,13.96
2026-03-11,Terai_Teesta_Alluvial_Zone,Alipurduar,26.49,89.53,0.97,32.57,20.06,55.4,12.76
2026-03-12,Terai_Teesta_Alluvial_Zone,Alipurduar,26.49,89.53,25.96,28.19,21.58,77.2,9.08
2026-03-13,Terai_Teesta_Alluvial_Zone,Alipurduar,26.49,89.53,33.15,26.7,19.41,80.3,5.67
2026-03-14,Terai_Teesta_Alluvial_Zone,Alipurduar,26.49,89.53,1.35,29.77,18.78,70.2,9.64
2026-03-15,Terai_Teesta_Alluvial_Zone,Alipurduar,26.49,89.53,14.8,28.37,18.64,65.8,7.95
2026-03-16,Terai_Teesta_Alluvial_Zone,Alipurduar,26.49,89.53,3.36,29.24,17.64,63.0,16.45
2026-03-17,Terai_Teesta_Alluvial_Zone,Alipurduar,26.49,89.53,4.71,29.91,17.09,56.5,18.45
2026-03-18,Terai_Teesta_Alluvial_Zone,Alipurduar,26.49,89.53,4.29,31.25,15.91,52.8,17.27
2026-03-19,Terai_Teesta_Alluvial_Zone,Alipurduar,26.49,89.53,11.65,29.68,16.76,63.4,16.32
2026-03-20,Terai_Teesta_Alluvial_Zone,Alipurduar,26.49,89.53,12.13,26.87,18.36,78.8,15.22
2026-03-21,Terai_Teesta_Alluvial_Zone,Alipurduar,26.49,89.53,21.82,24.62,19.04,82.7,3.7
2026-03-22,Terai_Teesta_Alluvial_Zone,Alipurduar,26.49,89.53,2.06,24.71,17.6,75.7,13.59
2026-03-23,Terai_Teesta_Alluvial_Zone,Alipurduar,26.49,89.53,1.09,25.46,15.87,75.0,13.97
2026-03-24,Terai_Teesta_Alluvial_Zone,Alipurduar,26.49,89.53,9.5,26.68,17.68,71.5,10.3
2026-03-25,Terai_Teesta_Alluvial_Zone,Alipurduar,26.49,89.53,1.73,28.77,16.87,62.1,15.52
2026-03-26,Terai_Teesta_Alluvial_Zone,Alipurduar,26.49,89.53,4.7,28.67,16.48,61.8,14.99
2026-03-27,Terai_Teesta_Alluvial_Zone,Alipurduar,26.49,89.53,2.57,29.92,17.84,63.2,12.03
2026-03-28,Terai_Teesta_Alluvial_Zone,Alipurduar,26.49,89.53,28.73,24.58,18.12,78.2,8.72
2026-03-29,Terai_Teesta_Alluvial_Zone,Alipurduar,26.49,89.53,5.28,26.21,16.94,77.4,9.5
2026-03-30,Terai_Teesta_Alluvial_Zone,Alipurduar,26.49,89.53,1.26,27.83,17.43,77.5,7.17
2026-03-31,Terai_Teesta_Alluvial_Zone,Alipurduar,26.49,89.53,10.36,28.95,18.8,76.5,10.28
2026-04-01,Terai_Teesta_Alluvial_Zone,Alipurduar,26.49,89.53,34.13,28.6,20.11,78.0,14.96
2026-04-02,Terai_Teesta_Alluvial_Zone,Alipurduar,26.49,89.53,0.01,32.26,18.82,62.5,20.21
2026-04-03,Terai_Teesta_Alluvial_Zone,Alipurduar,26.49,89.53,0.04,31.35,18.27,65.6,15.0
2026-04-04,Terai_Teesta_Alluvial_Zone,Alipurduar,26.49,89.53,0.64,31.5,20.06,67.4,12.75
2026-04-05,Terai_Teesta_Alluvial_Zone,Alipurduar,26.49,89.53,0.33,31.55,19.15,64.1,13.8
2026-04-06,Terai_Teesta_Alluvial_Zone,Alipurduar,26.49,89.53,0.11,31.33,18.29,65.2,19.38
2026-04-07,Terai_Teesta_Alluvial_Zone,Alipurduar,26.49,89.53,0.68,30.51,18.37,65.0,18.98
2026-04-08,Terai_Teesta_Alluvial_Zone,Alipurduar,26.49,89.53,0.83,28.55,17.7,67.2,17.25
2026-04-09,Terai_Teesta_Alluvial_Zone,Alipurduar,26.49,89.53,15.09,27.31,19.15,71.4,15.2
2026-04-10,Terai_Teesta_Alluvial_Zone,Alipurduar,26.49,89.53,7.55,27.49,17.39,64.1,15.26
2026-04-11,Terai_Teesta_Alluvial_Zone,Alipurduar,26.49,89.53,1.01,29.22,15.83,58.6,19.75
2026-04-12,Terai_Teesta_Alluvial_Zone,Alipurduar,26.49,89.53,1.35,29.44,16.9,64.7,17.09
2026-04-13,Terai_Teesta_Alluvial_Zone,Alipurduar,26.49,89.53,1.1,31.13,18.02,64.2,19.32
2026-04-14,Terai_Teesta_Alluvial_Zone,Alipurduar,26.49,89.53,1.07,30.9,17.89,64.5,16.63
2026-04-15,Terai_Teesta_Alluvial_Zone,Alipurduar,26.49,89.53,0.89,31.27,18.75,68.3,12.05
2026-04-16,Terai_Teesta_Alluvial_Zone,Alipurduar,26.49,89.53,2.99,31.0,19.52,72.3,13.67
2026-04-17,Terai_Teesta_Alluvial_Zone,Alipurduar,26.49,89.53,2.28,31.29,20.25,72.7,16.43
2026-04-18,Terai_Teesta_Alluvial_Zone,Alipurduar,26.49,89.53,23.2,29.7,21.17,80.7,9.81
2026-04-19,Terai_Teesta_Alluvial_Zone,Alipurduar,26.49,89.53,4.96,31.26,21.5,79.5,10.69
2026-04-20,Terai_Teesta_Alluvial_Zone,Alipurduar,26.49,89.53,13.2,31.57,21.48,78.6,12.64
2026-04-21,Terai_Teesta_Alluvial_Zone,Alipurduar,26.49,89.53,8.04,34.55,20.87,60.4,13.26
2026-04-22,Terai_Teesta_Alluvial_Zone,Alipurduar,26.49,89.53,6.04,33.31,20.18,65.0,17.54
2026-04-23,Terai_Teesta_Alluvial_Zone,Alipurduar,26.49,89.53,4.52,31.62,21.18,75.4,15.36
2026-04-24,Terai_Teesta_Alluvial_Zone,Alipurduar,26.49,89.53,4.65,31.89,22.14,78.8,14.11
2026-04-25,Terai_Teesta_Alluvial_Zone,Alipurduar,26.49,89.53,21.97,31.29,23.0,83.5,14.06
2026-04-26,Terai_Teesta_Alluvial_Zone,Alipurduar,26.49,89.53,34.53,28.47,21.83,86.9,3.39
2026-04-27,Terai_Teesta_Alluvial_Zone,Alipurduar,26.49,89.53,7.7,28.87,20.06,83.8,6.75
2026-04-28,Terai_Teesta_Alluvial_Zone,Alipurduar,26.49,89.53,24.09,30.83,21.62,83.9,12.73
2026-04-29,Terai_Teesta_Alluvial_Zone,Alipurduar,26.49,89.53,50.77,28.36,21.96,88.2,6.16
2026-04-30,Terai_Teesta_Alluvial_Zone,Alipurduar,26.49,89.53,25.52,25.13,20.71,91.2,14.52
2026-05-01,Terai_Teesta_Alluvial_Zone,Alipurduar,26.49,89.53,14.71,24.91,18.85,87.9,15.52
2026-05-02,Terai_Teesta_Alluvial_Zone,Alipurduar,26.49,89.53,13.65,26.83,20.24,87.0,7.31
2026-05-03,Terai_Teesta_Alluvial_Zone,Alipurduar,26.49,89.53,2.22,27.81,19.5,82.1,18.44
2026-05-04,Terai_Teesta_Alluvial_Zone,Alipurduar,26.49,89.53,3.61,29.01,19.89,82.8,18.37
2026-05-05,Terai_Teesta_Alluvial_Zone,Alipurduar,26.49,89.53,10.34,29.04,21.18,85.5,20.75
2026-05-06,Terai_Teesta_Alluvial_Zone,Alipurduar,26.49,89.53,11.64,28.7,21.17,81.8,8.72
2026-05-07,Terai_Teesta_Alluvial_Zone,Alipurduar,26.49,89.53,3.22,28.94,21.66,73.6,21.66
2026-05-08,Terai_Teesta_Alluvial_Zone,Alipurduar,26.49,89.53,2.51,29.34,19.85,76.6,13.86
2026-05-09,Terai_Teesta_Alluvial_Zone,Alipurduar,26.49,89.53,3.39,29.92,21.49,72.1,19.23
2026-05-10,Terai_Teesta_Alluvial_Zone,Alipurduar,26.49,89.53,2.08,30.42,21.63,76.1,10.02
2026-05-11,Terai_Teesta_Alluvial_Zone,Alipurduar,26.49,89.53,6.93,29.01,21.3,81.8,21.03
2026-05-12,Terai_Teesta_Alluvial_Zone,Alipurduar,26.49,89.53,9.17,28.33,21.88,86.2,12.52
2026-05-13,Terai_Teesta_Alluvial_Zone,Alipurduar,26.49,89.53,32.92,28.82,22.41,87.3,6.87
2026-05-14,Terai_Teesta_Alluvial_Zone,Alipurduar,26.49,89.53,25.25,29.93,22.73,85.8,16.78
2026-05-15,Terai_Teesta_Alluvial_Zone,Alipurduar,26.49,89.53,8.85,30.31,23.07,81.8,18.17
2026-05-16,Terai_Teesta_Alluvial_Zone,Alipurduar,26.49,89.53,32.83,30.56,24.29,86.4,14.13
2026-05-17,Terai_Teesta_Alluvial_Zone,Alipurduar,26.49,89.53,19.41,31.08,23.18,82.0,13.52
2026-05-18,Terai_Teesta_Alluvial_Zone,Alipurduar,26.49,89.53,16.29,30.8,22.57,86.0,10.66
2026-05-19,Terai_Teesta_Alluvial_Zone,Alipurduar,26.49,89.53,0.19,31.95,23.57,85.8,17.4
2026-05-20,Terai_Teesta_Alluvial_Zone,Alipurduar,26.49,89.53,7.37,32.28,24.44,85.9,17.23
2026-05-21,Terai_Teesta_Alluvial_Zone,Alipurduar,26.49,89.53,30.99,30.74,25.58,90.1,9.23
2026-05-22,Terai_Teesta_Alluvial_Zone,Alipurduar,26.49,89.53,12.22,31.48,25.36,86.7,13.97
2026-05-23,Terai_Teesta_Alluvial_Zone,Alipurduar,26.49,89.53,3.23,32.12,24.78,85.0,7.96
2026-05-24,Terai_Teesta_Alluvial_Zone,Alipurduar,26.49,89.53,14.16,32.32,24.2,81.2,12.37
2026-05-25,Terai_Teesta_Alluvial_Zone,Alipurduar,26.49,89.53,18.65,31.19,23.26,84.3,16.34
2026-05-26,Terai_Teesta_Alluvial_Zone,Alipurduar,26.49,89.53,23.73,31.17,24.07,85.4,17.6
2026-05-27,Terai_Teesta_Alluvial_Zone,Alipurduar,26.49,89.53,3.18,30.77,23.28,85.8,10.84
2026-05-28,Terai_Teesta_Alluvial_Zone,Alipurduar,26.49,89.53,5.03,27.68,23.62,90.7,18.43
2026-05-29,Terai_Teesta_Alluvial_Zone,Alipurduar,26.49,89.53,0.96,31.12,23.51,79.3,23.48
2026-05-30,Terai_Teesta_Alluvial_Zone,Alipurduar,26.49,89.53,0.09,31.99,24.37,77.6,19.65
2026-05-31,Terai_Teesta_Alluvial_Zone,Alipurduar,26.49,89.53,0.04,31.94,25.23,79.2,23.03
2026-06-01,Terai_Teesta_Alluvial_Zone,Alipurduar,26.49,89.53,1.83,32.43,24.72,82.3,21.82
2026-06-02,Terai_Teesta_Alluvial_Zone,Alipurduar,26.49,89.53,4.18,32.28,25.34,83.8,20.38
2026-06-03,Terai_Teesta_Alluvial_Zone,Alipurduar,26.49,89.53,3.21,32.49,24.7,79.2,18.32
2026-06-04,Terai_Teesta_Alluvial_Zone,Alipurduar,26.49,89.53,7.97,32.52,24.06,81.3,18.74
2026-06-05,Terai_Teesta_Alluvial_Zone,Alipurduar,26.49,89.53,30.45,31.96,25.42,86.0,18.72
2026-06-06,Terai_Teesta_Alluvial_Zone,Alipurduar,26.49,89.53,8.79,31.57,25.69,87.9,17.25
2026-06-07,Terai_Teesta_Alluvial_Zone,Alipurduar,26.49,89.53,4.5,32.45,25.32,85.1,21.12
2026-06-08,Terai_Teesta_Alluvial_Zone,Alipurduar,26.49,89.53,17.07,31.8,25.88,86.3,16.85
2026-06-09,Terai_Teesta_Alluvial_Zone,Alipurduar,26.49,89.53,13.81,31.84,25.14,85.9,19.84
2026-06-10,Terai_Teesta_Alluvial_Zone,Alipurduar,26.49,89.53,28.93,31.57,25.16,88.0,9.72
2026-06-11,Terai_Teesta_Alluvial_Zone,Alipurduar,26.49,89.53,12.88,30.58,24.95,87.8,14.95
2026-06-12,Terai_Teesta_Alluvial_Zone,Alipurduar,26.49,89.53,2.2,30.62,24.39,84.2,18.66
2026-06-13,Terai_Teesta_Alluvial_Zone,Alipurduar,26.49,89.53,8.73,30.93,24.51,84.8,18.25
2026-06-14,Terai_Teesta_Alluvial_Zone,Alipurduar,26.49,89.53,9.62,31.26,25.22,87.0,18.32
2026-06-15,Terai_Teesta_Alluvial_Zone,Alipurduar,26.49,89.53,7.63,32.02,25.55,86.0,19.99
2026-06-16,Terai_Teesta_Alluvial_Zone,Alipurduar,26.49,89.53,7.25,29.88,25.36,90.9,21.75
2026-06-17,Terai_Teesta_Alluvial_Zone,Alipurduar,26.49,89.53,16.69,31.65,25.35,87.8,17.71
2026-06-18,Terai_Teesta_Alluvial_Zone,Alipurduar,26.49,89.53,15.65,31.18,25.73,89.8,12.45
2026-06-19,Terai_Teesta_Alluvial_Zone,Alipurduar,26.49,89.53,13.5,29.9,25.34,90.4,13.15
2026-06-20,Terai_Teesta_Alluvial_Zone,Alipurduar,26.49,89.53,50.16,31.06,24.74,89.2,14.27
2026-06-21,Terai_Teesta_Alluvial_Zone,Alipurduar,26.49,89.53,45.58,30.9,25.8,89.8,11.49
2026-06-22,Terai_Teesta_Alluvial_Zone,Alipurduar,26.49,89.53,24.36,30.46,25.4,91.5,5.97
2026-06-23,Terai_Teesta_Alluvial_Zone,Alipurduar,26.49,89.53,50.48,30.73,25.57,90.7,3.16
2026-06-24,Terai_Teesta_Alluvial_Zone,Alipurduar,26.49,89.53,12.47,31.29,25.79,88.3,21.07
2026-06-25,Terai_Teesta_Alluvial_Zone,Alipurduar,26.49,89.53,40.69,31.6,25.92,89.0,19.76
2026-06-26,Terai_Teesta_Alluvial_Zone,Alipurduar,26.49,89.53,9.59,31.54,25.61,89.3,18.26
2026-06-27,Terai_Teesta_Alluvial_Zone,Alipurduar,26.49,89.53,22.06,32.0,25.52,89.1,16.8
2026-06-28,Terai_Teesta_Alluvial_Zone,Alipurduar,26.49,89.53,43.33,31.35,26.33,90.9,11.11
2026-06-29,Terai_Teesta_Alluvial_Zone,Alipurduar,26.49,89.53,59.14,30.37,26.2,92.4,6.12
2026-06-30,Terai_Teesta_Alluvial_Zone,Alipurduar,26.49,89.53,23.89,30.28,26.06,89.8,17.14
2026-07-01,Terai_Teesta_Alluvial_Zone,Alipurduar,26.49,89.53,5.93,32.21,25.44,85.2,14.63
2026-07-02,Terai_Teesta_Alluvial_Zone,Alipurduar,26.49,89.53,4.91,31.64,26.17,86.5,16.01
2026-07-03,Terai_Teesta_Alluvial_Zone,Alipurduar,26.49,89.53,2.24,32.66,26.92,84.9,20.09
2026-07-04,Terai_Teesta_Alluvial_Zone,Alipurduar,26.49,89.53,2.14,34.16,26.39,81.3,22.14
2026-07-05,Terai_Teesta_Alluvial_Zone,Alipurduar,26.49,89.53,3.5,31.43,26.75,88.9,17.74
2026-07-06,Terai_Teesta_Alluvial_Zone,Alipurduar,26.49,89.53,7.0,32.46,25.75,86.5,19.69
2026-07-07,Terai_Teesta_Alluvial_Zone,Alipurduar,26.49,89.53,37.47,30.69,26.07,91.7,16.84
2026-07-08,Terai_Teesta_Alluvial_Zone,Alipurduar,26.49,89.53,31.44,30.92,25.62,90.8,9.56
2026-07-09,Terai_Teesta_Alluvial_Zone,Alipurduar,26.49,89.53,55.14,30.68,26.36,92.4,9.43
2026-07-10,Terai_Teesta_Alluvial_Zone,Alipurduar,26.49,89.53,12.08,31.49,25.98,89.6,12.02
2026-07-11,Terai_Teesta_Alluvial_Zone,Alipurduar,26.49,89.53,9.88,32.39,25.86,88.3,14.7
2026-07-12,Terai_Teesta_Alluvial_Zone,Alipurduar,26.49,89.53,24.6,30.61,26.28,91.4,13.6
2026-07-13,Terai_Teesta_Alluvial_Zone,Alipurduar,26.49,89.53,45.54,29.73,26.21,92.9,11.05
2026-07-14,Terai_Teesta_Alluvial_Zone,Alipurduar,26.49,89.53,5.38,32.31,25.59,87.8,21.96
2026-07-15,Terai_Teesta_Alluvial_Zone,Alipurduar,26.49,89.53,2.87,30.16,25.87,86.5,6.18
2026-07-16,Terai_Teesta_Alluvial_Zone,Alipurduar,26.49,89.53,1.8,31.16,25.45,87.0,15.53
2026-07-17,Terai_Teesta_Alluvial_Zone,Alipurduar,26.49,89.53,12.15,31.45,25.64,87.5,13.67
2026-07-18,Terai_Teesta_Alluvial_Zone,Alipurduar,26.49,89.53,22.83,31.54,26.25,89.8,7.3
2026-07-19,Terai_Teesta_Alluvial_Zone,Alipurduar,26.49,89.53,52.2,29.55,25.9,92.9,9.46
2026-07-20,Terai_Teesta_Alluvial_Zone,Alipurduar,26.49,89.53,14.7,29.81,25.28,91.6,4.9
2026-07-21,Terai_Teesta_Alluvial_Zone,Alipurduar,26.49,89.53,15.18,30.56,24.71,88.6,16.53
2026-07-22,Terai_Teesta_Alluvial_Zone,Alipurduar,26.49,89.53,9.21,30.26,24.96,90.1,14.6
2026-07-23,Terai_Teesta_Alluvial_Zone,Alipurduar,26.49,89.53,8.04,30.7,24.81,89.0,15.95
2026-07-24,Terai_Teesta_Alluvial_Zone,Alipurduar,26.49,89.53,1.24,30.93,24.7,88.2,17.4
2026-07-25,Terai_Teesta_Alluvial_Zone,Alipurduar,26.49,89.53,0.24,32.38,25.45,87.1,19.81
2026-07-26,Terai_Teesta_Alluvial_Zone,Alipurduar,26.49,89.53,1.43,31.5,26.11,86.2,17.41
2026-07-27,Terai_Teesta_Alluvial_Zone,Alipurduar,26.49,89.53,0.98,32.06,26.41,83.5,19.73
2026-07-28,Terai_Teesta_Alluvial_Zone,Alipurduar,26.49,89.53,4.6,32.24,25.85,86.3,15.66
2026-07-29,Terai_Teesta_Alluvial_Zone,Alipurduar,26.49,89.53,2.18,29.29,25.47,89.5,15.1
2026-07-30,Terai_Teesta_Alluvial_Zone,Alipurduar,26.49,89.53,9.72,31.65,24.7,87.8,16.36
2026-07-31,Terai_Teesta_Alluvial_Zone,Alipurduar,26.49,89.53,22.25,31.37,25.16,88.6,13.23
2026-08-01,Terai_Teesta_Alluvial_Zone,Alipurduar,26.49,89.53,19.79,29.42,25.37,91.6,7.79
2026-08-02,Terai_Teesta_Alluvial_Zone,Alipurduar,26.49,89.53,32.34,27.22,25.31,94.3,15.0
2026-08-03,Terai_Teesta_Alluvial_Zone,Alipurduar,26.49,89.53,10.26,29.94,24.8,92.3,8.76
2026-08-04,Terai_Teesta_Alluvial_Zone,Alipurduar,26.49,89.53,24.19,28.61,25.46,93.6,20.16
2026-08-05,Terai_Teesta_Alluvial_Zone,Alipurduar,26.49,89.53,32.18,26.97,24.84,95.2,4.3
2026-08-06,Terai_Teesta_Alluvial_Zone,Alipurduar,26.49,89.53,2.6,31.51,24.45,84.1,24.18
2026-08-07,Terai_Teesta_Alluvial_Zone,Alipurduar,26.49,89.53,8.64,30.77,24.82,89.8,17.37
2026-08-08,Terai_Teesta_Alluvial_Zone,Alipurduar,26.49,89.53,11.42,30.86,25.0,88.9,15.85
2026-08-09,Terai_Teesta_Alluvial_Zone,Alipurduar,26.49,89.53,9.99,30.41,24.87,87.7,15.11
2026-08-10,Terai_Teesta_Alluvial_Zone,Alipurduar,26.49,89.53,3.42,31.66,24.61,84.5,23.05
2026-08-11,Terai_Teesta_Alluvial_Zone,Alipurduar,26.49,89.53,2.26,32.4,26.11,81.7,22.06
2026-08-12,Terai_Teesta_Alluvial_Zone,Alipurduar,26.49,89.53,3.4,33.09,26.42,83.7,8.07
2026-08-13,Terai_Teesta_Alluvial_Zone,Alipurduar,26.49,89.53,6.27,32.04,26.26,86.5,17.32
2026-08-14,Terai_Teesta_Alluvial_Zone,Alipurduar,26.49,89.53,5.82,31.43,25.33,87.2,20.47
2026-08-15,Terai_Teesta_Alluvial_Zone,Alipurduar,26.49,89.53,3.46,29.9,25.37,87.6,17.25
2026-08-16,Terai_Teesta_Alluvial_Zone,Alipurduar,26.49,89.53,5.26,31.0,25.35,85.4,13.9
2026-08-17,Terai_Teesta_Alluvial_Zone,Alipurduar,26.49,89.53,18.44,30.87,25.2,89.6,17.76
2026-08-18,Terai_Teesta_Alluvial_Zone,Alipurduar,26.49,89.53,7.6,31.34,24.77,88.4,17.46
2026-08-19,Terai_Teesta_Alluvial_Zone,Alipurduar,26.49,89.53,11.47,31.29,25.52,89.1,16.08
2026-08-20,Terai_Teesta_Alluvial_Zone,Alipurduar,26.49,89.53,9.34,31.18,26.05,89.7,19.21
2026-08-21,Terai_Teesta_Alluvial_Zone,Alipurduar,26.49,89.53,5.48,30.97,25.63,89.0,13.95
2026-08-22,Terai_Teesta_Alluvial_Zone,Alipurduar,26.49,89.53,4.89,32.37,26.28,83.8,19.84
2026-08-23,Terai_Teesta_Alluvial_Zone,Alipurduar,26.49,89.53,8.17,30.41,26.43,89.8,10.3
2026-08-24,Terai_Teesta_Alluvial_Zone,Alipurduar,26.49,89.53,7.64,29.58,25.7,90.9,13.52
2026-08-25,Terai_Teesta_Alluvial_Zone,Alipurduar,26.49,89.53,13.97,30.0,24.92,90.8,12.41
2026-08-26,Terai_Teesta_Alluvial_Zone,Alipurduar,26.49,89.53,13.25,30.32,25.07,88.2,17.84
2026-08-27,Terai_Teesta_Alluvial_Zone,Alipurduar,26.49,89.53,9.25,31.62,25.13,87.8,15.77
2026-08-28,Terai_Teesta_Alluvial_Zone,Alipurduar,26.49,89.53,8.83,30.08,26.36,90.9,9.4
2026-08-29,Terai_Teesta_Alluvial_Zone,Alipurduar,26.49,89.53,5.84,31.62,25.23,86.6,16.61
2026-08-30,Terai_Teesta_Alluvial_Zone,Alipurduar,26.49,89.53,10.33,32.43,26.53,84.5,10.58
2026-08-31,Terai_Teesta_Alluvial_Zone,Alipurduar,26.49,89.53,75.55,27.65,25.4,94.9,14.8
2026-09-01,Terai_Teesta_Alluvial_Zone,Alipurduar,26.49,89.53,22.46,25.83,23.46,93.0,11.73
2026-09-02,Terai_Teesta_Alluvial_Zone,Alipurduar,26.49,89.53,5.57,30.13,23.35,84.6,18.76
2026-09-03,Terai_Teesta_Alluvial_Zone,Alipurduar,26.49,89.53,8.74,30.43,24.06,86.4,15.0
2026-09-04,Terai_Teesta_Alluvial_Zone,Alipurduar,26.49,89.53,9.16,28.66,24.39,90.8,15.93
2026-09-05,Terai_Teesta_Alluvial_Zone,Alipurduar,26.49,89.53,12.23,29.0,24.48,91.6,14.88
2026-09-06,Terai_Teesta_Alluvial_Zone,Alipurduar,26.49,89.53,16.71,29.52,24.41,92.2,16.03
2026-09-07,Terai_Teesta_Alluvial_Zone,Alipurduar,26.49,89.53,15.29,29.08,25.07,91.2,17.16
2026-09-08,Terai_Teesta_Alluvial_Zone,Alipurduar,26.49,89.53,7.18,30.48,24.57,87.8,17.99
2026-09-09,Terai_Teesta_Alluvial_Zone,Alipurduar,26.49,89.53,5.11,30.65,25.21,87.6,
2026-09-10,Terai_Teesta_Alluvial_Zone,Alipurduar,26.49,89.53,3.42,31.92,25.54,83.4,
2026-01-01,Red_Laterite_Zone,Bankura,23.23,87.07,0.0,22.33,7.72,73.6,12.43
2026-01-02,Red_Laterite_Zone,Bankura,23.23,87.07,0.0,22.09,8.8,77.0,10.6
2026-01-03,Red_Laterite_Zone,Bankura,23.23,87.07,0.0,21.67,9.87,83.4,10.02
2026-01-04,Red_Laterite_Zone,Bankura,23.23,87.07,0.0,20.33,11.02,86.2,7.6
2026-01-05,Red_Laterite_Zone,Bankura,23.23,87.07,0.0,19.74,7.84,80.7,7.16
2026-01-06,Red_Laterite_Zone,Bankura,23.23,87.07,0.0,19.33,6.34,79.7,10.48
2026-01-07,Red_Laterite_Zone,Bankura,23.23,87.07,0.0,20.25,6.39,75.8,13.66
2026-01-08,Red_Laterite_Zone,Bankura,23.23,87.07,0.0,20.59,7.33,74.8,13.93
2026-01-09,Red_Laterite_Zone,Bankura,23.23,87.07,0.0,19.89,5.72,71.7,14.09
2026-01-10,Red_Laterite_Zone,Bankura,23.23,87.07,0.0,19.64,5.29,72.4,13.73
2026-01-11,Red_Laterite_Zone,Bankura,23.23,87.07,0.0,21.49,6.68,73.6,14.19
2026-01-12,Red_Laterite_Zone,Bankura,23.23,87.07,0.0,21.57,8.14,76.5,13.99
2026-01-13,Red_Laterite_Zone,Bankura,23.23,87.07,0.0,20.71,6.78,72.9,14.09
2026-01-14,Red_Laterite_Zone,Bankura,23.23,87.07,0.0,21.25,6.59,71.0,12.61
2026-01-15,Red_Laterite_Zone,Bankura,23.23,87.07,0.0,20.68,6.47,68.8,12.63
2026-01-16,Red_Laterite_Zone,Bankura,23.23,87.07,0.0,20.79,5.65,66.5,13.17
2026-01-17,Red_Laterite_Zone,Bankura,23.23,87.07,0.0,21.28,6.7,70.0,13.84
2026-01-18,Red_Laterite_Zone,Bankura,23.23,87.07,0.26,23.25,7.72,66.5,13.88
2026-01-19,Red_Laterite_Zone,Bankura,23.23,87.07,0.0,24.14,8.56,68.3,13.5
2026-01-20,Red_Laterite_Zone,Bankura,23.23,87.07,0.0,25.67,10.75,67.7,12.69
2026-01-21,Red_Laterite_Zone,Bankura,23.23,87.07,0.0,24.73,11.37,71.9,11.2
2026-01-22,Red_Laterite_Zone,Bankura,23.23,87.07,0.0,23.59,9.49,66.0,14.03
2026-01-23,Red_Laterite_Zone,Bankura,23.23,87.07,0.0,24.1,8.98,66.3,14.17
2026-01-24,Red_Laterite_Zone,Bankura,23.23,87.07,0.0,25.08,10.61,64.5,14.04
2026-01-25,Red_Laterite_Zone,Bankura,23.23,87.07,0.0,25.03,10.6,67.6,13.82
2026-01-26,Red_Laterite_Zone,Bankura,23.23,87.07,0.0,25.39,12.0,76.5,12.53
2026-01-27,Red_Laterite_Zone,Bankura,23.23,87.07,0.0,25.03,11.83,77.6,14.67
2026-01-28,Red_Laterite_Zone,Bankura,23.23,87.07,0.0,25.73,11.68,75.3,14.65
2026-01-29,Red_Laterite_Zone,Bankura,23.23,87.07,0.0,25.52,13.37,81.8,12.4
2026-01-30,Red_Laterite_Zone,Bankura,23.23,87.07,0.0,24.96,12.24,74.9,14.25
2026-01-31,Red_Laterite_Zone,Bankura,23.23,87.07,0.0,24.68,10.61,71.5,14.14
2026-02-01,Red_Laterite_Zone,Bankura,23.23,87.07,0.0,24.73,10.99,71.5,13.37
2026-02-02,Red_Laterite_Zone,Bankura,23.23,87.07,0.0,24.25,10.99,69.2,15.8
2026-02-03,Red_Laterite_Zone,Bankura,23.23,87.07,0.0,25.36,10.94,68.5,14.82
2026-02-04,Red_Laterite_Zone,Bankura,23.23,87.07,0.0,25.74,12.39,73.9,15.39
2026-02-05,Red_Laterite_Zone,Bankura,23.23,87.07,0.0,26.39,12.36,73.8,16.94
2026-02-06,Red_Laterite_Zone,Bankura,23.23,87.07,0.0,24.46,10.05,67.6,17.74
2026-02-07,Red_Laterite_Zone,Bankura,23.23,87.07,0.0,24.91,8.93,66.4,17.49
2026-02-08,Red_Laterite_Zone,Bankura,23.23,87.07,0.0,26.28,9.55,64.2,17.12
2026-02-09,Red_Laterite_Zone,Bankura,23.23,87.07,0.0,25.06,9.93,64.5,16.73
2026-02-10,Red_Laterite_Zone,Bankura,23.23,87.07,0.0,26.22,9.68,58.5,16.69
2026-02-11,Red_Laterite_Zone,Bankura,23.23,87.07,0.0,26.73,10.55,61.2,17.31
2026-02-12,Red_Laterite_Zone,Bankura,23.23,87.07,0.0,27.07,11.66,63.1,17.82
2026-02-13,Red_Laterite_Zone,Bankura,23.23,87.07,0.0,26.8,10.74,61.6,17.5
2026-02-14,Red_Laterite_Zone,Bankura,23.23,87.07,0.0,27.42,11.78,64.4,18.55
2026-02-15,Red_Laterite_Zone,Bankura,23.23,87.07,0.0,27.7,11.54,60.2,18.72
2026-02-16,Red_Laterite_Zone,Bankura,23.23,87.07,0.0,27.27,11.01,58.2,17.69
2026-02-17,Red_Laterite_Zone,Bankura,23.23,87.07,0.0,27.56,11.34,57.6,18.38
2026-02-18,Red_Laterite_Zone,Bankura,23.23,87.07,0.0,28.2,11.42,50.8,19.38
2026-02-19,Red_Laterite_Zone,Bankura,23.23,87.07,0.0,28.77,12.43,52.7,18.2
2026-02-20,Red_Laterite_Zone,Bankura,23.23,87.07,0.0,29.47,15.16,59.9,16.6
2026-02-21,Red_Laterite_Zone,Bankura,23.23,87.07,0.0,30.07,15.0,54.0,16.27
2026-02-22,Red_Laterite_Zone,Bankura,23.23,87.07,0.0,29.84,17.43,60.5,16.84
2026-02-23,Red_Laterite_Zone,Bankura,23.23,87.07,2.42,29.78,16.49,62.6,16.13
2026-02-24,Red_Laterite_Zone,Bankura,23.23,87.07,2.57,28.37,15.92,63.6,15.16
2026-02-25,Red_Laterite_Zone,Bankura,23.23,87.07,0.02,28.81,16.02,60.2,17.32
2026-02-26,Red_Laterite_Zone,Bankura,23.23,87.07,0.0,28.47,12.97,52.8,18.0
2026-02-27,Red_Laterite_Zone,Bankura,23.23,87.07,0.0,29.95,12.62,51.5,19.7
2026-02-28,Red_Laterite_Zone,Bankura,23.23,87.07,0.0,30.98,13.82,52.1,20.08
2026-03-01,Red_Laterite_Zone,Bankura,23.23,87.07,0.0,31.54,15.76,64.1,19.88
2026-03-02,Red_Laterite_Zone,Bankura,23.23,87.07,0.0,31.9,18.84,56.9,21.14
2026-03-03,Red_Laterite_Zone,Bankura,23.23,87.07,0.0,31.25,13.43,47.9,21.9
2026-03-04,Red_Laterite_Zone,Bankura,23.23,87.07,0.0,30.63,13.97,49.9,19.67
2026-03-05,Red_Laterite_Zone,Bankura,23.23,87.07,0.0,30.58,14.63,55.7,17.61
2026-03-06,Red_Laterite_Zone,Bankura,23.23,87.07,0.0,30.49,18.69,63.0,16.24
2026-03-07,Red_Laterite_Zone,Bankura,23.23,87.07,0.0,30.42,17.97,76.3,15.76
2026-03-08,Red_Laterite_Zone,Bankura,23.23,87.07,0.0,31.66,19.67,75.6,15.31
2026-03-09,Red_Laterite_Zone,Bankura,23.23,87.07,0.07,32.1,20.19,75.4,12.65
2026-03-10,Red_Laterite_Zone,Bankura,23.23,87.07,0.08,31.39,20.25,76.4,13.59
2026-03-11,Red_Laterite_Zone,Bankura,23.23,87.07,0.34,32.9,20.6,72.4,13.05
2026-03-12,Red_Laterite_Zone,Bankura,23.23,87.07,0.06,34.13,20.83,66.7,10.27
2026-03-13,Red_Laterite_Zone,Bankura,23.23,87.07,0.01,35.67,19.77,61.7,17.67
2026-03-14,Red_Laterite_Zone,Bankura,23.23,87.07,0.0,35.88,18.84,64.2,20.02
2026-03-15,Red_Laterite_Zone,Bankura,23.23,87.07,2.14,36.29,19.9,63.6,15.4
2026-03-16,Red_Laterite_Zone,Bankura,23.23,87.07,8.2,34.54,19.67,67.2,16.25
2026-03-17,Red_Laterite_Zone,Bankura,23.23,87.07,2.09,35.02,20.49,60.8,17.5
2026-03-18,Red_Laterite_Zone,Bankura,23.23,87.07,0.44,35.45,20.37,61.1,16.74
2026-03-19,Red_Laterite_Zone,Bankura,23.23,87.07,0.73,31.6,21.35,72.5,15.36
2026-03-20,Red_Laterite_Zone,Bankura,23.23,87.07,6.74,32.87,20.67,67.3,14.96
2026-03-21,Red_Laterite_Zone,Bankura,23.23,87.07,16.64,26.63,19.16,80.6,8.47
2026-03-22,Red_Laterite_Zone,Bankura,23.23,87.07,0.01,28.81,16.87,67.0,18.05
2026-03-23,Red_Laterite_Zone,Bankura,23.23,87.07,0.0,30.76,16.95,64.6,19.85
2026-03-24,Red_Laterite_Zone,Bankura,23.23,87.07,0.0,33.1,18.29,68.0,18.0
2026-03-25,Red_Laterite_Zone,Bankura,23.23,87.07,0.0,33.62,20.48,64.4,19.76
2026-03-26,Red_Laterite_Zone,Bankura,23.23,87.07,0.04,34.32,21.92,57.2,19.15
2026-03-27,Red_Laterite_Zone,Bankura,23.23,87.07,0.25,36.46,19.09,58.0,22.07
2026-03-28,Red_Laterite_Zone,Bankura,23.23,87.07,3.89,33.56,21.67,69.1,17.26
2026-03-29,Red_Laterite_Zone,Bankura,23.23,87.07,0.04,36.62,21.7,64.1,16.12
2026-03-30,Red_Laterite_Zone,Bankura,23.23,87.07,6.03,37.05,22.76,68.4,16.39
2026-03-31,Red_Laterite_Zone,Bankura,23.23,87.07,5.51,36.11,21.7,66.0,15.0
2026-04-01,Red_Laterite_Zone,Bankura,23.23,87.07,0.7,37.26,22.23,63.4,25.19
2026-04-02,Red_Laterite_Zone,Bankura,23.23,87.07,0.04,39.36,21.56,57.0,22.86
2026-04-03,Red_Laterite_Zone,Bankura,23.23,87.07,0.44,39.05,22.96,55.8,21.35
2026-04-04,Red_Laterite_Zone,Bankura,23.23,87.07,0.05,38.91,23.76,56.5,19.54
2026-04-05,Red_Laterite_Zone,Bankura,23.23,87.07,0.46,35.23,24.2,54.4,13.35
2026-04-06,Red_Laterite_Zone,Bankura,23.23,87.07,1.49,36.17,22.62,56.9,13.71
2026-04-07,Red_Laterite_Zone,Bankura,23.23,87.07,4.19,35.06,22.86,60.9,21.4
2026-04-08,Red_Laterite_Zone,Bankura,23.23,87.07,7.15,34.06,22.7,71.2,19.02
2026-04-09,Red_Laterite_Zone,Bankura,23.23,87.07,9.24,32.91,22.69,70.2,18.04
2026-04-10,Red_Laterite_Zone,Bankura,23.23,87.07,0.01,34.9,19.12,50.5,23.89
2026-04-11,Red_Laterite_Zone,Bankura,23.23,87.07,0.0,36.11,18.55,38.3,25.5
2026-04-12,Red_Laterite_Zone,Bankura,23.23,87.07,0.0,37.8,18.52,43.2,24.97
2026-04-13,Red_Laterite_Zone,Bankura,23.23,87.07,0.0,38.94,21.0,53.9,22.1
2026-04-14,Red_Laterite_Zone,Bankura,23.23,87.07,0.0,39.04,21.84,48.0,23.68
2026-04-15,Red_Laterite_Zone,Bankura,23.23,87.07,0.0,39.8,21.68,55.4,23.88
2026-04-16,Red_Laterite_Zone,Bankura,23.23,87.07,0.83,39.79,24.74,67.0,11.44
2026-04-17,Red_Laterite_Zone,Bankura,23.23,87.07,1.15,37.71,24.74,67.2,18.38
2026-04-18,Red_Laterite_Zone,Bankura,23.23,87.07,0.0,40.56,24.81,61.6,18.47
2026-04-19,Red_Laterite_Zone,Bankura,23.23,87.07,0.77,41.81,24.29,59.7,19.29
2026-04-20,Red_Laterite_Zone,Bankura,23.23,87.07,0.69,42.43,24.09,50.5,20.44
2026-04-21,Red_Laterite_Zone,Bankura,23.23,87.07,0.1,42.47,25.12,43.1,20.97
2026-04-22,Red_Laterite_Zone,Bankura,23.23,87.07,0.01,42.31,23.48,36.1,23.33
2026-04-23,Red_Laterite_Zone,Bankura,23.23,87.07,0.0,41.72,23.89,45.6,20.82
2026-04-24,Red_Laterite_Zone,Bankura,23.23,87.07,0.0,40.9,24.52,51.7,19.88
2026-04-25,Red_Laterite_Zone,Bankura,23.23,87.07,0.0,40.58,25.51,52.2,21.54
2026-04-26,Red_Laterite_Zone,Bankura,23.23,87.07,0.01,42.43,25.32,53.3,12.95
2026-04-27,Red_Laterite_Zone,Bankura,23.23,87.07,0.16,44.84,25.19,52.8,15.73
2026-04-28,Red_Laterite_Zone,Bankura,23.23,87.07,1.63,41.1,26.23,62.3,14.65
2026-04-29,Red_Laterite_Zone,Bankura,23.23,87.07,14.05,39.78,24.92,65.1,14.67
2026-04-30,Red_Laterite_Zone,Bankura,23.23,87.07,22.52,34.48,24.81,76.1,16.51
2026-05-01,Red_Laterite_Zone,Bankura,23.23,87.07,7.23,34.86,23.21,69.0,22.71
2026-05-02,Red_Laterite_Zone,Bankura,23.23,87.07,3.67,37.65,22.69,63.8,17.36
2026-05-03,Red_Laterite_Zone,Bankura,23.23,87.07,11.62,34.66,24.31,71.9,20.32
2026-05-04,Red_Laterite_Zone,Bankura,23.23,87.07,0.63,36.38,24.84,67.4,19.88
2026-05-05,Red_Laterite_Zone,Bankura,23.23,87.07,11.74,33.8,24.26,72.8,17.4
2026-05-06,Red_Laterite_Zone,Bankura,23.23,87.07,1.07,35.92,22.9,62.5,13.66
2026-05-07,Red_Laterite_Zone,Bankura,23.23,87.07,5.05,36.03,23.14,61.8,17.38
2026-05-08,Red_Laterite_Zone,Bankura,23.23,87.07,6.9,36.84,23.77,65.4,19.61
2026-05-09,Red_Laterite_Zone,Bankura,23.23,87.07,5.94,35.07,23.98,67.5,22.63
2026-05-10,Red_Laterite_Zone,Bankura,23.23,87.07,1.34,34.13,23.12,68.1,20.64
2026-05-11,Red_Laterite_Zone,Bankura,23.23,87.07,0.14,35.2,24.37,66.5,21.39
2026-05-12,Red_Laterite_Zone,Bankura,23.23,87.07,2.07,35.39,23.9,69.5,17.09
2026-05-13,Red_Laterite_Zone,Bankura,23.23,87.07,1.86,38.25,24.47,66.3,20.22
2026-05-14,Red_Laterite_Zone,Bankura,23.23,87.07,3.47,39.66,25.02,63.7,23.91
2026-05-15,Red_Laterite_Zone,Bankura,23.23,87.07,3.05,39.48,25.73,64.1,19.69
2026-05-16,Red_Laterite_Zone,Bankura,23.23,87.07,4.25,40.62,26.16,61.5,23.24
2026-05-17,Red_Laterite_Zone,Bankura,23.23,87.07,1.23,41.08,25.62,56.5,19.94
2026-05-18,Red_Laterite_Zone,Bankura,23.23,87.07,0.11,42.62,27.32,48.5,21.41
2026-05-19,Red_Laterite_Zone,Bankura,23.23,87.07,0.68,42.76,27.01,52.3,16.14
2026-05-20,Red_Laterite_Zone,Bankura,23.23,87.07,1.41,41.16,26.56,58.2,18.51
2026-05-21,Red_Laterite_Zone,Bankura,23.23,87.07,2.47,43.28,27.3,57.2,18.88
2026-05-22,Red_Laterite_Zone,Bankura,23.23,87.07,0.0,42.23,27.48,59.7,15.92
2026-05-23,Red_Laterite_Zone,Bankura,23.23,87.07,0.72,43.82,27.05,50.0,16.68
2026-05-24,Red_Laterite_Zone,Bankura,23.23,87.07,0.7,43.1,27.03,54.8,21.02
2026-05-25,Red_Laterite_Zone,Bankura,23.23,87.07,0.65,43.51,27.56,54.2,21.58
2026-05-26,Red_Laterite_Zone,Bankura,23.23,87.07,3.96,41.21,26.59,60.4,19.7
2026-05-27,Red_Laterite_Zone,Bankura,23.23,87.07,1.24,41.05,27.0,61.3,17.45
2026-05-28,Red_Laterite_Zone,Bankura,23.23,87.07,5.58,38.94,26.73,66.3,18.93
2026-05-29,Red_Laterite_Zone,Bankura,23.23,87.07,10.82,35.97,25.75,67.4,10.54
2026-05-30,Red_Laterite_Zone,Bankura,23.23,87.07,11.64,34.64,25.87,71.4,19.49
2026-05-31,Red_Laterite_Zone,Bankura,23.23,87.07,2.07,35.13,25.93,69.5,21.86
2026-06-01,Red_Laterite_Zone,Bankura,23.23,87.07,0.02,39.15,25.65,59.6,22.64
2026-06-02,Red_Laterite_Zone,Bankura,23.23,87.07,0.13,38.65,27.01,59.5,21.85
2026-06-03,Red_Laterite_Zone,Bankura,23.23,87.07,4.93,39.02,26.74,59.5,22.04
2026-06-04,Red_Laterite_Zone,Bankura,23.23,87.07,8.66,38.37,26.76,64.1,22.87
2026-06-05,Red_Laterite_Zone,Bankura,23.23,87.07,11.29,38.35,27.72,67.1,20.49
2026-06-06,Red_Laterite_Zone,Bankura,23.23,87.07,5.26,38.66,27.49,66.6,19.66
2026-06-07,Red_Laterite_Zone,Bankura,23.23,87.07,7.71,37.15,26.54,69.4,15.45
2026-06-08,Red_Laterite_Zone,Bankura,23.23,87.07,1.53,40.89,27.25,58.7,23.27
2026-06-09,Red_Laterite_Zone,Bankura,23.23,87.07,2.09,41.37,26.87,54.8,18.1
2026-06-10,Red_Laterite_Zone,Bankura,23.23,87.07,5.35,41.05,26.76,59.6,9.3
2026-06-11,Red_Laterite_Zone,Bankura,23.23,87.07,10.23,36.25,26.94,72.3,17.43
2026-06-12,Red_Laterite_Zone,Bankura,23.23,87.07,4.87,33.44,26.12,75.8,21.97
2026-06-13,Red_Laterite_Zone,Bankura,23.23,87.07,0.8,37.21,26.06,66.7,19.79
2026-06-14,Red_Laterite_Zone,Bankura,23.23,87.07,2.33,37.74,26.21,65.2,22.98
2026-06-15,Red_Laterite_Zone,Bankura,23.23,87.07,0.41,37.74,27.03,63.0,22.38
2026-06-16,Red_Laterite_Zone,Bankura,23.23,87.07,2.99,38.94,26.66,63.9,22.1
2026-06-17,Red_Laterite_Zone,Bankura,23.23,87.07,13.35,37.47,26.38,67.3,21.86
2026-06-18,Red_Laterite_Zone,Bankura,23.23,87.07,0.48,37.98,27.06,67.0,19.57
2026-06-19,Red_Laterite_Zone,Bankura,23.23,87.07,20.62,31.9,26.98,79.0,2.94
2026-06-20,Red_Laterite_Zone,Bankura,23.23,87.07,1.48,36.22,25.85,69.9,22.79
2026-06-21,Red_Laterite_Zone,Bankura,23.23,87.07,21.9,33.21,26.33,81.3,8.6
2026-06-22,Red_Laterite_Zone,Bankura,23.23,87.07,2.07,33.31,26.34,78.1,16.34
2026-06-23,Red_Laterite_Zone,Bankura,23.23,87.07,1.53,37.67,26.08,68.2,21.37
2026-06-24,Red_Laterite_Zone,Bankura,23.23,87.07,5.01,33.62,27.05,71.8,22.56
2026-06-25,Red_Laterite_Zone,Bankura,23.23,87.07,5.04,35.32,25.71,73.5,19.0
2026-06-26,Red_Laterite_Zone,Bankura,23.23,87.07,5.95,35.12,25.92,74.9,20.67
2026-06-27,Red_Laterite_Zone,Bankura,23.23,87.07,0.06,36.68,25.71,71.8,20.9
2026-06-28,Red_Laterite_Zone,Bankura,23.23,87.07,2.3,35.84,26.76,72.9,16.57
2026-06-29,Red_Laterite_Zone,Bankura,23.23,87.07,33.9,31.52,27.19,86.8,14.55
2026-06-30,Red_Laterite_Zone,Bankura,23.23,87.07,25.62,32.14,26.45,84.9,16.56
2026-07-01,Red_Laterite_Zone,Bankura,23.23,87.07,16.45,32.76,26.07,82.7,18.55
2026-07-02,Red_Laterite_Zone,Bankura,23.23,87.07,8.83,31.35,25.92,87.6,20.4
2026-07-03,Red_Laterite_Zone,Bankura,23.23,87.07,4.94,31.39,26.02,86.1,19.88
2026-07-04,Red_Laterite_Zone,Bankura,23.23,87.07,8.81,32.57,26.04,84.6,18.66
2026-07-05,Red_Laterite_Zone,Bankura,23.23,87.07,15.56,32.57,26.14,87.5,9.41
2026-07-06,Red_Laterite_Zone,Bankura,23.23,87.07,9.83,30.56,25.63,87.2,5.28
2026-07-07,Red_Laterite_Zone,Bankura,23.23,87.07,7.44,33.81,25.95,79.5,7.42
2026-07-08,Red_Laterite_Zone,Bankura,23.23,87.07,0.72,33.12,26.42,83.7,9.23
2026-07-09,Red_Laterite_Zone,Bankura,23.23,87.07,4.44,32.77,26.33,83.8,6.32
2026-07-10,Red_Laterite_Zone,Bankura,23.23,87.07,22.53,30.84,25.24,86.7,2.94
2026-07-11,Red_Laterite_Zone,Bankura,23.23,87.07,9.3,34.17,26.08,81.1,14.18
2026-07-12,Red_Laterite_Zone,Bankura,23.23,87.07,0.04,34.79,26.1,77.1,7.85
2026-07-13,Red_Laterite_Zone,Bankura,23.23,87.07,18.23,31.81,26.53,83.4,5.07
2026-07-14,Red_Laterite_Zone,Bankura,23.23,87.07,27.21,33.18,26.14,83.2,5.61
2026-07-15,Red_Laterite_Zone,Bankura,23.23,87.07,9.37,32.75,26.82,83.5,20.44
2026-07-16,Red_Laterite_Zone,Bankura,23.23,87.07,4.13,33.59,26.24,82.5,17.87
2026-07-17,Red_Laterite_Zone,Bankura,23.23,87.07,12.25,32.32,26.92,87.0,11.43
2026-07-18,Red_Laterite_Zone,Bankura,23.23,87.07,5.44,33.98,26.69,84.5,15.34
2026-07-19,Red_Laterite_Zone,Bankura,23.23,87.07,1.55,32.84,26.04,84.0,16.47
2026-07-20,Red_Laterite_Zone,Bankura,23.23,87.07,18.13,29.82,25.75,90.3,6.77
2026-07-21,Red_Laterite_Zone,Bankura,23.23,87.07,30.17,29.62,25.23,89.6,11.61
2026-07-22,Red_Laterite_Zone,Bankura,23.23,87.07,18.17,29.68,25.12,89.7,10.58
2026-07-23,Red_Laterite_Zone,Bankura,23.23,87.07,12.54,30.15,25.23,87.5,13.03
2026-07-24,Red_Laterite_Zone,Bankura,23.23,87.07,6.44,31.48,24.75,84.5,15.41
2026-07-25,Red_Laterite_Zone,Bankura,23.23,87.07,4.88,30.64,25.52,86.8,16.95
2026-07-26,Red_Laterite_Zone,Bankura,23.23,87.07,9.92,31.5,25.58,86.0,19.32
2026-07-27,Red_Laterite_Zone,Bankura,23.23,87.07,5.33,31.24,25.78,86.1,16.99
2026-07-28,Red_Laterite_Zone,Bankura,23.23,87.07,29.97,29.81,25.61,91.5,15.55
2026-07-29,Red_Laterite_Zone,Bankura,23.23,87.07,12.49,31.54,25.47,86.4,15.68
2026-07-30,Red_Laterite_Zone,Bankura,23.23,87.07,16.7,31.75,25.66,86.8,7.17
2026-07-31,Red_Laterite_Zone,Bankura,23.23,87.07,6.33,31.46,25.71,86.8,14.99
2026-08-01,Red_Laterite_Zone,Bankura,23.23,87.07,7.56,32.41,25.62,87.8,20.33
2026-08-02,Red_Laterite_Zone,Bankura,23.23,87.07,11.12,31.73,26.29,89.9,18.0
2026-08-03,Red_Laterite_Zone,Bankura,23.23,87.07,10.79,33.69,26.72,86.7,12.61
2026-08-04,Red_Laterite_Zone,Bankura,23.23,87.07,12.98,32.46,26.84,89.7,11.87
2026-08-05,Red_Laterite_Zone,Bankura,23.23,87.07,44.21,30.42,26.34,93.0,5.32
2026-08-06,Red_Laterite_Zone,Bankura,23.23,87.07,9.72,30.73,26.14,89.7,17.91
2026-08-07,Red_Laterite_Zone,Bankura,23.23,87.07,12.44,31.23,25.47,89.3,15.5
2026-08-08,Red_Laterite_Zone,Bankura,23.23,87.07,12.92,31.02,25.17,90.4,14.04
2026-08-09,Red_Laterite_Zone,Bankura,23.23,87.07,12.31,32.5,25.73,88.8,17.69
2026-08-10,Red_Laterite_Zone,Bankura,23.23,87.07,7.05,32.22,26.04,88.0,21.4
2026-08-11,Red_Laterite_Zone,Bankura,23.23,87.07,6.86,33.01,25.91,85.4,14.12
2026-08-12,Red_Laterite_Zone,Bankura,23.23,87.07,6.4,31.6,26.36,83.6,14.57
2026-08-13,Red_Laterite_Zone,Bankura,23.23,87.07,16.4,30.66,26.28,90.2,11.61
2026-08-14,Red_Laterite_Zone,Bankura,23.23,87.07,9.41,31.63,26.04,90.5,14.35
2026-08-15,Red_Laterite_Zone,Bankura,23.23,87.07,11.11,31.62,25.84,90.9,16.34
2026-08-16,Red_Laterite_Zone,Bankura,23.23,87.07,6.35,32.39,25.8,87.9,15.16
2026-08-17,Red_Laterite_Zone,Bankura,23.23,87.07,15.81,31.22,26.47,90.1,9.44
2026-08-18,Red_Laterite_Zone,Bankura,23.23,87.07,31.64,28.69,25.35,93.3,8.37
2026-08-19,Red_Laterite_Zone,Bankura,23.23,87.07,6.69,30.73,24.61,90.3,15.17
2026-08-20,Red_Laterite_Zone,Bankura,23.23,87.07,5.92,32.54,25.51,88.2,18.57
2026-08-21,Red_Laterite_Zone,Bankura,23.23,87.07,5.78,33.32,26.35,87.0,18.24
2026-08-22,Red_Laterite_Zone,Bankura,23.23,87.07,5.61,32.71,26.68,88.6,21.52
2026-08-23,Red_Laterite_Zone,Bankura,23.23,87.07,6.0,31.93,25.88,89.3,19.04
2026-08-24,Red_Laterite_Zone,Bankura,23.23,87.07,10.73,31.51,26.21,90.6,11.66
2026-08-25,Red_Laterite_Zone,Bankura,23.23,87.07,8.65,31.03,25.92,91.8,14.54
2026-08-26,Red_Laterite_Zone,Bankura,23.23,87.07,9.05,32.54,26.5,89.2,15.12
2026-08-27,Red_Laterite_Zone,Bankura,23.23,87.07,6.24,34.01,25.76,84.9,19.75
2026-08-28,Red_Laterite_Zone,Bankura,23.23,87.07,7.06,33.09,27.05,87.1,18.05
2026-08-29,Red_Laterite_Zone,Bankura,23.23,87.07,6.09,32.79,26.87,87.8,18.4
2026-08-30,Red_Laterite_Zone,Bankura,23.23,87.07,9.69,31.65,26.85,89.8,14.49
2026-08-31,Red_Laterite_Zone,Bankura,23.23,87.07,24.01,28.55,26.41,95.3,14.96
2026-09-01,Red_Laterite_Zone,Bankura,23.23,87.07,25.75,29.22,25.95,94.7,8.84
2026-09-02,Red_Laterite_Zone,Bankura,23.23,87.07,18.54,29.91,25.41,92.2,6.78
2026-09-03,Red_Laterite_Zone,Bankura,23.23,87.07,8.72,30.86,25.46,90.0,14.66
2026-09-04,Red_Laterite_Zone,Bankura,23.23,87.07,6.08,31.83,24.81,88.3,19.85
2026-09-05,Red_Laterite_Zone,Bankura,23.23,87.07,4.37,32.18,25.64,87.3,17.91
2026-09-06,Red_Laterite_Zone,Bankura,23.23,87.07,3.36,32.37,25.52,86.8,14.53
2026-09-07,Red_Laterite_Zone,Bankura,23.23,87.07,7.55,32.13,26.05,86.9,14.31
2026-09-08,Red_Laterite_Zone,Bankura,23.23,87.07,8.31,32.56,26.21,85.2,5.02
2026-09-09,Red_Laterite_Zone,Bankura,23.23,87.07,9.03,32.14,26.51,86.4,
2026-09-10,Red_Laterite_Zone,Bankura,23.23,87.07,8.69,29.47,26.15,92.3,
2026-01-01,Red_Laterite_Zone,Birbhum_Suri,23.91,87.53,0.0,21.96,7.5,66.6,12.43
2026-01-02,Red_Laterite_Zone,Birbhum_Suri,23.91,87.53,0.0,22.17,8.62,71.1,10.6
2026-01-03,Red_Laterite_Zone,Birbhum_Suri,23.91,87.53,0.0,21.72,9.35,79.8,10.02
2026-01-04,Red_Laterite_Zone,Birbhum_Suri,23.91,87.53,0.0,20.33,9.98,80.4,7.6
2026-01-05,Red_Laterite_Zone,Birbhum_Suri,23.91,87.53,0.0,20.06,7.12,77.3,7.16
2026-01-06,Red_Laterite_Zone,Birbhum_Suri,23.91,87.53,0.0,20.34,6.99,75.9,10.48
2026-01-07,Red_Laterite_Zone,Birbhum_Suri,23.91,87.53,0.0,21.49,7.0,72.8,13.66
2026-01-08,Red_Laterite_Zone,Birbhum_Suri,23.91,87.53,0.0,21.6,7.32,68.8,13.93
2026-01-09,Red_Laterite_Zone,Birbhum_Suri,23.91,87.53,0.0,21.01,6.51,67.0,14.09
2026-01-10,Red_Laterite_Zone,Birbhum_Suri,23.91,87.53,0.0,20.59,6.3,67.0,13.73
2026-01-11,Red_Laterite_Zone,Birbhum_Suri,23.91,87.53,0.0,22.01,6.86,67.4,14.19
2026-01-12,Red_Laterite_Zone,Birbhum_Suri,23.91,87.53,0.0,22.51,8.28,70.6,13.99
2026-01-13,Red_Laterite_Zone,Birbhum_Suri,23.91,87.53,0.0,21.83,7.41,67.0,14.09
2026-01-14,Red_Laterite_Zone,Birbhum_Suri,23.91,87.53,0.0,22.39,7.88,66.8,12.61
2026-01-15,Red_Laterite_Zone,Birbhum_Suri,23.91,87.53,0.0,21.76,7.79,63.9,12.63
2026-01-16,Red_Laterite_Zone,Birbhum_Suri,23.91,87.53,0.0,22.27,7.0,62.4,13.17
2026-01-17,Red_Laterite_Zone,Birbhum_Suri,23.91,87.53,0.0,22.49,7.51,65.1,13.84
2026-01-18,Red_Laterite_Zone,Birbhum_Suri,23.91,87.53,0.0,24.47,8.18,59.2,13.88
2026-01-19,Red_Laterite_Zone,Birbhum_Suri,23.91,87.53,0.0,24.61,9.05,62.3,13.5
2026-01-20,Red_Laterite_Zone,Birbhum_Suri,23.91,87.53,0.0,26.81,10.91,63.8,12.69
2026-01-21,Red_Laterite_Zone,Birbhum_Suri,23.91,87.53,0.0,25.8,11.57,68.4,11.2
2026-01-22,Red_Laterite_Zone,Birbhum_Suri,23.91,87.53,0.0,24.63,9.52,58.4,14.03
2026-01-23,Red_Laterite_Zone,Birbhum_Suri,23.91,87.53,0.0,24.48,9.04,53.9,14.17
2026-01-24,Red_Laterite_Zone,Birbhum_Suri,23.91,87.53,0.0,26.02,11.3,53.5,14.04
2026-01-25,Red_Laterite_Zone,Birbhum_Suri,23.91,87.53,0.0,26.34,11.21,59.9,13.82
2026-01-26,Red_Laterite_Zone,Birbhum_Suri,23.91,87.53,0.0,26.7,12.46,69.3,12.53
2026-01-27,Red_Laterite_Zone,Birbhum_Suri,23.91,87.53,0.0,25.95,11.89,68.5,14.67
2026-01-28,Red_Laterite_Zone,Birbhum_Suri,23.91,87.53,0.0,26.19,11.86,64.7,14.65
2026-01-29,Red_Laterite_Zone,Birbhum_Suri,23.91,87.53,0.0,26.64,13.79,69.3,12.4
2026-01-30,Red_Laterite_Zone,Birbhum_Suri,23.91,87.53,0.0,25.38,11.93,66.8,14.25
2026-01-31,Red_Laterite_Zone,Birbhum_Suri,23.91,87.53,0.0,25.62,10.01,61.3,14.14
2026-02-01,Red_Laterite_Zone,Birbhum_Suri,23.91,87.53,0.0,25.61,10.85,61.3,13.37
2026-02-02,Red_Laterite_Zone,Birbhum_Suri,23.91,87.53,0.0,25.28,10.48,59.5,15.8
2026-02-03,Red_Laterite_Zone,Birbhum_Suri,23.91,87.53,0.0,27.08,11.67,57.2,14.82
2026-02-04,Red_Laterite_Zone,Birbhum_Suri,23.91,87.53,0.0,27.31,12.69,62.0,15.39
2026-02-05,Red_Laterite_Zone,Birbhum_Suri,23.91,87.53,0.0,27.74,11.94,60.2,16.94
2026-02-06,Red_Laterite_Zone,Birbhum_Suri,23.91,87.53,0.0,24.83,9.3,55.9,17.74
2026-02-07,Red_Laterite_Zone,Birbhum_Suri,23.91,87.53,0.0,26.02,9.47,58.5,17.49
2026-02-08,Red_Laterite_Zone,Birbhum_Suri,23.91,87.53,0.0,27.07,10.12,57.8,17.12
2026-02-09,Red_Laterite_Zone,Birbhum_Suri,23.91,87.53,0.0,26.3,11.28,55.1,16.73
2026-02-10,Red_Laterite_Zone,Birbhum_Suri,23.91,87.53,0.0,27.5,10.66,49.6,16.69
2026-02-11,Red_Laterite_Zone,Birbhum_Suri,23.91,87.53,0.0,28.06,10.98,50.7,17.31
2026-02-12,Red_Laterite_Zone,Birbhum_Suri,23.91,87.53,0.0,28.17,11.8,52.9,17.82
2026-02-13,Red_Laterite_Zone,Birbhum_Suri,23.91,87.53,0.0,28.6,11.63,52.9,17.5
2026-02-14,Red_Laterite_Zone,Birbhum_Suri,23.91,87.53,0.0,28.17,12.31,53.6,18.55
2026-02-15,Red_Laterite_Zone,Birbhum_Suri,23.91,87.53,0.0,28.94,11.67,49.1,18.72
2026-02-16,Red_Laterite_Zone,Birbhum_Suri,23.91,87.53,0.0,28.93,11.92,48.2,17.69
2026-02-17,Red_Laterite_Zone,Birbhum_Suri,23.91,87.53,0.0,29.51,12.14,47.6,18.38
2026-02-18,Red_Laterite_Zone,Birbhum_Suri,23.91,87.53,0.0,30.49,12.46,44.5,19.38
2026-02-19,Red_Laterite_Zone,Birbhum_Suri,23.91,87.53,0.0,30.86,13.0,44.2,18.2
2026-02-20,Red_Laterite_Zone,Birbhum_Suri,23.91,87.53,0.0,31.42,15.59,47.8,16.6
2026-02-21,Red_Laterite_Zone,Birbhum_Suri,23.91,87.53,0.0,32.51,15.79,48.9,16.27
2026-02-22,Red_Laterite_Zone,Birbhum_Suri,23.91,87.53,0.0,31.48,17.3,52.0,16.84
2026-02-23,Red_Laterite_Zone,Birbhum_Suri,23.91,87.53,0.07,31.74,16.9,47.3,16.13
2026-02-24,Red_Laterite_Zone,Birbhum_Suri,23.91,87.53,1.58,28.78,16.88,50.9,15.16
2026-02-25,Red_Laterite_Zone,Birbhum_Suri,23.91,87.53,0.0,30.14,15.1,50.5,17.32
2026-02-26,Red_Laterite_Zone,Birbhum_Suri,23.91,87.53,0.0,30.47,14.32,45.1,18.0
2026-02-27,Red_Laterite_Zone,Birbhum_Suri,23.91,87.53,0.0,31.22,13.26,40.4,19.7
2026-02-28,Red_Laterite_Zone,Birbhum_Suri,23.91,87.53,0.0,32.07,14.52,41.1,20.08
2026-03-01,Red_Laterite_Zone,Birbhum_Suri,23.91,87.53,0.0,33.33,16.18,49.7,19.88
2026-03-02,Red_Laterite_Zone,Birbhum_Suri,23.91,87.53,0.0,33.39,18.76,44.3,21.14
2026-03-03,Red_Laterite_Zone,Birbhum_Suri,23.91,87.53,0.0,32.64,14.82,36.3,21.9
2026-03-04,Red_Laterite_Zone,Birbhum_Suri,23.91,87.53,0.0,32.17,17.11,37.2,19.67
2026-03-05,Red_Laterite_Zone,Birbhum_Suri,23.91,87.53,0.0,32.45,17.34,41.3,17.61
2026-03-06,Red_Laterite_Zone,Birbhum_Suri,23.91,87.53,0.0,32.9,20.11,44.7,16.24
2026-03-07,Red_Laterite_Zone,Birbhum_Suri,23.91,87.53,0.0,31.78,17.87,62.9,15.76
2026-03-08,Red_Laterite_Zone,Birbhum_Suri,23.91,87.53,0.0,32.89,19.23,66.6,15.31
2026-03-09,Red_Laterite_Zone,Birbhum_Suri,23.91,87.53,0.03,32.92,19.98,67.4,12.65
2026-03-10,Red_Laterite_Zone,Birbhum_Suri,23.91,87.53,0.03,32.84,20.83,65.1,13.59
2026-03-11,Red_Laterite_Zone,Birbhum_Suri,23.91,87.53,0.84,33.21,20.91,65.8,13.05
2026-03-12,Red_Laterite_Zone,Birbhum_Suri,23.91,87.53,0.08,34.75,21.43,59.1,10.27
2026-03-13,Red_Laterite_Zone,Birbhum_Suri,23.91,87.53,0.01,36.16,19.7,53.3,17.67
2026-03-14,Red_Laterite_Zone,Birbhum_Suri,23.91,87.53,0.0,36.86,20.34,54.0,20.02
2026-03-15,Red_Laterite_Zone,Birbhum_Suri,23.91,87.53,0.82,36.49,21.03,62.1,15.4
2026-03-16,Red_Laterite_Zone,Birbhum_Suri,23.91,87.53,2.19,35.69,20.93,63.4,16.25
2026-03-17,Red_Laterite_Zone,Birbhum_Suri,23.91,87.53,0.11,36.82,20.34,51.8,17.5
2026-03-18,Red_Laterite_Zone,Birbhum_Suri,23.91,87.53,0.17,36.81,20.45,51.5,16.74
2026-03-19,Red_Laterite_Zone,Birbhum_Suri,23.91,87.53,0.41,33.66,22.08,59.3,15.36
2026-03-20,Red_Laterite_Zone,Birbhum_Suri,23.91,87.53,15.5,31.53,20.45,66.9,14.96
2026-03-21,Red_Laterite_Zone,Birbhum_Suri,23.91,87.53,17.85,25.11,18.95,80.3,8.47
2026-03-22,Red_Laterite_Zone,Birbhum_Suri,23.91,87.53,0.07,29.75,16.77,66.0,18.05
2026-03-23,Red_Laterite_Zone,Birbhum_Suri,23.91,87.53,0.0,31.04,17.18,55.0,19.85
2026-03-24,Red_Laterite_Zone,Birbhum_Suri,23.91,87.53,0.0,33.71,18.29,56.0,18.0
2026-03-25,Red_Laterite_Zone,Birbhum_Suri,23.91,87.53,0.0,34.81,20.23,57.4,19.76
2026-03-26,Red_Laterite_Zone,Birbhum_Suri,23.91,87.53,0.0,35.32,21.82,38.8,19.15
2026-03-27,Red_Laterite_Zone,Birbhum_Suri,23.91,87.53,1.46,37.2,19.62,41.1,22.07
2026-03-28,Red_Laterite_Zone,Birbhum_Suri,23.91,87.53,5.02,34.0,20.97,58.6,17.26
2026-03-29,Red_Laterite_Zone,Birbhum_Suri,23.91,87.53,0.05,34.37,20.87,60.7,16.12
2026-03-30,Red_Laterite_Zone,Birbhum_Suri,23.91,87.53,3.17,36.32,21.21,62.7,16.39
2026-03-31,Red_Laterite_Zone,Birbhum_Suri,23.91,87.53,5.36,36.46,22.8,63.4,15.0
2026-04-01,Red_Laterite_Zone,Birbhum_Suri,23.91,87.53,0.25,38.68,22.09,55.6,25.19
2026-04-02,Red_Laterite_Zone,Birbhum_Suri,23.91,87.53,0.27,39.79,21.89,52.3,22.86
2026-04-03,Red_Laterite_Zone,Birbhum_Suri,23.91,87.53,0.0,40.47,22.47,49.7,21.35
2026-04-04,Red_Laterite_Zone,Birbhum_Suri,23.91,87.53,0.0,39.83,23.48,43.0,19.54
2026-04-05,Red_Laterite_Zone,Birbhum_Suri,23.91,87.53,0.7,35.31,23.34,48.6,13.35
2026-04-06,Red_Laterite_Zone,Birbhum_Suri,23.91,87.53,1.03,34.11,22.64,55.3,13.71
2026-04-07,Red_Laterite_Zone,Birbhum_Suri,23.91,87.53,0.4,36.51,22.56,52.2,21.4
2026-04-08,Red_Laterite_Zone,Birbhum_Suri,23.91,87.53,6.68,33.1,21.89,67.5,19.02
2026-04-09,Red_Laterite_Zone,Birbhum_Suri,23.91,87.53,7.85,32.78,21.96,64.6,18.04
2026-04-10,Red_Laterite_Zone,Birbhum_Suri,23.91,87.53,0.03,34.65,18.92,44.0,23.89
2026-04-11,Red_Laterite_Zone,Birbhum_Suri,23.91,87.53,0.02,36.88,17.68,36.5,25.5
2026-04-12,Red_Laterite_Zone,Birbhum_Suri,23.91,87.53,0.0,38.61,18.88,36.9,24.97
2026-04-13,Red_Laterite_Zone,Birbhum_Suri,23.91,87.53,0.0,39.39,21.09,47.9,22.1
2026-04-14,Red_Laterite_Zone,Birbhum_Suri,23.91,87.53,0.0,39.11,21.25,36.5,23.68
2026-04-15,Red_Laterite_Zone,Birbhum_Suri,23.91,87.53,0.0,40.53,20.51,39.8,23.88
2026-04-16,Red_Laterite_Zone,Birbhum_Suri,23.91,87.53,0.01,39.38,24.31,60.7,11.44
2026-04-17,Red_Laterite_Zone,Birbhum_Suri,23.91,87.53,0.0,39.6,25.03,55.9,18.38
2026-04-18,Red_Laterite_Zone,Birbhum_Suri,23.91,87.53,0.45,40.61,25.17,52.8,18.47
2026-04-19,Red_Laterite_Zone,Birbhum_Suri,23.91,87.53,0.06,42.49,24.01,51.4,19.29
2026-04-20,Red_Laterite_Zone,Birbhum_Suri,23.91,87.53,0.04,43.78,24.9,47.9,20.44
2026-04-21,Red_Laterite_Zone,Birbhum_Suri,23.91,87.53,0.0,44.11,24.71,35.3,20.97
2026-04-22,Red_Laterite_Zone,Birbhum_Suri,23.91,87.53,0.0,43.84,23.9,25.7,23.33
2026-04-23,Red_Laterite_Zone,Birbhum_Suri,23.91,87.53,0.0,43.08,24.04,35.7,20.82
2026-04-24,Red_Laterite_Zone,Birbhum_Suri,23.91,87.53,0.0,42.42,24.97,39.6,19.88
2026-04-25,Red_Laterite_Zone,Birbhum_Suri,23.91,87.53,0.0,42.19,25.62,43.7,21.54
2026-04-26,Red_Laterite_Zone,Birbhum_Suri,23.91,87.53,0.33,42.56,25.88,48.0,12.95
2026-04-27,Red_Laterite_Zone,Birbhum_Suri,23.91,87.53,1.38,43.42,26.01,52.5,15.73
2026-04-28,Red_Laterite_Zone,Birbhum_Suri,23.91,87.53,0.88,42.09,26.7,51.2,14.65
2026-04-29,Red_Laterite_Zone,Birbhum_Suri,23.91,87.53,6.31,40.32,25.87,58.3,14.67
2026-04-30,Red_Laterite_Zone,Birbhum_Suri,23.91,87.53,16.34,32.49,24.74,74.4,16.51
2026-05-01,Red_Laterite_Zone,Birbhum_Suri,23.91,87.53,6.62,33.69,23.5,67.6,22.71
2026-05-02,Red_Laterite_Zone,Birbhum_Suri,23.91,87.53,3.3,36.88,22.68,57.7,17.36
2026-05-03,Red_Laterite_Zone,Birbhum_Suri,23.91,87.53,7.29,34.55,23.62,65.8,20.32
2026-05-04,Red_Laterite_Zone,Birbhum_Suri,23.91,87.53,3.29,35.04,24.77,63.5,19.88
2026-05-05,Red_Laterite_Zone,Birbhum_Suri,23.91,87.53,15.56,33.88,23.85,69.8,17.4
2026-05-06,Red_Laterite_Zone,Birbhum_Suri,23.91,87.53,2.8,35.28,23.38,62.4,13.66
2026-05-07,Red_Laterite_Zone,Birbhum_Suri,23.91,87.53,3.07,35.64,23.67,59.0,17.38
2026-05-08,Red_Laterite_Zone,Birbhum_Suri,23.91,87.53,4.52,35.41,23.09,63.0,19.61
2026-05-09,Red_Laterite_Zone,Birbhum_Suri,23.91,87.53,5.08,33.94,23.59,64.7,22.63
2026-05-10,Red_Laterite_Zone,Birbhum_Suri,23.91,87.53,3.8,34.18,23.18,63.4,20.64
2026-05-11,Red_Laterite_Zone,Birbhum_Suri,23.91,87.53,0.0,35.12,23.41,61.3,21.39
2026-05-12,Red_Laterite_Zone,Birbhum_Suri,23.91,87.53,1.52,35.14,23.79,65.3,17.09
2026-05-13,Red_Laterite_Zone,Birbhum_Suri,23.91,87.53,4.6,37.34,24.81,64.7,20.22
2026-05-14,Red_Laterite_Zone,Birbhum_Suri,23.91,87.53,5.8,39.0,25.08,62.5,23.91
2026-05-15,Red_Laterite_Zone,Birbhum_Suri,23.91,87.53,0.98,40.11,25.7,60.7,19.69
2026-05-16,Red_Laterite_Zone,Birbhum_Suri,23.91,87.53,2.72,41.14,26.6,55.7,23.24
2026-05-17,Red_Laterite_Zone,Birbhum_Suri,23.91,87.53,0.58,42.0,25.86,53.6,19.94
2026-05-18,Red_Laterite_Zone,Birbhum_Suri,23.91,87.53,0.0,43.15,26.21,46.1,21.41
2026-05-19,Red_Laterite_Zone,Birbhum_Suri,23.91,87.53,1.16,41.26,26.85,57.5,16.14
2026-05-20,Red_Laterite_Zone,Birbhum_Suri,23.91,87.53,0.3,40.55,26.87,59.0,18.51
2026-05-21,Red_Laterite_Zone,Birbhum_Suri,23.91,87.53,5.52,41.6,27.75,58.7,18.88
2026-05-22,Red_Laterite_Zone,Birbhum_Suri,23.91,87.53,0.13,42.6,27.23,56.5,15.92
2026-05-23,Red_Laterite_Zone,Birbhum_Suri,23.91,87.53,0.9,43.68,27.6,49.8,16.68
2026-05-24,Red_Laterite_Zone,Birbhum_Suri,23.91,87.53,1.88,42.88,27.68,54.9,21.02
2026-05-25,Red_Laterite_Zone,Birbhum_Suri,23.91,87.53,0.12,43.53,27.91,52.4,21.58
2026-05-26,Red_Laterite_Zone,Birbhum_Suri,23.91,87.53,11.69,38.85,27.53,63.3,19.7
2026-05-27,Red_Laterite_Zone,Birbhum_Suri,23.91,87.53,12.13,39.49,25.95,63.9,17.45
2026-05-28,Red_Laterite_Zone,Birbhum_Suri,23.91,87.53,4.63,36.89,26.01,68.8,18.93
2026-05-29,Red_Laterite_Zone,Birbhum_Suri,23.91,87.53,16.66,34.38,25.76,71.6,10.54
2026-05-30,Red_Laterite_Zone,Birbhum_Suri,23.91,87.53,6.17,34.79,25.18,70.1,19.49
2026-05-31,Red_Laterite_Zone,Birbhum_Suri,23.91,87.53,0.4,35.14,26.23,66.8,21.86
2026-06-01,Red_Laterite_Zone,Birbhum_Suri,23.91,87.53,0.0,39.34,25.92,57.7,22.64
2026-06-02,Red_Laterite_Zone,Birbhum_Suri,23.91,87.53,0.0,39.42,27.25,55.8,21.85
2026-06-03,Red_Laterite_Zone,Birbhum_Suri,23.91,87.53,0.02,39.71,27.44,54.6,22.04
2026-06-04,Red_Laterite_Zone,Birbhum_Suri,23.91,87.53,5.12,38.43,27.86,61.1,22.87
2026-06-05,Red_Laterite_Zone,Birbhum_Suri,23.91,87.53,14.43,36.94,27.47,66.7,20.49
2026-06-06,Red_Laterite_Zone,Birbhum_Suri,23.91,87.53,7.35,37.82,27.63,65.9,19.66
2026-06-07,Red_Laterite_Zone,Birbhum_Suri,23.91,87.53,6.93,37.96,26.94,66.8,15.45
2026-06-08,Red_Laterite_Zone,Birbhum_Suri,23.91,87.53,0.46,40.68,27.39,58.6,23.27
2026-06-09,Red_Laterite_Zone,Birbhum_Suri,23.91,87.53,1.62,41.45,27.65,59.1,18.1
2026-06-10,Red_Laterite_Zone,Birbhum_Suri,23.91,87.53,11.36,40.37,26.85,67.0,9.3
2026-06-11,Red_Laterite_Zone,Birbhum_Suri,23.91,87.53,10.98,34.22,26.77,77.1,17.43
2026-06-12,Red_Laterite_Zone,Birbhum_Suri,23.91,87.53,6.54,33.17,25.79,75.2,21.97
2026-06-13,Red_Laterite_Zone,Birbhum_Suri,23.91,87.53,1.54,36.24,26.15,69.1,19.79
2026-06-14,Red_Laterite_Zone,Birbhum_Suri,23.91,87.53,0.74,38.01,26.27,63.5,22.98
2026-06-15,Red_Laterite_Zone,Birbhum_Suri,23.91,87.53,0.29,37.93,26.92,65.3,22.38
2026-06-16,Red_Laterite_Zone,Birbhum_Suri,23.91,87.53,3.3,37.7,26.83,66.7,22.1
2026-06-17,Red_Laterite_Zone,Birbhum_Suri,23.91,87.53,16.51,36.73,26.65,70.0,21.86
2026-06-18,Red_Laterite_Zone,Birbhum_Suri,23.91,87.53,0.84,35.22,27.25,70.9,19.57
2026-06-19,Red_Laterite_Zone,Birbhum_Suri,23.91,87.53,11.1,33.61,26.91,77.1,2.94
2026-06-20,Red_Laterite_Zone,Birbhum_Suri,23.91,87.53,1.04,37.5,25.71,69.6,22.79
2026-06-21,Red_Laterite_Zone,Birbhum_Suri,23.91,87.53,9.92,35.02,26.64,78.0,8.6
2026-06-22,Red_Laterite_Zone,Birbhum_Suri,23.91,87.53,0.31,35.16,26.42,74.7,16.34
2026-06-23,Red_Laterite_Zone,Birbhum_Suri,23.91,87.53,0.18,38.72,25.94,67.9,21.37
2026-06-24,Red_Laterite_Zone,Birbhum_Suri,23.91,87.53,12.87,35.84,27.05,70.1,22.56
2026-06-25,Red_Laterite_Zone,Birbhum_Suri,23.91,87.53,2.7,36.54,26.17,71.4,19.0
2026-06-26,Red_Laterite_Zone,Birbhum_Suri,23.91,87.53,3.07,36.04,26.53,71.2,20.67
2026-06-27,Red_Laterite_Zone,Birbhum_Suri,23.91,87.53,0.11,37.46,26.1,68.6,20.9
2026-06-28,Red_Laterite_Zone,Birbhum_Suri,23.91,87.53,1.89,35.75,27.06,72.0,16.57
2026-06-29,Red_Laterite_Zone,Birbhum_Suri,23.91,87.53,20.13,33.06,27.28,84.8,14.55
2026-06-30,Red_Laterite_Zone,Birbhum_Suri,23.91,87.53,18.9,31.87,26.94,85.1,16.56
2026-07-01,Red_Laterite_Zone,Birbhum_Suri,23.91,87.53,5.59,33.25,26.33,81.1,18.55
2026-07-02,Red_Laterite_Zone,Birbhum_Suri,23.91,87.53,9.86,31.88,26.03,84.1,20.4
2026-07-03,Red_Laterite_Zone,Birbhum_Suri,23.91,87.53,0.58,33.32,26.51,81.6,19.88
2026-07-04,Red_Laterite_Zone,Birbhum_Suri,23.91,87.53,2.47,33.52,26.54,80.2,18.66
2026-07-05,Red_Laterite_Zone,Birbhum_Suri,23.91,87.53,9.35,33.72,26.64,84.2,9.41
2026-07-06,Red_Laterite_Zone,Birbhum_Suri,23.91,87.53,9.86,33.35,25.89,84.0,5.28
2026-07-07,Red_Laterite_Zone,Birbhum_Suri,23.91,87.53,4.85,32.13,26.24,83.0,7.42
2026-07-08,Red_Laterite_Zone,Birbhum_Suri,23.91,87.53,3.72,34.39,26.7,80.5,9.23
2026-07-09,Red_Laterite_Zone,Birbhum_Suri,23.91,87.53,4.21,34.55,26.64,80.6,6.32
2026-07-10,Red_Laterite_Zone,Birbhum_Suri,23.91,87.53,38.96,32.02,26.74,87.1,2.94
2026-07-11,Red_Laterite_Zone,Birbhum_Suri,23.91,87.53,6.91,32.88,26.65,82.7,14.18
2026-07-12,Red_Laterite_Zone,Birbhum_Suri,23.91,87.53,1.05,35.0,26.51,78.1,7.85
2026-07-13,Red_Laterite_Zone,Birbhum_Suri,23.91,87.53,20.89,31.84,26.82,83.8,5.07
2026-07-14,Red_Laterite_Zone,Birbhum_Suri,23.91,87.53,25.83,33.42,26.31,80.0,5.61
2026-07-15,Red_Laterite_Zone,Birbhum_Suri,23.91,87.53,2.86,33.73,26.96,82.0,20.44
2026-07-16,Red_Laterite_Zone,Birbhum_Suri,23.91,87.53,1.06,33.69,26.21,81.7,17.87
2026-07-17,Red_Laterite_Zone,Birbhum_Suri,23.91,87.53,5.0,33.73,26.07,84.0,11.43
2026-07-18,Red_Laterite_Zone,Birbhum_Suri,23.91,87.53,4.04,34.4,26.58,83.4,15.34
2026-07-19,Red_Laterite_Zone,Birbhum_Suri,23.91,87.53,7.48,31.47,26.16,85.2,16.47
2026-07-20,Red_Laterite_Zone,Birbhum_Suri,23.91,87.53,21.68,30.07,25.9,90.3,6.77
2026-07-21,Red_Laterite_Zone,Birbhum_Suri,23.91,87.53,17.8,29.48,25.38,90.4,11.61
2026-07-22,Red_Laterite_Zone,Birbhum_Suri,23.91,87.53,20.97,30.13,25.26,88.8,10.58
2026-07-23,Red_Laterite_Zone,Birbhum_Suri,23.91,87.53,8.66,31.3,25.23,85.7,13.03
2026-07-24,Red_Laterite_Zone,Birbhum_Suri,23.91,87.53,8.32,32.35,25.31,83.8,15.41
2026-07-25,Red_Laterite_Zone,Birbhum_Suri,23.91,87.53,1.57,32.05,25.75,84.3,16.95
2026-07-26,Red_Laterite_Zone,Birbhum_Suri,23.91,87.53,1.97,32.68,25.05,84.0,19.32
2026-07-27,Red_Laterite_Zone,Birbhum_Suri,23.91,87.53,2.11,32.42,25.98,84.6,16.99
2026-07-28,Red_Laterite_Zone,Birbhum_Suri,23.91,87.53,6.56,31.91,25.83,86.1,15.55
2026-07-29,Red_Laterite_Zone,Birbhum_Suri,23.91,87.53,5.1,32.44,25.65,84.2,15.68
2026-07-30,Red_Laterite_Zone,Birbhum_Suri,23.91,87.53,7.09,32.31,26.06,86.0,7.17
2026-07-31,Red_Laterite_Zone,Birbhum_Suri,23.91,87.53,5.85,32.27,25.85,85.0,14.99
2026-08-01,Red_Laterite_Zone,Birbhum_Suri,23.91,87.53,6.8,32.98,25.54,87.0,20.33
2026-08-02,Red_Laterite_Zone,Birbhum_Suri,23.91,87.53,17.08,29.87,26.15,93.2,18.0
2026-08-03,Red_Laterite_Zone,Birbhum_Suri,23.91,87.53,8.0,32.03,26.5,89.6,12.61
2026-08-04,Red_Laterite_Zone,Birbhum_Suri,23.91,87.53,9.41,32.48,26.65,89.5,11.87
2026-08-05,Red_Laterite_Zone,Birbhum_Suri,23.91,87.53,14.83,29.23,26.11,93.3,5.32
2026-08-06,Red_Laterite_Zone,Birbhum_Suri,23.91,87.53,30.39,30.34,26.52,92.2,17.91
2026-08-07,Red_Laterite_Zone,Birbhum_Suri,23.91,87.53,13.21,30.77,25.7,89.7,15.5
2026-08-08,Red_Laterite_Zone,Birbhum_Suri,23.91,87.53,8.78,31.69,25.39,89.8,14.04
2026-08-09,Red_Laterite_Zone,Birbhum_Suri,23.91,87.53,8.18,32.57,25.57,87.6,17.69
2026-08-10,Red_Laterite_Zone,Birbhum_Suri,23.91,87.53,5.81,31.59,26.11,86.5,21.4
2026-08-11,Red_Laterite_Zone,Birbhum_Suri,23.91,87.53,4.08,33.53,25.86,81.1,14.12
2026-08-12,Red_Laterite_Zone,Birbhum_Suri,23.91,87.53,5.23,31.76,26.58,87.2,14.57
2026-08-13,Red_Laterite_Zone,Birbhum_Suri,23.91,87.53,10.68,31.27,26.68,89.7,11.61
2026-08-14,Red_Laterite_Zone,Birbhum_Suri,23.91,87.53,9.68,32.03,25.68,89.8,14.35
2026-08-15,Red_Laterite_Zone,Birbhum_Suri,23.91,87.53,6.84,32.27,25.7,89.5,16.34
2026-08-16,Red_Laterite_Zone,Birbhum_Suri,23.91,87.53,5.65,32.01,26.3,88.5,15.16
2026-08-17,Red_Laterite_Zone,Birbhum_Suri,23.91,87.53,10.32,30.13,25.85,92.6,9.44
2026-08-18,Red_Laterite_Zone,Birbhum_Suri,23.91,87.53,26.37,28.26,26.07,94.9,8.37
2026-08-19,Red_Laterite_Zone,Birbhum_Suri,23.91,87.53,8.8,31.63,25.75,89.8,15.17
2026-08-20,Red_Laterite_Zone,Birbhum_Suri,23.91,87.53,6.76,32.07,25.57,88.9,18.57
2026-08-21,Red_Laterite_Zone,Birbhum_Suri,23.91,87.53,3.17,32.67,25.86,88.5,18.24
2026-08-22,Red_Laterite_Zone,Birbhum_Suri,23.91,87.53,2.94,32.66,26.11,88.5,21.52
2026-08-23,Red_Laterite_Zone,Birbhum_Suri,23.91,87.53,5.21,32.64,26.53,88.7,19.04
2026-08-24,Red_Laterite_Zone,Birbhum_Suri,23.91,87.53,10.4,31.46,26.21,91.3,11.66
2026-08-25,Red_Laterite_Zone,Birbhum_Suri,23.91,87.53,8.31,31.99,26.0,90.8,14.54
2026-08-26,Red_Laterite_Zone,Birbhum_Suri,23.91,87.53,7.02,32.02,26.29,90.9,15.12
2026-08-27,Red_Laterite_Zone,Birbhum_Suri,23.91,87.53,7.6,33.73,26.92,87.5,19.75
2026-08-28,Red_Laterite_Zone,Birbhum_Suri,23.91,87.53,6.18,33.35,26.56,87.1,18.05
2026-08-29,Red_Laterite_Zone,Birbhum_Suri,23.91,87.53,5.13,32.95,26.89,87.4,18.4
2026-08-30,Red_Laterite_Zone,Birbhum_Suri,23.91,87.53,7.72,32.02,26.55,89.1,14.49
2026-08-31,Red_Laterite_Zone,Birbhum_Suri,23.91,87.53,12.76,30.6,26.17,92.3,14.96
2026-09-01,Red_Laterite_Zone,Birbhum_Suri,23.91,87.53,24.04,30.13,25.8,93.7,8.84
2026-09-02,Red_Laterite_Zone,Birbhum_Suri,23.91,87.53,31.74,29.8,25.47,93.5,6.78
2026-09-03,Red_Laterite_Zone,Birbhum_Suri,23.91,87.53,15.92,31.34,25.39,90.8,14.66
2026-09-04,Red_Laterite_Zone,Birbhum_Suri,23.91,87.53,10.09,31.26,25.25,89.8,19.85
2026-09-05,Red_Laterite_Zone,Birbhum_Suri,23.91,87.53,9.95,30.99,25.51,90.4,17.91
2026-09-06,Red_Laterite_Zone,Birbhum_Suri,23.91,87.53,3.92,31.86,26.04,89.5,14.53
2026-09-07,Red_Laterite_Zone,Birbhum_Suri,23.91,87.53,6.2,32.33,26.51,87.3,14.31
2026-09-08,Red_Laterite_Zone,Birbhum_Suri,23.91,87.53,5.27,32.5,26.34,85.4,5.02
2026-09-09,Red_Laterite_Zone,Birbhum_Suri,23.91,87.53,4.61,32.49,26.62,84.7,
2026-09-10,Red_Laterite_Zone,Birbhum_Suri,23.91,87.53,4.82,31.14,26.26,90.2,
2026-01-01,Terai_Teesta_Alluvial_Zone,Cooch_Behar,26.32,89.45,0.0,21.4,11.18,74.5,13.27
2026-01-02,Terai_Teesta_Alluvial_Zone,Cooch_Behar,26.32,89.45,0.0,21.86,12.48,74.6,13.09
2026-01-03,Terai_Teesta_Alluvial_Zone,Cooch_Behar,26.32,89.45,0.0,21.02,12.87,75.7,10.87
2026-01-04,Terai_Teesta_Alluvial_Zone,Cooch_Behar,26.32,89.45,0.0,20.47,11.61,74.2,6.41
2026-01-05,Terai_Teesta_Alluvial_Zone,Cooch_Behar,26.32,89.45,0.0,20.44,9.89,73.3,8.15
2026-01-06,Terai_Teesta_Alluvial_Zone,Cooch_Behar,26.32,89.45,0.0,20.66,9.46,71.9,10.28
2026-01-07,Terai_Teesta_Alluvial_Zone,Cooch_Behar,26.32,89.45,0.0,21.38,8.83,67.4,13.4
2026-01-08,Terai_Teesta_Alluvial_Zone,Cooch_Behar,26.32,89.45,0.0,21.85,10.38,65.3,14.37
2026-01-09,Terai_Teesta_Alluvial_Zone,Cooch_Behar,26.32,89.45,0.0,22.26,11.14,64.0,14.32
2026-01-10,Terai_Teesta_Alluvial_Zone,Cooch_Behar,26.32,89.45,0.0,21.43,10.14,63.2,12.18
2026-01-11,Terai_Teesta_Alluvial_Zone,Cooch_Behar,26.32,89.45,0.0,22.72,11.11,62.1,13.0
2026-01-12,Terai_Teesta_Alluvial_Zone,Cooch_Behar,26.32,89.45,0.0,24.0,12.24,60.1,14.89
2026-01-13,Terai_Teesta_Alluvial_Zone,Cooch_Behar,26.32,89.45,0.0,23.23,11.99,57.5,15.59
2026-01-14,Terai_Teesta_Alluvial_Zone,Cooch_Behar,26.32,89.45,0.0,23.57,11.32,63.8,14.48
2026-01-15,Terai_Teesta_Alluvial_Zone,Cooch_Behar,26.32,89.45,0.0,23.21,12.39,63.5,14.19
2026-01-16,Terai_Teesta_Alluvial_Zone,Cooch_Behar,26.32,89.45,0.0,23.86,12.97,60.6,14.03
2026-01-17,Terai_Teesta_Alluvial_Zone,Cooch_Behar,26.32,89.45,0.0,23.71,12.82,61.0,14.54
2026-01-18,Terai_Teesta_Alluvial_Zone,Cooch_Behar,26.32,89.45,0.0,24.21,12.36,63.1,13.62
2026-01-19,Terai_Teesta_Alluvial_Zone,Cooch_Behar,26.32,89.45,0.0,24.16,13.06,63.7,13.74
2026-01-20,Terai_Teesta_Alluvial_Zone,Cooch_Behar,26.32,89.45,0.0,23.83,11.96,65.9,11.99
2026-01-21,Terai_Teesta_Alluvial_Zone,Cooch_Behar,26.32,89.45,0.0,24.14,11.72,65.7,12.1
2026-01-22,Terai_Teesta_Alluvial_Zone,Cooch_Behar,26.32,89.45,0.0,23.45,11.24,63.5,12.9
2026-01-23,Terai_Teesta_Alluvial_Zone,Cooch_Behar,26.32,89.45,0.0,24.36,13.28,64.6,14.86
2026-01-24,Terai_Teesta_Alluvial_Zone,Cooch_Behar,26.32,89.45,0.0,25.07,14.21,61.9,15.34
2026-01-25,Terai_Teesta_Alluvial_Zone,Cooch_Behar,26.32,89.45,0.0,23.39,12.57,64.9,13.23
2026-01-26,Terai_Teesta_Alluvial_Zone,Cooch_Behar,26.32,89.45,0.0,23.59,11.95,67.6,12.9
2026-01-27,Terai_Teesta_Alluvial_Zone,Cooch_Behar,26.32,89.45,0.0,24.17,12.64,65.0,14.94
2026-01-28,Terai_Teesta_Alluvial_Zone,Cooch_Behar,26.32,89.45,0.06,24.51,13.86,63.5,14.21
2026-01-29,Terai_Teesta_Alluvial_Zone,Cooch_Behar,26.32,89.45,0.03,25.21,12.8,65.6,13.91
2026-01-30,Terai_Teesta_Alluvial_Zone,Cooch_Behar,26.32,89.45,0.0,24.09,12.41,64.4,11.22
2026-01-31,Terai_Teesta_Alluvial_Zone,Cooch_Behar,26.32,89.45,0.0,24.65,12.84,63.1,12.81
2026-02-01,Terai_Teesta_Alluvial_Zone,Cooch_Behar,26.32,89.45,0.0,24.71,14.53,64.8,12.39
2026-02-02,Terai_Teesta_Alluvial_Zone,Cooch_Behar,26.32,89.45,0.0,25.63,13.96,62.0,14.49
2026-02-03,Terai_Teesta_Alluvial_Zone,Cooch_Behar,26.32,89.45,0.0,25.46,14.33,65.5,15.95
2026-02-04,Terai_Teesta_Alluvial_Zone,Cooch_Behar,26.32,89.45,0.0,26.74,14.69,55.2,16.07
2026-02-05,Terai_Teesta_Alluvial_Zone,Cooch_Behar,26.32,89.45,0.0,25.84,11.22,55.3,16.6
2026-02-06,Terai_Teesta_Alluvial_Zone,Cooch_Behar,26.32,89.45,0.0,24.75,11.47,54.0,14.29
2026-02-07,Terai_Teesta_Alluvial_Zone,Cooch_Behar,26.32,89.45,0.0,23.89,12.63,55.4,14.27
2026-02-08,Terai_Teesta_Alluvial_Zone,Cooch_Behar,26.32,89.45,0.0,25.35,12.71,57.4,13.25
2026-02-09,Terai_Teesta_Alluvial_Zone,Cooch_Behar,26.32,89.45,0.0,25.39,12.64,56.6,15.59
2026-02-10,Terai_Teesta_Alluvial_Zone,Cooch_Behar,26.32,89.45,0.0,26.8,14.14,55.8,16.96
2026-02-11,Terai_Teesta_Alluvial_Zone,Cooch_Behar,26.32,89.45,0.0,26.64,13.66,56.5,16.72
2026-02-12,Terai_Teesta_Alluvial_Zone,Cooch_Behar,26.32,89.45,0.0,26.37,13.52,54.7,15.12
2026-02-13,Terai_Teesta_Alluvial_Zone,Cooch_Behar,26.32,89.45,0.0,27.44,13.03,53.4,15.08
2026-02-14,Terai_Teesta_Alluvial_Zone,Cooch_Behar,26.32,89.45,0.0,27.44,14.29,50.0,16.05
2026-02-15,Terai_Teesta_Alluvial_Zone,Cooch_Behar,26.32,89.45,0.0,27.07,13.8,52.8,15.71
2026-02-16,Terai_Teesta_Alluvial_Zone,Cooch_Behar,26.32,89.45,0.0,26.88,13.65,55.9,15.49
2026-02-17,Terai_Teesta_Alluvial_Zone,Cooch_Behar,26.32,89.45,0.0,29.12,15.45,51.2,19.07
2026-02-18,Terai_Teesta_Alluvial_Zone,Cooch_Behar,26.32,89.45,0.0,29.75,16.23,49.5,19.72
2026-02-19,Terai_Teesta_Alluvial_Zone,Cooch_Behar,26.32,89.45,0.0,30.53,16.43,49.6,19.08
2026-02-20,Terai_Teesta_Alluvial_Zone,Cooch_Behar,26.32,89.45,0.0,31.19,17.67,46.2,18.39
2026-02-21,Terai_Teesta_Alluvial_Zone,Cooch_Behar,26.32,89.45,0.0,30.9,16.88,43.4,15.42
2026-02-22,Terai_Teesta_Alluvial_Zone,Cooch_Behar,26.32,89.45,0.0,29.87,15.65,42.3,16.57
2026-02-23,Terai_Teesta_Alluvial_Zone,Cooch_Behar,26.32,89.45,0.0,28.75,15.01,44.9,14.85
2026-02-24,Terai_Teesta_Alluvial_Zone,Cooch_Behar,26.32,89.45,0.4,28.45,14.93,51.1,13.32
2026-02-25,Terai_Teesta_Alluvial_Zone,Cooch_Behar,26.32,89.45,0.41,28.73,17.45,51.6,14.74
2026-02-26,Terai_Teesta_Alluvial_Zone,Cooch_Behar,26.32,89.45,0.04,28.55,15.27,50.5,14.42
2026-02-27,Terai_Teesta_Alluvial_Zone,Cooch_Behar,26.32,89.45,0.28,28.02,15.17,47.2,12.92
2026-02-28,Terai_Teesta_Alluvial_Zone,Cooch_Behar,26.32,89.45,0.97,28.24,15.25,48.5,11.02
2026-03-01,Terai_Teesta_Alluvial_Zone,Cooch_Behar,26.32,89.45,1.22,28.77,14.58,52.4,18.45
2026-03-02,Terai_Teesta_Alluvial_Zone,Cooch_Behar,26.32,89.45,0.68,29.98,15.41,49.7,18.4
2026-03-03,Terai_Teesta_Alluvial_Zone,Cooch_Behar,26.32,89.45,0.02,29.14,14.96,50.1,14.96
2026-03-04,Terai_Teesta_Alluvial_Zone,Cooch_Behar,26.32,89.45,0.0,30.59,16.22,46.9,17.34
2026-03-05,Terai_Teesta_Alluvial_Zone,Cooch_Behar,26.32,89.45,0.0,31.45,17.8,49.5,16.39
2026-03-06,Terai_Teesta_Alluvial_Zone,Cooch_Behar,26.32,89.45,0.0,33.05,18.87,46.4,15.57
2026-03-07,Terai_Teesta_Alluvial_Zone,Cooch_Behar,26.32,89.45,0.0,32.25,19.49,47.0,14.66
2026-03-08,Terai_Teesta_Alluvial_Zone,Cooch_Behar,26.32,89.45,0.0,31.9,19.67,51.9,13.84
2026-03-09,Terai_Teesta_Alluvial_Zone,Cooch_Behar,26.32,89.45,0.33,30.76,20.31,57.1,11.94
2026-03-10,Terai_Teesta_Alluvial_Zone,Cooch_Behar,26.32,89.45,0.2,31.98,20.43,52.3,13.96
2026-03-11,Terai_Teesta_Alluvial_Zone,Cooch_Behar,26.32,89.45,0.97,32.57,20.06,55.4,12.76
2026-03-12,Terai_Teesta_Alluvial_Zone,Cooch_Behar,26.32,89.45,25.96,28.19,21.58,77.2,9.08
2026-03-13,Terai_Teesta_Alluvial_Zone,Cooch_Behar,26.32,89.45,33.15,26.7,19.41,80.3,5.67
2026-03-14,Terai_Teesta_Alluvial_Zone,Cooch_Behar,26.32,89.45,1.35,29.77,18.78,70.2,9.64
2026-03-15,Terai_Teesta_Alluvial_Zone,Cooch_Behar,26.32,89.45,14.8,28.37,18.64,65.8,7.95
2026-03-16,Terai_Teesta_Alluvial_Zone,Cooch_Behar,26.32,89.45,3.36,29.24,17.64,63.0,16.45
2026-03-17,Terai_Teesta_Alluvial_Zone,Cooch_Behar,26.32,89.45,4.71,29.91,17.09,56.5,18.45
2026-03-18,Terai_Teesta_Alluvial_Zone,Cooch_Behar,26.32,89.45,4.29,31.25,15.91,52.8,17.27
2026-03-19,Terai_Teesta_Alluvial_Zone,Cooch_Behar,26.32,89.45,11.65,29.68,16.76,63.4,16.32
2026-03-20,Terai_Teesta_Alluvial_Zone,Cooch_Behar,26.32,89.45,12.13,26.87,18.36,78.8,15.22
2026-03-21,Terai_Teesta_Alluvial_Zone,Cooch_Behar,26.32,89.45,21.82,24.62,19.04,82.7,3.7
2026-03-22,Terai_Teesta_Alluvial_Zone,Cooch_Behar,26.32,89.45,2.06,24.71,17.6,75.7,13.59
2026-03-23,Terai_Teesta_Alluvial_Zone,Cooch_Behar,26.32,89.45,1.09,25.46,15.87,75.0,13.97
2026-03-24,Terai_Teesta_Alluvial_Zone,Cooch_Behar,26.32,89.45,9.5,26.68,17.68,71.5,10.3
2026-03-25,Terai_Teesta_Alluvial_Zone,Cooch_Behar,26.32,89.45,1.73,28.77,16.87,62.1,15.52
2026-03-26,Terai_Teesta_Alluvial_Zone,Cooch_Behar,26.32,89.45,4.7,28.67,16.48,61.8,14.99
2026-03-27,Terai_Teesta_Alluvial_Zone,Cooch_Behar,26.32,89.45,2.57,29.92,17.84,63.2,12.03
2026-03-28,Terai_Teesta_Alluvial_Zone,Cooch_Behar,26.32,89.45,28.73,24.58,18.12,78.2,8.72
2026-03-29,Terai_Teesta_Alluvial_Zone,Cooch_Behar,26.32,89.45,5.28,26.21,16.94,77.4,9.5
2026-03-30,Terai_Teesta_Alluvial_Zone,Cooch_Behar,26.32,89.45,1.26,27.83,17.43,77.5,7.17
2026-03-31,Terai_Teesta_Alluvial_Zone,Cooch_Behar,26.32,89.45,10.36,28.95,18.8,76.5,10.28
2026-04-01,Terai_Teesta_Alluvial_Zone,Cooch_Behar,26.32,89.45,34.13,28.6,20.11,78.0,14.96
2026-04-02,Terai_Teesta_Alluvial_Zone,Cooch_Behar,26.32,89.45,0.01,32.26,18.82,62.5,20.21
2026-04-03,Terai_Teesta_Alluvial_Zone,Cooch_Behar,26.32,89.45,0.04,31.35,18.27,65.6,15.0
2026-04-04,Terai_Teesta_Alluvial_Zone,Cooch_Behar,26.32,89.45,0.64,31.5,20.06,67.4,12.75
2026-04-05,Terai_Teesta_Alluvial_Zone,Cooch_Behar,26.32,89.45,0.33,31.55,19.15,64.1,13.8
2026-04-06,Terai_Teesta_Alluvial_Zone,Cooch_Behar,26.32,89.45,0.11,31.33,18.29,65.2,19.38
2026-04-07,Terai_Teesta_Alluvial_Zone,Cooch_Behar,26.32,89.45,0.68,30.51,18.37,65.0,18.98
2026-04-08,Terai_Teesta_Alluvial_Zone,Cooch_Behar,26.32,89.45,0.83,28.55,17.7,67.2,17.25
2026-04-09,Terai_Teesta_Alluvial_Zone,Cooch_Behar,26.32,89.45,15.09,27.31,19.15,71.4,15.2
2026-04-10,Terai_Teesta_Alluvial_Zone,Cooch_Behar,26.32,89.45,7.55,27.49,17.39,64.1,15.26
2026-04-11,Terai_Teesta_Alluvial_Zone,Cooch_Behar,26.32,89.45,1.01,29.22,15.83,58.6,19.75
2026-04-12,Terai_Teesta_Alluvial_Zone,Cooch_Behar,26.32,89.45,1.35,29.44,16.9,64.7,17.09
2026-04-13,Terai_Teesta_Alluvial_Zone,Cooch_Behar,26.32,89.45,1.1,31.13,18.02,64.2,19.32
2026-04-14,Terai_Teesta_Alluvial_Zone,Cooch_Behar,26.32,89.45,1.07,30.9,17.89,64.5,16.63
2026-04-15,Terai_Teesta_Alluvial_Zone,Cooch_Behar,26.32,89.45,0.89,31.27,18.75,68.3,12.05
2026-04-16,Terai_Teesta_Alluvial_Zone,Cooch_Behar,26.32,89.45,2.99,31.0,19.52,72.3,13.67
2026-04-17,Terai_Teesta_Alluvial_Zone,Cooch_Behar,26.32,89.45,2.28,31.29,20.25,72.7,16.43
2026-04-18,Terai_Teesta_Alluvial_Zone,Cooch_Behar,26.32,89.45,23.2,29.7,21.17,80.7,9.81
2026-04-19,Terai_Teesta_Alluvial_Zone,Cooch_Behar,26.32,89.45,4.96,31.26,21.5,79.5,10.69
2026-04-20,Terai_Teesta_Alluvial_Zone,Cooch_Behar,26.32,89.45,13.2,31.57,21.48,78.6,12.64
2026-04-21,Terai_Teesta_Alluvial_Zone,Cooch_Behar,26.32,89.45,8.04,34.55,20.87,60.4,13.26
2026-04-22,Terai_Teesta_Alluvial_Zone,Cooch_Behar,26.32,89.45,6.04,33.31,20.18,65.0,17.54
2026-04-23,Terai_Teesta_Alluvial_Zone,Cooch_Behar,26.32,89.45,4.52,31.62,21.18,75.4,15.36
2026-04-24,Terai_Teesta_Alluvial_Zone,Cooch_Behar,26.32,89.45,4.65,31.89,22.14,78.8,14.11
2026-04-25,Terai_Teesta_Alluvial_Zone,Cooch_Behar,26.32,89.45,21.97,31.29,23.0,83.5,14.06
2026-04-26,Terai_Teesta_Alluvial_Zone,Cooch_Behar,26.32,89.45,34.53,28.47,21.83,86.9,3.39
2026-04-27,Terai_Teesta_Alluvial_Zone,Cooch_Behar,26.32,89.45,7.7,28.87,20.06,83.8,6.75
2026-04-28,Terai_Teesta_Alluvial_Zone,Cooch_Behar,26.32,89.45,24.09,30.83,21.62,83.9,12.73
2026-04-29,Terai_Teesta_Alluvial_Zone,Cooch_Behar,26.32,89.45,50.77,28.36,21.96,88.2,6.16
2026-04-30,Terai_Teesta_Alluvial_Zone,Cooch_Behar,26.32,89.45,25.52,25.13,20.71,91.2,14.52
2026-05-01,Terai_Teesta_Alluvial_Zone,Cooch_Behar,26.32,89.45,14.71,24.91,18.85,87.9,15.52
2026-05-02,Terai_Teesta_Alluvial_Zone,Cooch_Behar,26.32,89.45,13.65,26.83,20.24,87.0,7.31
2026-05-03,Terai_Teesta_Alluvial_Zone,Cooch_Behar,26.32,89.45,2.22,27.81,19.5,82.1,18.44
2026-05-04,Terai_Teesta_Alluvial_Zone,Cooch_Behar,26.32,89.45,3.61,29.01,19.89,82.8,18.37
2026-05-05,Terai_Teesta_Alluvial_Zone,Cooch_Behar,26.32,89.45,10.34,29.04,21.18,85.5,20.75
2026-05-06,Terai_Teesta_Alluvial_Zone,Cooch_Behar,26.32,89.45,11.64,28.7,21.17,81.8,8.72
2026-05-07,Terai_Teesta_Alluvial_Zone,Cooch_Behar,26.32,89.45,3.22,28.94,21.66,73.6,21.66
2026-05-08,Terai_Teesta_Alluvial_Zone,Cooch_Behar,26.32,89.45,2.51,29.34,19.85,76.6,13.86
2026-05-09,Terai_Teesta_Alluvial_Zone,Cooch_Behar,26.32,89.45,3.39,29.92,21.49,72.1,19.23
2026-05-10,Terai_Teesta_Alluvial_Zone,Cooch_Behar,26.32,89.45,2.08,30.42,21.63,76.1,10.02
2026-05-11,Terai_Teesta_Alluvial_Zone,Cooch_Behar,26.32,89.45,6.93,29.01,21.3,81.8,21.03
2026-05-12,Terai_Teesta_Alluvial_Zone,Cooch_Behar,26.32,89.45,9.17,28.33,21.88,86.2,12.52
2026-05-13,Terai_Teesta_Alluvial_Zone,Cooch_Behar,26.32,89.45,32.92,28.82,22.41,87.3,6.87
2026-05-14,Terai_Teesta_Alluvial_Zone,Cooch_Behar,26.32,89.45,25.25,29.93,22.73,85.8,16.78
2026-05-15,Terai_Teesta_Alluvial_Zone,Cooch_Behar,26.32,89.45,8.85,30.31,23.07,81.8,18.17
2026-05-16,Terai_Teesta_Alluvial_Zone,Cooch_Behar,26.32,89.45,32.83,30.56,24.29,86.4,14.13
2026-05-17,Terai_Teesta_Alluvial_Zone,Cooch_Behar,26.32,89.45,19.41,31.08,23.18,82.0,13.52
2026-05-18,Terai_Teesta_Alluvial_Zone,Cooch_Behar,26.32,89.45,16.29,30.8,22.57,86.0,10.66
2026-05-19,Terai_Teesta_Alluvial_Zone,Cooch_Behar,26.32,89.45,0.19,31.95,23.57,85.8,17.4
2026-05-20,Terai_Teesta_Alluvial_Zone,Cooch_Behar,26.32,89.45,7.37,32.28,24.44,85.9,17.23
2026-05-21,Terai_Teesta_Alluvial_Zone,Cooch_Behar,26.32,89.45,30.99,30.74,25.58,90.1,9.23
2026-05-22,Terai_Teesta_Alluvial_Zone,Cooch_Behar,26.32,89.45,12.22,31.48,25.36,86.7,13.97
2026-05-23,Terai_Teesta_Alluvial_Zone,Cooch_Behar,26.32,89.45,3.23,32.12,24.78,85.0,7.96
2026-05-24,Terai_Teesta_Alluvial_Zone,Cooch_Behar,26.32,89.45,14.16,32.32,24.2,81.2,12.37
2026-05-25,Terai_Teesta_Alluvial_Zone,Cooch_Behar,26.32,89.45,18.65,31.19,23.26,84.3,16.34
2026-05-26,Terai_Teesta_Alluvial_Zone,Cooch_Behar,26.32,89.45,23.73,31.17,24.07,85.4,17.6
2026-05-27,Terai_Teesta_Alluvial_Zone,Cooch_Behar,26.32,89.45,3.18,30.77,23.28,85.8,10.84
2026-05-28,Terai_Teesta_Alluvial_Zone,Cooch_Behar,26.32,89.45,5.03,27.68,23.62,90.7,18.43
2026-05-29,Terai_Teesta_Alluvial_Zone,Cooch_Behar,26.32,89.45,0.96,31.12,23.51,79.3,23.48
2026-05-30,Terai_Teesta_Alluvial_Zone,Cooch_Behar,26.32,89.45,0.09,31.99,24.37,77.6,19.65
2026-05-31,Terai_Teesta_Alluvial_Zone,Cooch_Behar,26.32,89.45,0.04,31.94,25.23,79.2,23.03
2026-06-01,Terai_Teesta_Alluvial_Zone,Cooch_Behar,26.32,89.45,1.83,32.43,24.72,82.3,21.82
2026-06-02,Terai_Teesta_Alluvial_Zone,Cooch_Behar,26.32,89.45,4.18,32.28,25.34,83.8,20.38
2026-06-03,Terai_Teesta_Alluvial_Zone,Cooch_Behar,26.32,89.45,3.21,32.49,24.7,79.2,18.32
2026-06-04,Terai_Teesta_Alluvial_Zone,Cooch_Behar,26.32,89.45,7.97,32.52,24.06,81.3,18.74
2026-06-05,Terai_Teesta_Alluvial_Zone,Cooch_Behar,26.32,89.45,30.45,31.96,25.42,86.0,18.72
2026-06-06,Terai_Teesta_Alluvial_Zone,Cooch_Behar,26.32,89.45,8.79,31.57,25.69,87.9,17.25
2026-06-07,Terai_Teesta_Alluvial_Zone,Cooch_Behar,26.32,89.45,4.5,32.45,25.32,85.1,21.12
2026-06-08,Terai_Teesta_Alluvial_Zone,Cooch_Behar,26.32,89.45,17.07,31.8,25.88,86.3,16.85
2026-06-09,Terai_Teesta_Alluvial_Zone,Cooch_Behar,26.32,89.45,13.81,31.84,25.14,85.9,19.84
2026-06-10,Terai_Teesta_Alluvial_Zone,Cooch_Behar,26.32,89.45,28.93,31.57,25.16,88.0,9.72
2026-06-11,Terai_Teesta_Alluvial_Zone,Cooch_Behar,26.32,89.45,12.88,30.58,24.95,87.8,14.95
2026-06-12,Terai_Teesta_Alluvial_Zone,Cooch_Behar,26.32,89.45,2.2,30.62,24.39,84.2,18.66
2026-06-13,Terai_Teesta_Alluvial_Zone,Cooch_Behar,26.32,89.45,8.73,30.93,24.51,84.8,18.25
2026-06-14,Terai_Teesta_Alluvial_Zone,Cooch_Behar,26.32,89.45,9.62,31.26,25.22,87.0,18.32
2026-06-15,Terai_Teesta_Alluvial_Zone,Cooch_Behar,26.32,89.45,7.63,32.02,25.55,86.0,19.99
2026-06-16,Terai_Teesta_Alluvial_Zone,Cooch_Behar,26.32,89.45,7.25,29.88,25.36,90.9,21.75
2026-06-17,Terai_Teesta_Alluvial_Zone,Cooch_Behar,26.32,89.45,16.69,31.65,25.35,87.8,17.71
2026-06-18,Terai_Teesta_Alluvial_Zone,Cooch_Behar,26.32,89.45,15.65,31.18,25.73,89.8,12.45
2026-06-19,Terai_Teesta_Alluvial_Zone,Cooch_Behar,26.32,89.45,13.5,29.9,25.34,90.4,13.15
2026-06-20,Terai_Teesta_Alluvial_Zone,Cooch_Behar,26.32,89.45,50.16,31.06,24.74,89.2,14.27
2026-06-21,Terai_Teesta_Alluvial_Zone,Cooch_Behar,26.32,89.45,45.58,30.9,25.8,89.8,11.49
2026-06-22,Terai_Teesta_Alluvial_Zone,Cooch_Behar,26.32,89.45,24.36,30.46,25.4,91.5,5.97
2026-06-23,Terai_Teesta_Alluvial_Zone,Cooch_Behar,26.32,89.45,50.48,30.73,25.57,90.7,3.16
2026-06-24,Terai_Teesta_Alluvial_Zone,Cooch_Behar,26.32,89.45,12.47,31.29,25.79,88.3,21.07
2026-06-25,Terai_Teesta_Alluvial_Zone,Cooch_Behar,26.32,89.45,40.69,31.6,25.92,89.0,19.76
2026-06-26,Terai_Teesta_Alluvial_Zone,Cooch_Behar,26.32,89.45,9.59,31.54,25.61,89.3,18.26
2026-06-27,Terai_Teesta_Alluvial_Zone,Cooch_Behar,26.32,89.45,22.06,32.0,25.52,89.1,16.8
2026-06-28,Terai_Teesta_Alluvial_Zone,Cooch_Behar,26.32,89.45,43.33,31.35,26.33,90.9,11.11
2026-06-29,Terai_Teesta_Alluvial_Zone,Cooch_Behar,26.32,89.45,59.14,30.37,26.2,92.4,6.12
2026-06-30,Terai_Teesta_Alluvial_Zone,Cooch_Behar,26.32,89.45,23.89,30.28,26.06,89.8,17.14
2026-07-01,Terai_Teesta_Alluvial_Zone,Cooch_Behar,26.32,89.45,5.93,32.21,25.44,85.2,14.63
2026-07-02,Terai_Teesta_Alluvial_Zone,Cooch_Behar,26.32,89.45,4.91,31.64,26.17,86.5,16.01
2026-07-03,Terai_Teesta_Alluvial_Zone,Cooch_Behar,26.32,89.45,2.24,32.66,26.92,84.9,20.09
2026-07-04,Terai_Teesta_Alluvial_Zone,Cooch_Behar,26.32,89.45,2.14,34.16,26.39,81.3,22.14
2026-07-05,Terai_Teesta_Alluvial_Zone,Cooch_Behar,26.32,89.45,3.5,31.43,26.75,88.9,17.74
2026-07-06,Terai_Teesta_Alluvial_Zone,Cooch_Behar,26.32,89.45,7.0,32.46,25.75,86.5,19.69
2026-07-07,Terai_Teesta_Alluvial_Zone,Cooch_Behar,26.32,89.45,37.47,30.69,26.07,91.7,16.84
2026-07-08,Terai_Teesta_Alluvial_Zone,Cooch_Behar,26.32,89.45,31.44,30.92,25.62,90.8,9.56
2026-07-09,Terai_Teesta_Alluvial_Zone,Cooch_Behar,26.32,89.45,55.14,30.68,26.36,92.4,9.43
2026-07-10,Terai_Teesta_Alluvial_Zone,Cooch_Behar,26.32,89.45,12.08,31.49,25.98,89.6,12.02
2026-07-11,Terai_Teesta_Alluvial_Zone,Cooch_Behar,26.32,89.45,9.88,32.39,25.86,88.3,14.7
2026-07-12,Terai_Teesta_Alluvial_Zone,Cooch_Behar,26.32,89.45,24.6,30.61,26.28,91.4,13.6
2026-07-13,Terai_Teesta_Alluvial_Zone,Cooch_Behar,26.32,89.45,45.54,29.73,26.21,92.9,11.05
2026-07-14,Terai_Teesta_Alluvial_Zone,Cooch_Behar,26.32,89.45,5.38,32.31,25.59,87.8,21.96
2026-07-15,Terai_Teesta_Alluvial_Zone,Cooch_Behar,26.32,89.45,2.87,30.16,25.87,86.5,6.18
2026-07-16,Terai_Teesta_Alluvial_Zone,Cooch_Behar,26.32,89.45,1.8,31.16,25.45,87.0,15.53
2026-07-17,Terai_Teesta_Alluvial_Zone,Cooch_Behar,26.32,89.45,12.15,31.45,25.64,87.5,13.67
2026-07-18,Terai_Teesta_Alluvial_Zone,Cooch_Behar,26.32,89.45,22.83,31.54,26.25,89.8,7.3
2026-07-19,Terai_Teesta_Alluvial_Zone,Cooch_Behar,26.32,89.45,52.2,29.55,25.9,92.9,9.46
2026-07-20,Terai_Teesta_Alluvial_Zone,Cooch_Behar,26.32,89.45,14.7,29.81,25.28,91.6,4.9
2026-07-21,Terai_Teesta_Alluvial_Zone,Cooch_Behar,26.32,89.45,15.18,30.56,24.71,88.6,16.53
2026-07-22,Terai_Teesta_Alluvial_Zone,Cooch_Behar,26.32,89.45,9.21,30.26,24.96,90.1,14.6
2026-07-23,Terai_Teesta_Alluvial_Zone,Cooch_Behar,26.32,89.45,8.04,30.7,24.81,89.0,15.95
2026-07-24,Terai_Teesta_Alluvial_Zone,Cooch_Behar,26.32,89.45,1.24,30.93,24.7,88.2,17.4
2026-07-25,Terai_Teesta_Alluvial_Zone,Cooch_Behar,26.32,89.45,0.24,32.38,25.45,87.1,19.81
2026-07-26,Terai_Teesta_Alluvial_Zone,Cooch_Behar,26.32,89.45,1.43,31.5,26.11,86.2,17.41
2026-07-27,Terai_Teesta_Alluvial_Zone,Cooch_Behar,26.32,89.45,0.98,32.06,26.41,83.5,19.73
2026-07-28,Terai_Teesta_Alluvial_Zone,Cooch_Behar,26.32,89.45,4.6,32.24,25.85,86.3,15.66
2026-07-29,Terai_Teesta_Alluvial_Zone,Cooch_Behar,26.32,89.45,2.18,29.29,25.47,89.5,15.1
2026-07-30,Terai_Teesta_Alluvial_Zone,Cooch_Behar,26.32,89.45,9.72,31.65,24.7,87.8,16.36
2026-07-31,Terai_Teesta_Alluvial_Zone,Cooch_Behar,26.32,89.45,22.25,31.37,25.16,88.6,13.23
2026-08-01,Terai_Teesta_Alluvial_Zone,Cooch_Behar,26.32,89.45,19.79,29.42,25.37,91.6,7.79
2026-08-02,Terai_Teesta_Alluvial_Zone,Cooch_Behar,26.32,89.45,32.34,27.22,25.31,94.3,15.0
2026-08-03,Terai_Teesta_Alluvial_Zone,Cooch_Behar,26.32,89.45,10.26,29.94,24.8,92.3,8.76
2026-08-04,Terai_Teesta_Alluvial_Zone,Cooch_Behar,26.32,89.45,24.19,28.61,25.46,93.6,20.16
2026-08-05,Terai_Teesta_Alluvial_Zone,Cooch_Behar,26.32,89.45,32.18,26.97,24.84,95.2,4.3
2026-08-06,Terai_Teesta_Alluvial_Zone,Cooch_Behar,26.32,89.45,2.6,31.51,24.45,84.1,24.18
2026-08-07,Terai_Teesta_Alluvial_Zone,Cooch_Behar,26.32,89.45,8.64,30.77,24.82,89.8,17.37
2026-08-08,Terai_Teesta_Alluvial_Zone,Cooch_Behar,26.32,89.45,11.42,30.86,25.0,88.9,15.85
2026-08-09,Terai_Teesta_Alluvial_Zone,Cooch_Behar,26.32,89.45,9.99,30.41,24.87,87.7,15.11
2026-08-10,Terai_Teesta_Alluvial_Zone,Cooch_Behar,26.32,89.45,3.42,31.66,24.61,84.5,23.05
2026-08-11,Terai_Teesta_Alluvial_Zone,Cooch_Behar,26.32,89.45,2.26,32.4,26.11,81.7,22.06
2026-08-12,Terai_Teesta_Alluvial_Zone,Cooch_Behar,26.32,89.45,3.4,33.09,26.42,83.7,8.07
2026-08-13,Terai_Teesta_Alluvial_Zone,Cooch_Behar,26.32,89.45,6.27,32.04,26.26,86.5,17.32
2026-08-14,Terai_Teesta_Alluvial_Zone,Cooch_Behar,26.32,89.45,5.82,31.43,25.33,87.2,20.47
2026-08-15,Terai_Teesta_Alluvial_Zone,Cooch_Behar,26.32,89.45,3.46,29.9,25.37,87.6,17.25
2026-08-16,Terai_Teesta_Alluvial_Zone,Cooch_Behar,26.32,89.45,5.26,31.0,25.35,85.4,13.9
2026-08-17,Terai_Teesta_Alluvial_Zone,Cooch_Behar,26.32,89.45,18.44,30.87,25.2,89.6,17.76
2026-08-18,Terai_Teesta_Alluvial_Zone,Cooch_Behar,26.32,89.45,7.6,31.34,24.77,88.4,17.46
2026-08-19,Terai_Teesta_Alluvial_Zone,Cooch_Behar,26.32,89.45,11.47,31.29,25.52,89.1,16.08
2026-08-20,Terai_Teesta_Alluvial_Zone,Cooch_Behar,26.32,89.45,9.34,31.18,26.05,89.7,19.21
2026-08-21,Terai_Teesta_Alluvial_Zone,Cooch_Behar,26.32,89.45,5.48,30.97,25.63,89.0,13.95
2026-08-22,Terai_Teesta_Alluvial_Zone,Cooch_Behar,26.32,89.45,4.89,32.37,26.28,83.8,19.84
2026-08-23,Terai_Teesta_Alluvial_Zone,Cooch_Behar,26.32,89.45,8.17,30.41,26.43,89.8,10.3
2026-08-24,Terai_Teesta_Alluvial_Zone,Cooch_Behar,26.32,89.45,7.64,29.58,25.7,90.9,13.52
2026-08-25,Terai_Teesta_Alluvial_Zone,Cooch_Behar,26.32,89.45,13.97,30.0,24.92,90.8,12.41
2026-08-26,Terai_Teesta_Alluvial_Zone,Cooch_Behar,26.32,89.45,13.25,30.32,25.07,88.2,17.84
2026-08-27,Terai_Teesta_Alluvial_Zone,Cooch_Behar,26.32,89.45,9.25,31.62,25.13,87.8,15.77
2026-08-28,Terai_Teesta_Alluvial_Zone,Cooch_Behar,26.32,89.45,8.83,30.08,26.36,90.9,9.4
2026-08-29,Terai_Teesta_Alluvial_Zone,Cooch_Behar,26.32,89.45,5.84,31.62,25.23,86.6,16.61
2026-08-30,Terai_Teesta_Alluvial_Zone,Cooch_Behar,26.32,89.45,10.33,32.43,26.53,84.5,10.58
2026-08-31,Terai_Teesta_Alluvial_Zone,Cooch_Behar,26.32,89.45,75.55,27.65,25.4,94.9,14.8
2026-09-01,Terai_Teesta_Alluvial_Zone,Cooch_Behar,26.32,89.45,22.46,25.83,23.46,93.0,11.73
2026-09-02,Terai_Teesta_Alluvial_Zone,Cooch_Behar,26.32,89.45,5.57,30.13,23.35,84.6,18.76
2026-09-03,Terai_Teesta_Alluvial_Zone,Cooch_Behar,26.32,89.45,8.74,30.43,24.06,86.4,15.0
2026-09-04,Terai_Teesta_Alluvial_Zone,Cooch_Behar,26.32,89.45,9.16,28.66,24.39,90.8,15.93
2026-09-05,Terai_Teesta_Alluvial_Zone,Cooch_Behar,26.32,89.45,12.23,29.0,24.48,91.6,14.88
2026-09-06,Terai_Teesta_Alluvial_Zone,Cooch_Behar,26.32,89.45,16.71,29.52,24.41,92.2,16.03
2026-09-07,Terai_Teesta_Alluvial_Zone,Cooch_Behar,26.32,89.45,15.29,29.08,25.07,91.2,17.16
2026-09-08,Terai_Teesta_Alluvial_Zone,Cooch_Behar,26.32,89.45,7.18,30.48,24.57,87.8,17.99
2026-09-09,Terai_Teesta_Alluvial_Zone,Cooch_Behar,26.32,89.45,5.11,30.65,25.21,87.6,
2026-09-10,Terai_Teesta_Alluvial_Zone,Cooch_Behar,26.32,89.45,3.42,31.92,25.54,83.4,
2026-01-01,Gangetic_New_Alluvial_Zone,Hooghly,22.88,87.78,0.0,21.77,7.41,74.5,12.89
2026-01-02,Gangetic_New_Alluvial_Zone,Hooghly,22.88,87.78,0.0,21.82,8.69,75.9,10.76
2026-01-03,Gangetic_New_Alluvial_Zone,Hooghly,22.88,87.78,0.0,21.7,10.1,82.7,10.76
2026-01-04,Gangetic_New_Alluvial_Zone,Hooghly,22.88,87.78,0.0,20.91,11.37,85.2,8.2
2026-01-05,Gangetic_New_Alluvial_Zone,Hooghly,22.88,87.78,0.0,19.74,7.93,81.3,9.38
2026-01-06,Gangetic_New_Alluvial_Zone,Hooghly,22.88,87.78,0.0,19.7,6.44,81.0,11.02
2026-01-07,Gangetic_New_Alluvial_Zone,Hooghly,22.88,87.78,0.0,20.57,6.59,76.8,13.58
2026-01-08,Gangetic_New_Alluvial_Zone,Hooghly,22.88,87.78,0.0,20.84,7.16,76.0,15.07
2026-01-09,Gangetic_New_Alluvial_Zone,Hooghly,22.88,87.78,0.0,20.48,6.0,73.5,14.99
2026-01-10,Gangetic_New_Alluvial_Zone,Hooghly,22.88,87.78,0.0,19.91,5.76,74.2,14.38
2026-01-11,Gangetic_New_Alluvial_Zone,Hooghly,22.88,87.78,0.0,21.4,6.72,73.9,14.84
2026-01-12,Gangetic_New_Alluvial_Zone,Hooghly,22.88,87.78,0.0,21.91,8.27,77.2,15.17
2026-01-13,Gangetic_New_Alluvial_Zone,Hooghly,22.88,87.78,0.0,21.08,7.19,74.4,14.33
2026-01-14,Gangetic_New_Alluvial_Zone,Hooghly,22.88,87.78,0.0,21.45,7.22,72.2,13.4
2026-01-15,Gangetic_New_Alluvial_Zone,Hooghly,22.88,87.78,0.0,21.17,7.08,70.6,13.98
2026-01-16,Gangetic_New_Alluvial_Zone,Hooghly,22.88,87.78,0.0,21.27,6.23,68.1,14.37
2026-01-17,Gangetic_New_Alluvial_Zone,Hooghly,22.88,87.78,0.0,21.7,7.07,70.7,13.63
2026-01-18,Gangetic_New_Alluvial_Zone,Hooghly,22.88,87.78,0.07,23.6,7.84,67.5,14.06
2026-01-19,Gangetic_New_Alluvial_Zone,Hooghly,22.88,87.78,0.0,23.87,8.71,67.6,14.24
2026-01-20,Gangetic_New_Alluvial_Zone,Hooghly,22.88,87.78,0.0,25.41,10.59,66.9,13.14
2026-01-21,Gangetic_New_Alluvial_Zone,Hooghly,22.88,87.78,0.0,24.94,11.28,71.2,12.02
2026-01-22,Gangetic_New_Alluvial_Zone,Hooghly,22.88,87.78,0.0,23.63,10.03,66.3,13.18
2026-01-23,Gangetic_New_Alluvial_Zone,Hooghly,22.88,87.78,0.0,23.85,8.9,64.7,14.95
2026-01-24,Gangetic_New_Alluvial_Zone,Hooghly,22.88,87.78,0.0,24.78,9.7,63.5,14.71
2026-01-25,Gangetic_New_Alluvial_Zone,Hooghly,22.88,87.78,0.0,24.95,9.99,66.2,14.08
2026-01-26,Gangetic_New_Alluvial_Zone,Hooghly,22.88,87.78,0.0,25.76,11.92,77.0,12.56
2026-01-27,Gangetic_New_Alluvial_Zone,Hooghly,22.88,87.78,0.0,24.85,11.96,76.9,14.79
2026-01-28,Gangetic_New_Alluvial_Zone,Hooghly,22.88,87.78,0.0,25.41,11.52,71.0,15.57
2026-01-29,Gangetic_New_Alluvial_Zone,Hooghly,22.88,87.78,0.0,25.55,13.7,79.6,13.75
2026-01-30,Gangetic_New_Alluvial_Zone,Hooghly,22.88,87.78,0.0,24.72,12.74,74.5,11.18
2026-01-31,Gangetic_New_Alluvial_Zone,Hooghly,22.88,87.78,0.0,24.65,10.6,71.0,13.43
2026-02-01,Gangetic_New_Alluvial_Zone,Hooghly,22.88,87.78,0.0,24.78,10.9,70.4,14.66
2026-02-02,Gangetic_New_Alluvial_Zone,Hooghly,22.88,87.78,0.0,24.0,11.05,68.7,16.29
2026-02-03,Gangetic_New_Alluvial_Zone,Hooghly,22.88,87.78,0.0,25.28,10.66,67.0,15.93
2026-02-04,Gangetic_New_Alluvial_Zone,Hooghly,22.88,87.78,0.0,25.95,12.34,73.1,14.18
2026-02-05,Gangetic_New_Alluvial_Zone,Hooghly,22.88,87.78,0.0,26.15,12.41,71.5,16.81
2026-02-06,Gangetic_New_Alluvial_Zone,Hooghly,22.88,87.78,0.0,23.88,10.25,68.1,18.11
2026-02-07,Gangetic_New_Alluvial_Zone,Hooghly,22.88,87.78,0.0,24.55,8.97,67.5,18.44
2026-02-08,Gangetic_New_Alluvial_Zone,Hooghly,22.88,87.78,0.0,25.82,9.53,64.9,18.13
2026-02-09,Gangetic_New_Alluvial_Zone,Hooghly,22.88,87.78,0.0,24.95,10.18,63.8,17.98
2026-02-10,Gangetic_New_Alluvial_Zone,Hooghly,22.88,87.78,0.0,26.03,9.82,58.1,17.54
2026-02-11,Gangetic_New_Alluvial_Zone,Hooghly,22.88,87.78,0.0,26.43,10.22,60.5,17.56
2026-02-12,Gangetic_New_Alluvial_Zone,Hooghly,22.88,87.78,0.0,26.97,11.58,63.9,17.87
2026-02-13,Gangetic_New_Alluvial_Zone,Hooghly,22.88,87.78,0.0,26.97,10.66,62.2,18.14
2026-02-14,Gangetic_New_Alluvial_Zone,Hooghly,22.88,87.78,0.0,26.81,12.0,62.9,18.52
2026-02-15,Gangetic_New_Alluvial_Zone,Hooghly,22.88,87.78,0.0,27.3,11.44,60.1,18.44
2026-02-16,Gangetic_New_Alluvial_Zone,Hooghly,22.88,87.78,0.0,27.37,11.06,59.2,18.74
2026-02-17,Gangetic_New_Alluvial_Zone,Hooghly,22.88,87.78,0.0,27.78,11.43,58.5,18.66
2026-02-18,Gangetic_New_Alluvial_Zone,Hooghly,22.88,87.78,0.0,28.79,11.34,54.1,18.93
2026-02-19,Gangetic_New_Alluvial_Zone,Hooghly,22.88,87.78,0.0,28.95,12.16,52.5,18.42
2026-02-20,Gangetic_New_Alluvial_Zone,Hooghly,22.88,87.78,0.0,29.96,14.69,61.1,18.06
2026-02-21,Gangetic_New_Alluvial_Zone,Hooghly,22.88,87.78,0.0,30.32,14.95,56.8,17.77
2026-02-22,Gangetic_New_Alluvial_Zone,Hooghly,22.88,87.78,0.0,29.96,17.68,59.2,16.7
2026-02-23,Gangetic_New_Alluvial_Zone,Hooghly,22.88,87.78,1.96,30.03,16.51,61.7,15.78
2026-02-24,Gangetic_New_Alluvial_Zone,Hooghly,22.88,87.78,3.55,28.43,16.53,61.5,11.29
2026-02-25,Gangetic_New_Alluvial_Zone,Hooghly,22.88,87.78,0.02,29.01,16.27,62.3,16.92
2026-02-26,Gangetic_New_Alluvial_Zone,Hooghly,22.88,87.78,0.0,28.71,13.76,53.0,19.06
2026-02-27,Gangetic_New_Alluvial_Zone,Hooghly,22.88,87.78,0.0,29.69,12.85,49.6,20.39
2026-02-28,Gangetic_New_Alluvial_Zone,Hooghly,22.88,87.78,0.0,30.55,13.85,51.5,21.02
2026-03-01,Gangetic_New_Alluvial_Zone,Hooghly,22.88,87.78,0.0,31.45,16.2,66.5,22.27
2026-03-02,Gangetic_New_Alluvial_Zone,Hooghly,22.88,87.78,0.0,31.96,18.65,61.4,22.05
2026-03-03,Gangetic_New_Alluvial_Zone,Hooghly,22.88,87.78,0.0,31.02,13.61,45.0,22.31
2026-03-04,Gangetic_New_Alluvial_Zone,Hooghly,22.88,87.78,0.0,30.85,14.6,48.2,20.67
2026-03-05,Gangetic_New_Alluvial_Zone,Hooghly,22.88,87.78,0.0,30.95,15.62,48.7,18.79
2026-03-06,Gangetic_New_Alluvial_Zone,Hooghly,22.88,87.78,0.0,31.26,18.76,57.6,18.44
2026-03-07,Gangetic_New_Alluvial_Zone,Hooghly,22.88,87.78,0.0,30.57,18.34,76.9,16.71
2026-03-08,Gangetic_New_Alluvial_Zone,Hooghly,22.88,87.78,0.01,31.56,19.65,75.8,14.78
2026-03-09,Gangetic_New_Alluvial_Zone,Hooghly,22.88,87.78,0.08,31.69,20.34,76.9,13.73
2026-03-10,Gangetic_New_Alluvial_Zone,Hooghly,22.88,87.78,0.1,31.42,20.68,76.1,12.27
2026-03-11,Gangetic_New_Alluvial_Zone,Hooghly,22.88,87.78,0.22,32.34,20.82,73.0,11.71
2026-03-12,Gangetic_New_Alluvial_Zone,Hooghly,22.88,87.78,0.04,33.23,20.94,70.8,11.05
2026-03-13,Gangetic_New_Alluvial_Zone,Hooghly,22.88,87.78,0.01,34.56,20.57,69.4,18.51
2026-03-14,Gangetic_New_Alluvial_Zone,Hooghly,22.88,87.78,0.0,35.09,21.14,69.0,17.85
2026-03-15,Gangetic_New_Alluvial_Zone,Hooghly,22.88,87.78,2.99,34.87,21.95,71.2,15.18
2026-03-16,Gangetic_New_Alluvial_Zone,Hooghly,22.88,87.78,6.92,33.5,21.42,75.6,15.87
2026-03-17,Gangetic_New_Alluvial_Zone,Hooghly,22.88,87.78,2.32,34.4,21.1,69.9,16.08
2026-03-18,Gangetic_New_Alluvial_Zone,Hooghly,22.88,87.78,0.36,35.42,20.43,64.2,18.82
2026-03-19,Gangetic_New_Alluvial_Zone,Hooghly,22.88,87.78,0.52,27.2,21.63,78.0,16.62
2026-03-20,Gangetic_New_Alluvial_Zone,Hooghly,22.88,87.78,5.18,31.54,20.93,68.2,13.63
2026-03-21,Gangetic_New_Alluvial_Zone,Hooghly,22.88,87.78,17.43,27.12,19.63,78.6,13.67
2026-03-22,Gangetic_New_Alluvial_Zone,Hooghly,22.88,87.78,0.0,28.23,16.95,69.6,21.14
2026-03-23,Gangetic_New_Alluvial_Zone,Hooghly,22.88,87.78,0.0,30.3,17.34,65.4,21.53
2026-03-24,Gangetic_New_Alluvial_Zone,Hooghly,22.88,87.78,0.0,32.41,18.51,69.8,19.24
2026-03-25,Gangetic_New_Alluvial_Zone,Hooghly,22.88,87.78,0.0,33.76,20.69,65.9,19.18
2026-03-26,Gangetic_New_Alluvial_Zone,Hooghly,22.88,87.78,0.04,34.14,22.38,57.6,17.63
2026-03-27,Gangetic_New_Alluvial_Zone,Hooghly,22.88,87.78,0.33,35.92,19.72,61.5,22.36
2026-03-28,Gangetic_New_Alluvial_Zone,Hooghly,22.88,87.78,4.55,33.36,22.3,70.7,20.17
2026-03-29,Gangetic_New_Alluvial_Zone,Hooghly,22.88,87.78,0.05,35.81,22.2,67.3,18.67
2026-03-30,Gangetic_New_Alluvial_Zone,Hooghly,22.88,87.78,5.76,35.85,23.2,72.3,18.72
2026-03-31,Gangetic_New_Alluvial_Zone,Hooghly,22.88,87.78,5.92,35.85,23.17,69.2,11.26
2026-04-01,Gangetic_New_Alluvial_Zone,Hooghly,22.88,87.78,0.67,37.1,22.61,65.6,26.27
2026-04-02,Gangetic_New_Alluvial_Zone,Hooghly,22.88,87.78,0.01,38.33,22.48,62.1,22.96
2026-04-03,Gangetic_New_Alluvial_Zone,Hooghly,22.88,87.78,0.2,39.19,23.11,60.5,21.7
2026-04-04,Gangetic_New_Alluvial_Zone,Hooghly,22.88,87.78,0.01,38.85,23.71,60.4,16.64
2026-04-05,Gangetic_New_Alluvial_Zone,Hooghly,22.88,87.78,0.53,33.39,24.61,60.4,7.0
2026-04-06,Gangetic_New_Alluvial_Zone,Hooghly,22.88,87.78,1.43,36.08,21.98,57.9,15.33
2026-04-07,Gangetic_New_Alluvial_Zone,Hooghly,22.88,87.78,4.89,34.99,23.23,64.4,18.37
2026-04-08,Gangetic_New_Alluvial_Zone,Hooghly,22.88,87.78,6.58,33.73,22.93,72.5,19.96
2026-04-09,Gangetic_New_Alluvial_Zone,Hooghly,22.88,87.78,9.2,32.45,22.77,72.6,15.38
2026-04-10,Gangetic_New_Alluvial_Zone,Hooghly,22.88,87.78,0.04,34.44,20.28,56.4,23.17
2026-04-11,Gangetic_New_Alluvial_Zone,Hooghly,22.88,87.78,0.0,35.6,19.63,48.1,23.42
2026-04-12,Gangetic_New_Alluvial_Zone,Hooghly,22.88,87.78,0.0,37.46,19.45,50.5,24.56
2026-04-13,Gangetic_New_Alluvial_Zone,Hooghly,22.88,87.78,0.0,38.69,23.15,61.8,23.2
2026-04-14,Gangetic_New_Alluvial_Zone,Hooghly,22.88,87.78,0.0,38.97,23.83,56.2,22.51
2026-04-15,Gangetic_New_Alluvial_Zone,Hooghly,22.88,87.78,0.0,39.52,23.48,60.6,21.66
2026-04-16,Gangetic_New_Alluvial_Zone,Hooghly,22.88,87.78,0.4,38.76,25.55,68.5,13.47
2026-04-17,Gangetic_New_Alluvial_Zone,Hooghly,22.88,87.78,0.53,38.15,24.92,66.8,18.37
2026-04-18,Gangetic_New_Alluvial_Zone,Hooghly,22.88,87.78,0.0,39.44,25.01,64.9,18.63
2026-04-19,Gangetic_New_Alluvial_Zone,Hooghly,22.88,87.78,0.46,40.92,25.15,63.8,18.4
2026-04-20,Gangetic_New_Alluvial_Zone,Hooghly,22.88,87.78,0.4,42.28,24.98,57.1,20.05
2026-04-21,Gangetic_New_Alluvial_Zone,Hooghly,22.88,87.78,0.04,42.44,25.35,52.1,17.99
2026-04-22,Gangetic_New_Alluvial_Zone,Hooghly,22.88,87.78,0.01,42.21,25.04,49.5,22.2
2026-04-23,Gangetic_New_Alluvial_Zone,Hooghly,22.88,87.78,0.0,41.33,24.47,53.9,21.14
2026-04-24,Gangetic_New_Alluvial_Zone,Hooghly,22.88,87.78,0.0,41.09,25.28,57.2,20.74
2026-04-25,Gangetic_New_Alluvial_Zone,Hooghly,22.88,87.78,0.0,40.17,25.9,57.6,21.28
2026-04-26,Gangetic_New_Alluvial_Zone,Hooghly,22.88,87.78,0.0,40.39,25.93,61.6,15.42
2026-04-27,Gangetic_New_Alluvial_Zone,Hooghly,22.88,87.78,0.14,42.87,26.16,61.6,18.18
2026-04-28,Gangetic_New_Alluvial_Zone,Hooghly,22.88,87.78,1.43,40.58,26.45,63.6,14.42
2026-04-29,Gangetic_New_Alluvial_Zone,Hooghly,22.88,87.78,15.37,38.51,25.67,67.9,16.24
2026-04-30,Gangetic_New_Alluvial_Zone,Hooghly,22.88,87.78,22.35,33.15,25.03,77.8,15.98
2026-05-01,Gangetic_New_Alluvial_Zone,Hooghly,22.88,87.78,7.52,33.46,23.33,72.2,21.63
2026-05-02,Gangetic_New_Alluvial_Zone,Hooghly,22.88,87.78,3.08,37.49,23.19,64.9,20.77
2026-05-03,Gangetic_New_Alluvial_Zone,Hooghly,22.88,87.78,12.2,34.54,24.7,72.8,20.74
2026-05-04,Gangetic_New_Alluvial_Zone,Hooghly,22.88,87.78,0.82,36.07,25.14,67.8,23.01
2026-05-05,Gangetic_New_Alluvial_Zone,Hooghly,22.88,87.78,11.05,34.1,24.48,73.2,17.23
2026-05-06,Gangetic_New_Alluvial_Zone,Hooghly,22.88,87.78,0.82,35.98,23.04,63.7,20.57
2026-05-07,Gangetic_New_Alluvial_Zone,Hooghly,22.88,87.78,5.1,35.81,24.02,62.9,21.43
2026-05-08,Gangetic_New_Alluvial_Zone,Hooghly,22.88,87.78,6.77,36.02,24.18,67.3,21.05
2026-05-09,Gangetic_New_Alluvial_Zone,Hooghly,22.88,87.78,5.42,35.02,24.28,67.4,22.75
2026-05-10,Gangetic_New_Alluvial_Zone,Hooghly,22.88,87.78,1.2,34.49,23.84,66.9,18.42
2026-05-11,Gangetic_New_Alluvial_Zone,Hooghly,22.88,87.78,0.26,34.87,24.65,66.9,23.54
2026-05-12,Gangetic_New_Alluvial_Zone,Hooghly,22.88,87.78,1.1,35.03,24.07,69.5,21.18
2026-05-13,Gangetic_New_Alluvial_Zone,Hooghly,22.88,87.78,1.44,37.8,24.92,67.0,22.8
2026-05-14,Gangetic_New_Alluvial_Zone,Hooghly,22.88,87.78,2.12,39.6,25.63,64.7,25.48
2026-05-15,Gangetic_New_Alluvial_Zone,Hooghly,22.88,87.78,1.52,40.42,26.36,63.8,22.42
2026-05-16,Gangetic_New_Alluvial_Zone,Hooghly,22.88,87.78,3.64,40.81,26.91,64.4,23.61
2026-05-17,Gangetic_New_Alluvial_Zone,Hooghly,22.88,87.78,0.88,41.14,26.3,60.3,21.13
2026-05-18,Gangetic_New_Alluvial_Zone,Hooghly,22.88,87.78,0.06,42.87,27.43,54.4,23.79
2026-05-19,Gangetic_New_Alluvial_Zone,Hooghly,22.88,87.78,0.49,42.54,27.8,57.7,21.82
2026-05-20,Gangetic_New_Alluvial_Zone,Hooghly,22.88,87.78,1.13,41.15,27.39,60.1,21.08
2026-05-21,Gangetic_New_Alluvial_Zone,Hooghly,22.88,87.78,2.96,42.42,28.19,60.5,20.33
2026-05-22,Gangetic_New_Alluvial_Zone,Hooghly,22.88,87.78,0.0,42.18,28.07,61.0,16.86
2026-05-23,Gangetic_New_Alluvial_Zone,Hooghly,22.88,87.78,0.56,43.23,28.12,57.1,19.01
2026-05-24,Gangetic_New_Alluvial_Zone,Hooghly,22.88,87.78,0.56,42.13,28.07,61.8,21.23
2026-05-25,Gangetic_New_Alluvial_Zone,Hooghly,22.88,87.78,0.71,41.96,28.2,61.0,22.05
2026-05-26,Gangetic_New_Alluvial_Zone,Hooghly,22.88,87.78,2.62,41.14,27.44,62.0,21.11
2026-05-27,Gangetic_New_Alluvial_Zone,Hooghly,22.88,87.78,0.93,39.96,27.14,62.7,18.25
2026-05-28,Gangetic_New_Alluvial_Zone,Hooghly,22.88,87.78,5.06,36.64,27.21,68.2,22.65
2026-05-29,Gangetic_New_Alluvial_Zone,Hooghly,22.88,87.78,10.32,36.17,26.2,66.7,14.12
2026-05-30,Gangetic_New_Alluvial_Zone,Hooghly,22.88,87.78,12.9,34.99,26.26,71.2,16.47
2026-05-31,Gangetic_New_Alluvial_Zone,Hooghly,22.88,87.78,1.56,35.32,26.37,68.4,21.7
2026-06-01,Gangetic_New_Alluvial_Zone,Hooghly,22.88,87.78,0.0,39.01,26.05,60.6,22.61
2026-06-02,Gangetic_New_Alluvial_Zone,Hooghly,22.88,87.78,0.04,37.02,27.55,63.1,20.34
2026-06-03,Gangetic_New_Alluvial_Zone,Hooghly,22.88,87.78,3.09,39.71,27.67,60.7,22.43
2026-06-04,Gangetic_New_Alluvial_Zone,Hooghly,22.88,87.78,8.95,38.23,27.5,66.0,23.08
2026-06-05,Gangetic_New_Alluvial_Zone,Hooghly,22.88,87.78,8.5,37.78,28.4,68.8,17.03
2026-06-06,Gangetic_New_Alluvial_Zone,Hooghly,22.88,87.78,4.87,37.44,28.32,68.3,1.22
2026-06-07,Gangetic_New_Alluvial_Zone,Hooghly,22.88,87.78,9.52,36.08,27.04,73.7,19.36
2026-06-08,Gangetic_New_Alluvial_Zone,Hooghly,22.88,87.78,2.2,39.78,27.63,65.2,23.3
2026-06-09,Gangetic_New_Alluvial_Zone,Hooghly,22.88,87.78,2.35,41.45,28.04,61.3,9.04
2026-06-10,Gangetic_New_Alluvial_Zone,Hooghly,22.88,87.78,4.92,41.45,28.01,63.3,14.68
2026-06-11,Gangetic_New_Alluvial_Zone,Hooghly,22.88,87.78,10.6,34.8,26.93,75.1,18.65
2026-06-12,Gangetic_New_Alluvial_Zone,Hooghly,22.88,87.78,5.54,34.41,26.01,74.7,22.73
2026-06-13,Gangetic_New_Alluvial_Zone,Hooghly,22.88,87.78,0.59,37.27,26.59,66.6,21.61
2026-06-14,Gangetic_New_Alluvial_Zone,Hooghly,22.88,87.78,1.96,36.67,27.1,69.7,21.92
2026-06-15,Gangetic_New_Alluvial_Zone,Hooghly,22.88,87.78,0.25,36.16,27.45,68.3,22.71
2026-06-16,Gangetic_New_Alluvial_Zone,Hooghly,22.88,87.78,2.46,38.36,27.26,66.8,22.33
2026-06-17,Gangetic_New_Alluvial_Zone,Hooghly,22.88,87.78,11.28,37.44,27.22,69.6,21.47
2026-06-18,Gangetic_New_Alluvial_Zone,Hooghly,22.88,87.78,0.96,37.68,27.92,69.8,18.17
2026-06-19,Gangetic_New_Alluvial_Zone,Hooghly,22.88,87.78,22.03,32.16,27.42,79.9,1.3
2026-06-20,Gangetic_New_Alluvial_Zone,Hooghly,22.88,87.78,2.28,35.78,26.36,73.0,23.15
2026-06-21,Gangetic_New_Alluvial_Zone,Hooghly,22.88,87.78,23.73,31.45,26.45,85.8,2.29
2026-06-22,Gangetic_New_Alluvial_Zone,Hooghly,22.88,87.78,2.04,32.62,26.24,80.7,3.97
2026-06-23,Gangetic_New_Alluvial_Zone,Hooghly,22.88,87.78,1.46,36.78,25.6,73.0,19.48
2026-06-24,Gangetic_New_Alluvial_Zone,Hooghly,22.88,87.78,4.05,34.98,27.19,72.6,14.31
2026-06-25,Gangetic_New_Alluvial_Zone,Hooghly,22.88,87.78,5.35,35.32,26.74,74.9,17.83
2026-06-26,Gangetic_New_Alluvial_Zone,Hooghly,22.88,87.78,6.93,35.28,26.16,75.1,20.7
2026-06-27,Gangetic_New_Alluvial_Zone,Hooghly,22.88,87.78,0.11,36.68,25.94,72.4,21.54
2026-06-28,Gangetic_New_Alluvial_Zone,Hooghly,22.88,87.78,1.94,35.62,27.31,74.7,19.1
2026-06-29,Gangetic_New_Alluvial_Zone,Hooghly,22.88,87.78,28.2,31.94,27.61,87.4,16.57
2026-06-30,Gangetic_New_Alluvial_Zone,Hooghly,22.88,87.78,27.69,32.3,26.97,85.4,15.28
2026-07-01,Gangetic_New_Alluvial_Zone,Hooghly,22.88,87.78,16.44,33.26,26.32,82.6,12.54
2026-07-02,Gangetic_New_Alluvial_Zone,Hooghly,22.88,87.78,8.01,31.41,26.55,87.5,15.91
2026-07-03,Gangetic_New_Alluvial_Zone,Hooghly,22.88,87.78,4.23,31.8,26.74,86.3,18.62
2026-07-04,Gangetic_New_Alluvial_Zone,Hooghly,22.88,87.78,6.42,32.76,26.33,85.1,8.87
2026-07-05,Gangetic_New_Alluvial_Zone,Hooghly,22.88,87.78,16.04,31.99,26.48,88.1,3.1
2026-07-06,Gangetic_New_Alluvial_Zone,Hooghly,22.88,87.78,10.03,30.87,26.03,87.8,4.23
2026-07-07,Gangetic_New_Alluvial_Zone,Hooghly,22.88,87.78,6.56,33.54,26.76,83.5,5.67
2026-07-08,Gangetic_New_Alluvial_Zone,Hooghly,22.88,87.78,0.43,32.89,26.84,85.0,11.04
2026-07-09,Gangetic_New_Alluvial_Zone,Hooghly,22.88,87.78,5.33,32.86,26.55,84.4,2.8
2026-07-10,Gangetic_New_Alluvial_Zone,Hooghly,22.88,87.78,20.85,30.43,26.06,88.9,4.17
2026-07-11,Gangetic_New_Alluvial_Zone,Hooghly,22.88,87.78,9.15,33.3,26.3,82.8,19.77
2026-07-12,Gangetic_New_Alluvial_Zone,Hooghly,22.88,87.78,0.05,35.14,26.46,77.6,7.34
2026-07-13,Gangetic_New_Alluvial_Zone,Hooghly,22.88,87.78,16.55,32.02,26.67,83.8,1.23
2026-07-14,Gangetic_New_Alluvial_Zone,Hooghly,22.88,87.78,24.82,33.19,26.27,81.6,9.39
2026-07-15,Gangetic_New_Alluvial_Zone,Hooghly,22.88,87.78,8.34,32.57,26.89,84.8,18.94
2026-07-16,Gangetic_New_Alluvial_Zone,Hooghly,22.88,87.78,3.46,33.19,26.13,83.8,11.33
2026-07-17,Gangetic_New_Alluvial_Zone,Hooghly,22.88,87.78,9.46,33.56,26.67,86.1,9.92
2026-07-18,Gangetic_New_Alluvial_Zone,Hooghly,22.88,87.78,3.78,34.35,26.58,84.1,16.55
2026-07-19,Gangetic_New_Alluvial_Zone,Hooghly,22.88,87.78,1.83,33.04,26.02,84.1,10.57
2026-07-20,Gangetic_New_Alluvial_Zone,Hooghly,22.88,87.78,15.08,30.12,26.14,90.6,14.09
2026-07-21,Gangetic_New_Alluvial_Zone,Hooghly,22.88,87.78,32.41,30.03,25.52,89.8,8.97
2026-07-22,Gangetic_New_Alluvial_Zone,Hooghly,22.88,87.78,18.32,30.62,25.2,88.9,10.55
2026-07-23,Gangetic_New_Alluvial_Zone,Hooghly,22.88,87.78,13.51,30.76,25.73,87.3,5.55
2026-07-24,Gangetic_New_Alluvial_Zone,Hooghly,22.88,87.78,8.37,31.57,25.33,85.2,7.5
2026-07-25,Gangetic_New_Alluvial_Zone,Hooghly,22.88,87.78,5.01,30.69,25.96,87.2,12.12
2026-07-26,Gangetic_New_Alluvial_Zone,Hooghly,22.88,87.78,7.5,32.24,25.32,86.3,16.62
2026-07-27,Gangetic_New_Alluvial_Zone,Hooghly,22.88,87.78,4.85,31.79,25.73,86.2,5.98
2026-07-28,Gangetic_New_Alluvial_Zone,Hooghly,22.88,87.78,26.29,30.88,26.03,90.5,13.99
2026-07-29,Gangetic_New_Alluvial_Zone,Hooghly,22.88,87.78,12.98,32.2,25.75,86.2,5.23
2026-07-30,Gangetic_New_Alluvial_Zone,Hooghly,22.88,87.78,15.82,31.84,26.12,87.4,8.22
2026-07-31,Gangetic_New_Alluvial_Zone,Hooghly,22.88,87.78,5.85,31.82,26.08,86.6,14.07
2026-08-01,Gangetic_New_Alluvial_Zone,Hooghly,22.88,87.78,10.71,32.91,25.74,88.0,17.5
2026-08-02,Gangetic_New_Alluvial_Zone,Hooghly,22.88,87.78,14.37,31.73,26.29,90.6,13.59
2026-08-03,Gangetic_New_Alluvial_Zone,Hooghly,22.88,87.78,13.55,33.01,27.06,88.6,17.78
2026-08-04,Gangetic_New_Alluvial_Zone,Hooghly,22.88,87.78,10.25,32.86,26.69,89.3,15.89
2026-08-05,Gangetic_New_Alluvial_Zone,Hooghly,22.88,87.78,16.22,29.99,26.39,93.1,10.26
2026-08-06,Gangetic_New_Alluvial_Zone,Hooghly,22.88,87.78,7.67,30.21,26.45,90.7,11.2
2026-08-07,Gangetic_New_Alluvial_Zone,Hooghly,22.88,87.78,12.67,30.91,25.86,89.7,11.2
2026-08-08,Gangetic_New_Alluvial_Zone,Hooghly,22.88,87.78,9.58,31.96,25.39,88.6,9.11
2026-08-09,Gangetic_New_Alluvial_Zone,Hooghly,22.88,87.78,11.8,32.8,25.76,88.3,15.64
2026-08-10,Gangetic_New_Alluvial_Zone,Hooghly,22.88,87.78,5.87,32.83,26.21,86.5,19.45
2026-08-11,Gangetic_New_Alluvial_Zone,Hooghly,22.88,87.78,7.46,33.19,26.16,85.4,17.35
2026-08-12,Gangetic_New_Alluvial_Zone,Hooghly,22.88,87.78,8.03,31.9,26.76,87.1,14.49
2026-08-13,Gangetic_New_Alluvial_Zone,Hooghly,22.88,87.78,10.49,30.49,26.54,91.6,5.99
2026-08-14,Gangetic_New_Alluvial_Zone,Hooghly,22.88,87.78,12.1,32.18,26.17,89.7,11.44
2026-08-15,Gangetic_New_Alluvial_Zone,Hooghly,22.88,87.78,12.56,32.19,26.15,90.2,13.95
2026-08-16,Gangetic_New_Alluvial_Zone,Hooghly,22.88,87.78,7.27,32.44,25.92,88.5,12.85
2026-08-17,Gangetic_New_Alluvial_Zone,Hooghly,22.88,87.78,21.82,31.41,26.65,90.7,4.29
2026-08-18,Gangetic_New_Alluvial_Zone,Hooghly,22.88,87.78,34.86,29.43,26.04,94.0,7.68
2026-08-19,Gangetic_New_Alluvial_Zone,Hooghly,22.88,87.78,6.81,31.3,25.21,90.3,18.87
2026-08-20,Gangetic_New_Alluvial_Zone,Hooghly,22.88,87.78,6.6,32.3,25.73,89.2,20.27
2026-08-21,Gangetic_New_Alluvial_Zone,Hooghly,22.88,87.78,8.12,33.11,26.1,88.5,18.82
2026-08-22,Gangetic_New_Alluvial_Zone,Hooghly,22.88,87.78,5.1,32.7,26.56,89.0,20.28
2026-08-23,Gangetic_New_Alluvial_Zone,Hooghly,22.88,87.78,6.02,32.05,25.86,89.7,15.02
2026-08-24,Gangetic_New_Alluvial_Zone,Hooghly,22.88,87.78,10.25,31.95,26.54,90.8,12.69
2026-08-25,Gangetic_New_Alluvial_Zone,Hooghly,22.88,87.78,8.71,31.54,26.19,91.5,17.0
2026-08-26,Gangetic_New_Alluvial_Zone,Hooghly,22.88,87.78,8.1,31.9,26.57,90.7,9.65
2026-08-27,Gangetic_New_Alluvial_Zone,Hooghly,22.88,87.78,7.37,33.78,26.91,87.3,17.97
2026-08-28,Gangetic_New_Alluvial_Zone,Hooghly,22.88,87.78,5.07,32.91,26.75,87.3,20.41
2026-08-29,Gangetic_New_Alluvial_Zone,Hooghly,22.88,87.78,5.61,32.83,27.01,88.2,17.37
2026-08-30,Gangetic_New_Alluvial_Zone,Hooghly,22.88,87.78,8.76,31.66,26.72,90.3,10.13
2026-08-31,Gangetic_New_Alluvial_Zone,Hooghly,22.88,87.78,30.28,28.48,26.3,96.1,10.2
2026-09-01,Gangetic_New_Alluvial_Zone,Hooghly,22.88,87.78,27.79,29.84,26.16,94.6,1.2
2026-09-02,Gangetic_New_Alluvial_Zone,Hooghly,22.88,87.78,20.68,30.33,25.82,92.2,6.82
2026-09-03,Gangetic_New_Alluvial_Zone,Hooghly,22.88,87.78,13.89,30.65,25.78,91.1,16.7
2026-09-04,Gangetic_New_Alluvial_Zone,Hooghly,22.88,87.78,12.14,31.86,25.55,89.2,15.22
2026-09-05,Gangetic_New_Alluvial_Zone,Hooghly,22.88,87.78,10.39,31.82,25.67,89.3,19.24
2026-09-06,Gangetic_New_Alluvial_Zone,Hooghly,22.88,87.78,3.87,32.58,26.01,88.2,15.71
2026-09-07,Gangetic_New_Alluvial_Zone,Hooghly,22.88,87.78,7.1,32.55,26.63,88.8,3.79
2026-09-08,Gangetic_New_Alluvial_Zone,Hooghly,22.88,87.78,7.9,32.56,26.59,86.9,17.42
2026-09-09,Gangetic_New_Alluvial_Zone,Hooghly,22.88,87.78,6.7,33.04,26.77,85.0,
2026-09-10,Gangetic_New_Alluvial_Zone,Hooghly,22.88,87.78,7.7,30.13,26.58,92.1,
2026-01-01,Terai_Teesta_Alluvial_Zone,Jalpaiguri,26.54,88.72,0.0,21.6,11.72,72.7,12.17
2026-01-02,Terai_Teesta_Alluvial_Zone,Jalpaiguri,26.54,88.72,0.0,22.19,12.84,74.7,11.58
2026-01-03,Terai_Teesta_Alluvial_Zone,Jalpaiguri,26.54,88.72,0.0,21.32,13.6,72.4,8.59
2026-01-04,Terai_Teesta_Alluvial_Zone,Jalpaiguri,26.54,88.72,0.0,20.95,12.62,73.5,4.17
2026-01-05,Terai_Teesta_Alluvial_Zone,Jalpaiguri,26.54,88.72,0.0,20.78,10.95,73.2,6.18
2026-01-06,Terai_Teesta_Alluvial_Zone,Jalpaiguri,26.54,88.72,0.0,21.4,10.74,68.5,8.5
2026-01-07,Terai_Teesta_Alluvial_Zone,Jalpaiguri,26.54,88.72,0.0,22.26,10.81,62.6,11.82
2026-01-08,Terai_Teesta_Alluvial_Zone,Jalpaiguri,26.54,88.72,0.0,22.34,12.04,59.9,12.33
2026-01-09,Terai_Teesta_Alluvial_Zone,Jalpaiguri,26.54,88.72,0.0,22.81,12.69,59.9,12.7
2026-01-10,Terai_Teesta_Alluvial_Zone,Jalpaiguri,26.54,88.72,0.0,21.7,11.14,61.3,11.8
2026-01-11,Terai_Teesta_Alluvial_Zone,Jalpaiguri,26.54,88.72,0.0,23.31,11.26,58.9,12.65
2026-01-12,Terai_Teesta_Alluvial_Zone,Jalpaiguri,26.54,88.72,0.0,23.58,12.08,55.9,13.11
2026-01-13,Terai_Teesta_Alluvial_Zone,Jalpaiguri,26.54,88.72,0.0,23.71,12.41,55.6,15.02
2026-01-14,Terai_Teesta_Alluvial_Zone,Jalpaiguri,26.54,88.72,0.0,24.1,12.77,59.4,13.11
2026-01-15,Terai_Teesta_Alluvial_Zone,Jalpaiguri,26.54,88.72,0.0,23.42,13.23,60.8,12.84
2026-01-16,Terai_Teesta_Alluvial_Zone,Jalpaiguri,26.54,88.72,0.0,24.24,13.48,58.2,13.39
2026-01-17,Terai_Teesta_Alluvial_Zone,Jalpaiguri,26.54,88.72,0.0,24.29,13.31,56.6,14.03
2026-01-18,Terai_Teesta_Alluvial_Zone,Jalpaiguri,26.54,88.72,0.0,25.03,13.1,59.3,13.5
2026-01-19,Terai_Teesta_Alluvial_Zone,Jalpaiguri,26.54,88.72,0.0,24.69,13.58,59.5,13.94
2026-01-20,Terai_Teesta_Alluvial_Zone,Jalpaiguri,26.54,88.72,0.0,24.32,12.62,60.1,11.45
2026-01-21,Terai_Teesta_Alluvial_Zone,Jalpaiguri,26.54,88.72,0.0,24.83,12.65,60.2,11.44
2026-01-22,Terai_Teesta_Alluvial_Zone,Jalpaiguri,26.54,88.72,0.0,24.08,11.65,57.1,11.77
2026-01-23,Terai_Teesta_Alluvial_Zone,Jalpaiguri,26.54,88.72,0.0,24.68,13.67,56.6,13.38
2026-01-24,Terai_Teesta_Alluvial_Zone,Jalpaiguri,26.54,88.72,0.0,26.16,14.52,58.0,15.27
2026-01-25,Terai_Teesta_Alluvial_Zone,Jalpaiguri,26.54,88.72,0.0,24.06,13.42,59.1,13.12
2026-01-26,Terai_Teesta_Alluvial_Zone,Jalpaiguri,26.54,88.72,0.0,24.72,12.97,60.7,12.54
2026-01-27,Terai_Teesta_Alluvial_Zone,Jalpaiguri,26.54,88.72,0.0,24.7,12.6,61.2,14.04
2026-01-28,Terai_Teesta_Alluvial_Zone,Jalpaiguri,26.54,88.72,0.02,25.13,14.14,59.8,12.36
2026-01-29,Terai_Teesta_Alluvial_Zone,Jalpaiguri,26.54,88.72,0.02,26.26,14.47,60.3,13.45
2026-01-30,Terai_Teesta_Alluvial_Zone,Jalpaiguri,26.54,88.72,0.0,24.86,13.03,61.6,11.42
2026-01-31,Terai_Teesta_Alluvial_Zone,Jalpaiguri,26.54,88.72,0.0,25.26,13.77,58.5,11.94
2026-02-01,Terai_Teesta_Alluvial_Zone,Jalpaiguri,26.54,88.72,0.0,25.84,14.86,59.4,12.02
2026-02-02,Terai_Teesta_Alluvial_Zone,Jalpaiguri,26.54,88.72,0.0,26.6,14.89,57.2,13.78
2026-02-03,Terai_Teesta_Alluvial_Zone,Jalpaiguri,26.54,88.72,0.0,26.03,15.27,57.5,13.71
2026-02-04,Terai_Teesta_Alluvial_Zone,Jalpaiguri,26.54,88.72,0.0,27.41,15.82,50.5,14.75
2026-02-05,Terai_Teesta_Alluvial_Zone,Jalpaiguri,26.54,88.72,0.0,26.56,12.76,49.2,15.89
2026-02-06,Terai_Teesta_Alluvial_Zone,Jalpaiguri,26.54,88.72,0.0,25.15,11.87,48.9,14.3
2026-02-07,Terai_Teesta_Alluvial_Zone,Jalpaiguri,26.54,88.72,0.0,25.03,13.22,52.0,14.11
2026-02-08,Terai_Teesta_Alluvial_Zone,Jalpaiguri,26.54,88.72,0.0,25.94,13.49,51.2,12.77
2026-02-09,Terai_Teesta_Alluvial_Zone,Jalpaiguri,26.54,88.72,0.0,25.55,13.64,50.5,12.77
2026-02-10,Terai_Teesta_Alluvial_Zone,Jalpaiguri,26.54,88.72,0.0,27.59,15.49,50.8,14.26
2026-02-11,Terai_Teesta_Alluvial_Zone,Jalpaiguri,26.54,88.72,0.0,27.18,14.69,51.0,14.78
2026-02-12,Terai_Teesta_Alluvial_Zone,Jalpaiguri,26.54,88.72,0.0,27.03,14.11,50.2,14.66
2026-02-13,Terai_Teesta_Alluvial_Zone,Jalpaiguri,26.54,88.72,0.0,27.83,13.99,49.3,15.2
2026-02-14,Terai_Teesta_Alluvial_Zone,Jalpaiguri,26.54,88.72,0.0,28.11,16.24,44.9,15.57
2026-02-15,Terai_Teesta_Alluvial_Zone,Jalpaiguri,26.54,88.72,0.0,27.8,14.4,48.5,15.52
2026-02-16,Terai_Teesta_Alluvial_Zone,Jalpaiguri,26.54,88.72,0.0,27.77,14.59,48.0,14.8
2026-02-17,Terai_Teesta_Alluvial_Zone,Jalpaiguri,26.54,88.72,0.0,29.23,16.69,44.4,17.56
2026-02-18,Terai_Teesta_Alluvial_Zone,Jalpaiguri,26.54,88.72,0.0,30.51,17.03,42.3,19.61
2026-02-19,Terai_Teesta_Alluvial_Zone,Jalpaiguri,26.54,88.72,0.0,31.37,17.96,41.4,18.24
2026-02-20,Terai_Teesta_Alluvial_Zone,Jalpaiguri,26.54,88.72,0.0,31.64,18.37,42.2,17.19
2026-02-21,Terai_Teesta_Alluvial_Zone,Jalpaiguri,26.54,88.72,0.0,31.82,17.63,38.2,15.99
2026-02-22,Terai_Teesta_Alluvial_Zone,Jalpaiguri,26.54,88.72,0.0,30.46,17.05,37.9,16.33
2026-02-23,Terai_Teesta_Alluvial_Zone,Jalpaiguri,26.54,88.72,0.0,29.28,15.37,40.4,15.83
2026-02-24,Terai_Teesta_Alluvial_Zone,Jalpaiguri,26.54,88.72,0.53,29.04,15.67,43.8,13.43
2026-02-25,Terai_Teesta_Alluvial_Zone,Jalpaiguri,26.54,88.72,0.42,29.07,17.76,47.3,14.83
2026-02-26,Terai_Teesta_Alluvial_Zone,Jalpaiguri,26.54,88.72,0.07,29.32,16.15,45.8,13.94
2026-02-27,Terai_Teesta_Alluvial_Zone,Jalpaiguri,26.54,88.72,0.55,28.3,15.33,42.3,14.17
2026-02-28,Terai_Teesta_Alluvial_Zone,Jalpaiguri,26.54,88.72,1.62,28.9,16.24,42.8,11.99
2026-03-01,Terai_Teesta_Alluvial_Zone,Jalpaiguri,26.54,88.72,1.43,29.59,14.74,46.9,19.26
2026-03-02,Terai_Teesta_Alluvial_Zone,Jalpaiguri,26.54,88.72,1.58,30.5,15.92,43.8,18.65
2026-03-03,Terai_Teesta_Alluvial_Zone,Jalpaiguri,26.54,88.72,0.09,30.13,15.69,42.3,14.76
2026-03-04,Terai_Teesta_Alluvial_Zone,Jalpaiguri,26.54,88.72,0.0,31.16,16.55,40.9,17.1
2026-03-05,Terai_Teesta_Alluvial_Zone,Jalpaiguri,26.54,88.72,0.0,32.1,17.94,45.4,15.48
2026-03-06,Terai_Teesta_Alluvial_Zone,Jalpaiguri,26.54,88.72,0.0,33.51,19.62,42.0,13.98
2026-03-07,Terai_Teesta_Alluvial_Zone,Jalpaiguri,26.54,88.72,0.0,32.49,20.76,42.6,12.33
2026-03-08,Terai_Teesta_Alluvial_Zone,Jalpaiguri,26.54,88.72,0.0,32.2,20.51,47.2,9.33
2026-03-09,Terai_Teesta_Alluvial_Zone,Jalpaiguri,26.54,88.72,0.57,30.6,20.95,54.5,9.38
2026-03-10,Terai_Teesta_Alluvial_Zone,Jalpaiguri,26.54,88.72,0.15,32.56,20.87,50.2,12.91
2026-03-11,Terai_Teesta_Alluvial_Zone,Jalpaiguri,26.54,88.72,2.39,32.98,21.24,52.9,10.81
2026-03-12,Terai_Teesta_Alluvial_Zone,Jalpaiguri,26.54,88.72,26.17,29.12,22.28,74.0,9.46
2026-03-13,Terai_Teesta_Alluvial_Zone,Jalpaiguri,26.54,88.72,25.0,27.66,20.02,75.4,6.35
2026-03-14,Terai_Teesta_Alluvial_Zone,Jalpaiguri,26.54,88.72,0.59,31.13,19.24,62.3,11.11
2026-03-15,Terai_Teesta_Alluvial_Zone,Jalpaiguri,26.54,88.72,5.11,30.4,18.7,55.6,11.01
2026-03-16,Terai_Teesta_Alluvial_Zone,Jalpaiguri,26.54,88.72,3.36,30.61,17.98,54.9,14.13
2026-03-17,Terai_Teesta_Alluvial_Zone,Jalpaiguri,26.54,88.72,3.61,31.71,17.77,50.8,18.15
2026-03-18,Terai_Teesta_Alluvial_Zone,Jalpaiguri,26.54,88.72,3.69,32.73,17.99,42.9,17.86
2026-03-19,Terai_Teesta_Alluvial_Zone,Jalpaiguri,26.54,88.72,7.27,30.87,18.32,56.0,16.34
2026-03-20,Terai_Teesta_Alluvial_Zone,Jalpaiguri,26.54,88.72,8.09,27.4,18.76,74.6,14.72
2026-03-21,Terai_Teesta_Alluvial_Zone,Jalpaiguri,26.54,88.72,32.2,23.57,18.66,83.7,3.98
2026-03-22,Terai_Teesta_Alluvial_Zone,Jalpaiguri,26.54,88.72,3.08,26.28,17.32,73.8,15.07
2026-03-23,Terai_Teesta_Alluvial_Zone,Jalpaiguri,26.54,88.72,1.52,26.58,16.64,71.8,15.93
2026-03-24,Terai_Teesta_Alluvial_Zone,Jalpaiguri,26.54,88.72,8.3,28.17,18.34,66.2,15.68
2026-03-25,Terai_Teesta_Alluvial_Zone,Jalpaiguri,26.54,88.72,1.02,30.32,17.33,55.9,17.94
2026-03-26,Terai_Teesta_Alluvial_Zone,Jalpaiguri,26.54,88.72,3.24,29.84,18.11,57.3,16.93
2026-03-27,Terai_Teesta_Alluvial_Zone,Jalpaiguri,26.54,88.72,1.48,30.79,18.45,59.2,15.06
2026-03-28,Terai_Teesta_Alluvial_Zone,Jalpaiguri,26.54,88.72,23.77,25.98,18.77,76.4,11.04
2026-03-29,Terai_Teesta_Alluvial_Zone,Jalpaiguri,26.54,88.72,2.45,27.81,17.05,75.5,9.84
2026-03-30,Terai_Teesta_Alluvial_Zone,Jalpaiguri,26.54,88.72,2.34,29.25,18.01,73.3,7.44
2026-03-31,Terai_Teesta_Alluvial_Zone,Jalpaiguri,26.54,88.72,3.15,30.11,19.72,70.4,10.97
2026-04-01,Terai_Teesta_Alluvial_Zone,Jalpaiguri,26.54,88.72,14.56,31.13,20.33,69.9,16.54
2026-04-02,Terai_Teesta_Alluvial_Zone,Jalpaiguri,26.54,88.72,0.01,34.7,19.92,52.2,21.41
2026-04-03,Terai_Teesta_Alluvial_Zone,Jalpaiguri,26.54,88.72,0.05,33.7,20.13,53.7,18.47
2026-04-04,Terai_Teesta_Alluvial_Zone,Jalpaiguri,26.54,88.72,0.24,34.05,21.34,56.8,14.86
2026-04-05,Terai_Teesta_Alluvial_Zone,Jalpaiguri,26.54,88.72,1.48,32.56,20.06,53.6,18.0
2026-04-06,Terai_Teesta_Alluvial_Zone,Jalpaiguri,26.54,88.72,0.05,32.69,19.22,57.0,17.6
2026-04-07,Terai_Teesta_Alluvial_Zone,Jalpaiguri,26.54,88.72,0.75,32.64,19.54,55.2,22.14
2026-04-08,Terai_Teesta_Alluvial_Zone,Jalpaiguri,26.54,88.72,0.82,29.75,17.93,61.0,17.57
2026-04-09,Terai_Teesta_Alluvial_Zone,Jalpaiguri,26.54,88.72,13.64,28.3,19.8,66.7,15.68
2026-04-10,Terai_Teesta_Alluvial_Zone,Jalpaiguri,26.54,88.72,7.44,29.4,18.33,60.0,18.12
2026-04-11,Terai_Teesta_Alluvial_Zone,Jalpaiguri,26.54,88.72,3.72,31.38,17.38,51.3,20.85
2026-04-12,Terai_Teesta_Alluvial_Zone,Jalpaiguri,26.54,88.72,1.75,31.09,17.79,58.9,18.32
2026-04-13,Terai_Teesta_Alluvial_Zone,Jalpaiguri,26.54,88.72,1.8,32.86,19.08,57.9,20.13
2026-04-14,Terai_Teesta_Alluvial_Zone,Jalpaiguri,26.54,88.72,1.15,32.01,18.86,58.8,17.72
2026-04-15,Terai_Teesta_Alluvial_Zone,Jalpaiguri,26.54,88.72,0.95,32.5,19.27,60.5,14.58
2026-04-16,Terai_Teesta_Alluvial_Zone,Jalpaiguri,26.54,88.72,1.23,32.2,20.02,66.0,13.2
2026-04-17,Terai_Teesta_Alluvial_Zone,Jalpaiguri,26.54,88.72,3.69,32.55,21.17,69.3,15.79
2026-04-18,Terai_Teesta_Alluvial_Zone,Jalpaiguri,26.54,88.72,15.23,31.34,21.86,76.1,12.35
2026-04-19,Terai_Teesta_Alluvial_Zone,Jalpaiguri,26.54,88.72,8.33,32.54,22.04,74.0,13.51
2026-04-20,Terai_Teesta_Alluvial_Zone,Jalpaiguri,26.54,88.72,8.19,33.95,22.14,70.7,13.4
2026-04-21,Terai_Teesta_Alluvial_Zone,Jalpaiguri,26.54,88.72,2.59,38.1,22.15,48.6,16.48
2026-04-22,Terai_Teesta_Alluvial_Zone,Jalpaiguri,26.54,88.72,5.57,36.37,22.2,47.2,19.8
2026-04-23,Terai_Teesta_Alluvial_Zone,Jalpaiguri,26.54,88.72,2.44,32.74,21.56,69.8,15.91
2026-04-24,Terai_Teesta_Alluvial_Zone,Jalpaiguri,26.54,88.72,3.57,33.21,22.64,73.6,14.06
2026-04-25,Terai_Teesta_Alluvial_Zone,Jalpaiguri,26.54,88.72,14.25,32.19,23.65,78.7,15.94
2026-04-26,Terai_Teesta_Alluvial_Zone,Jalpaiguri,26.54,88.72,33.51,29.64,22.61,81.0,2.3
2026-04-27,Terai_Teesta_Alluvial_Zone,Jalpaiguri,26.54,88.72,7.05,29.4,21.0,82.0,6.03
2026-04-28,Terai_Teesta_Alluvial_Zone,Jalpaiguri,26.54,88.72,14.77,31.21,21.62,81.9,12.86
2026-04-29,Terai_Teesta_Alluvial_Zone,Jalpaiguri,26.54,88.72,57.66,27.64,22.1,88.9,7.9
2026-04-30,Terai_Teesta_Alluvial_Zone,Jalpaiguri,26.54,88.72,29.19,25.4,21.53,90.2,16.97
2026-05-01,Terai_Teesta_Alluvial_Zone,Jalpaiguri,26.54,88.72,16.06,22.63,18.71,90.8,15.86
2026-05-02,Terai_Teesta_Alluvial_Zone,Jalpaiguri,26.54,88.72,19.67,27.54,20.43,84.9,10.39
2026-05-03,Terai_Teesta_Alluvial_Zone,Jalpaiguri,26.54,88.72,4.96,27.5,20.3,83.0,17.57
2026-05-04,Terai_Teesta_Alluvial_Zone,Jalpaiguri,26.54,88.72,4.13,29.04,20.57,82.6,18.81
2026-05-05,Terai_Teesta_Alluvial_Zone,Jalpaiguri,26.54,88.72,15.48,29.49,21.45,84.8,22.1
2026-05-06,Terai_Teesta_Alluvial_Zone,Jalpaiguri,26.54,88.72,12.88,28.48,21.76,77.8,8.74
2026-05-07,Terai_Teesta_Alluvial_Zone,Jalpaiguri,26.54,88.72,6.01,29.49,22.11,71.4,21.21
2026-05-08,Terai_Teesta_Alluvial_Zone,Jalpaiguri,26.54,88.72,4.66,29.2,20.23,74.5,15.59
2026-05-09,Terai_Teesta_Alluvial_Zone,Jalpaiguri,26.54,88.72,4.58,29.69,21.93,71.3,21.0
2026-05-10,Terai_Teesta_Alluvial_Zone,Jalpaiguri,26.54,88.72,4.07,29.97,21.74,77.3,9.56
2026-05-11,Terai_Teesta_Alluvial_Zone,Jalpaiguri,26.54,88.72,11.04,29.23,21.92,83.8,22.11
2026-05-12,Terai_Teesta_Alluvial_Zone,Jalpaiguri,26.54,88.72,13.56,28.73,21.91,86.3,14.6
2026-05-13,Terai_Teesta_Alluvial_Zone,Jalpaiguri,26.54,88.72,36.58,29.16,22.88,87.4,11.26
2026-05-14,Terai_Teesta_Alluvial_Zone,Jalpaiguri,26.54,88.72,30.16,30.28,22.5,84.4,18.97
2026-05-15,Terai_Teesta_Alluvial_Zone,Jalpaiguri,26.54,88.72,6.42,30.76,22.89,81.3,18.67
2026-05-16,Terai_Teesta_Alluvial_Zone,Jalpaiguri,26.54,88.72,36.63,30.81,24.25,83.8,14.91
2026-05-17,Terai_Teesta_Alluvial_Zone,Jalpaiguri,26.54,88.72,15.28,31.77,22.94,76.9,12.3
2026-05-18,Terai_Teesta_Alluvial_Zone,Jalpaiguri,26.54,88.72,13.48,31.03,22.62,84.2,11.23
2026-05-19,Terai_Teesta_Alluvial_Zone,Jalpaiguri,26.54,88.72,0.37,31.68,23.49,86.1,17.87
2026-05-20,Terai_Teesta_Alluvial_Zone,Jalpaiguri,26.54,88.72,9.38,32.29,25.03,85.0,16.28
2026-05-21,Terai_Teesta_Alluvial_Zone,Jalpaiguri,26.54,88.72,38.42,31.23,25.75,89.5,11.99
2026-05-22,Terai_Teesta_Alluvial_Zone,Jalpaiguri,26.54,88.72,14.87,31.92,24.93,87.1,8.63
2026-05-23,Terai_Teesta_Alluvial_Zone,Jalpaiguri,26.54,88.72,4.43,32.52,25.11,82.7,9.92
2026-05-24,Terai_Teesta_Alluvial_Zone,Jalpaiguri,26.54,88.72,18.93,32.38,24.26,81.2,11.84
2026-05-25,Terai_Teesta_Alluvial_Zone,Jalpaiguri,26.54,88.72,24.8,31.23,23.74,85.8,16.02
2026-05-26,Terai_Teesta_Alluvial_Zone,Jalpaiguri,26.54,88.72,25.88,31.19,24.51,85.5,18.4
2026-05-27,Terai_Teesta_Alluvial_Zone,Jalpaiguri,26.54,88.72,6.04,30.47,23.7,88.1,13.18
2026-05-28,Terai_Teesta_Alluvial_Zone,Jalpaiguri,26.54,88.72,8.46,28.05,23.85,89.3,18.94
2026-05-29,Terai_Teesta_Alluvial_Zone,Jalpaiguri,26.54,88.72,3.25,30.5,24.01,82.1,21.89
2026-05-30,Terai_Teesta_Alluvial_Zone,Jalpaiguri,26.54,88.72,0.54,31.31,25.37,77.9,18.67
2026-05-31,Terai_Teesta_Alluvial_Zone,Jalpaiguri,26.54,88.72,0.17,31.73,25.73,79.8,23.94
2026-06-01,Terai_Teesta_Alluvial_Zone,Jalpaiguri,26.54,88.72,3.01,32.32,25.05,80.7,22.61
2026-06-02,Terai_Teesta_Alluvial_Zone,Jalpaiguri,26.54,88.72,2.05,33.16,25.84,79.2,23.16
2026-06-03,Terai_Teesta_Alluvial_Zone,Jalpaiguri,26.54,88.72,4.68,33.33,25.6,72.9,21.37
2026-06-04,Terai_Teesta_Alluvial_Zone,Jalpaiguri,26.54,88.72,6.09,33.07,24.44,78.0,20.91
2026-06-05,Terai_Teesta_Alluvial_Zone,Jalpaiguri,26.54,88.72,27.49,32.27,25.68,85.1,19.2
2026-06-06,Terai_Teesta_Alluvial_Zone,Jalpaiguri,26.54,88.72,16.97,31.99,25.55,87.3,11.74
2026-06-07,Terai_Teesta_Alluvial_Zone,Jalpaiguri,26.54,88.72,4.9,32.9,25.52,82.8,21.42
2026-06-08,Terai_Teesta_Alluvial_Zone,Jalpaiguri,26.54,88.72,21.76,32.2,25.94,83.9,19.12
2026-06-09,Terai_Teesta_Alluvial_Zone,Jalpaiguri,26.54,88.72,19.28,32.36,25.09,84.5,17.38
2026-06-10,Terai_Teesta_Alluvial_Zone,Jalpaiguri,26.54,88.72,19.22,31.81,25.01,87.8,20.48
2026-06-11,Terai_Teesta_Alluvial_Zone,Jalpaiguri,26.54,88.72,17.59,30.66,25.29,88.9,6.88
2026-06-12,Terai_Teesta_Alluvial_Zone,Jalpaiguri,26.54,88.72,2.51,30.78,24.79,84.6,17.34
2026-06-13,Terai_Teesta_Alluvial_Zone,Jalpaiguri,26.54,88.72,7.51,31.13,25.04,83.3,19.2
2026-06-14,Terai_Teesta_Alluvial_Zone,Jalpaiguri,26.54,88.72,12.24,31.54,25.63,85.9,17.86
2026-06-15,Terai_Teesta_Alluvial_Zone,Jalpaiguri,26.54,88.72,5.09,32.54,25.81,83.7,20.54
2026-06-16,Terai_Teesta_Alluvial_Zone,Jalpaiguri,26.54,88.72,9.69,30.38,25.59,90.0,21.99
2026-06-17,Terai_Teesta_Alluvial_Zone,Jalpaiguri,26.54,88.72,15.78,32.15,25.13,87.0,22.07
2026-06-18,Terai_Teesta_Alluvial_Zone,Jalpaiguri,26.54,88.72,21.62,31.96,26.03,88.1,13.06
2026-06-19,Terai_Teesta_Alluvial_Zone,Jalpaiguri,26.54,88.72,31.42,30.49,25.37,90.2,11.91
2026-06-20,Terai_Teesta_Alluvial_Zone,Jalpaiguri,26.54,88.72,32.54,31.56,24.98,88.8,14.86
2026-06-21,Terai_Teesta_Alluvial_Zone,Jalpaiguri,26.54,88.72,51.01,31.63,25.81,89.4,13.91
2026-06-22,Terai_Teesta_Alluvial_Zone,Jalpaiguri,26.54,88.72,16.57,31.22,25.67,91.0,10.91
2026-06-23,Terai_Teesta_Alluvial_Zone,Jalpaiguri,26.54,88.72,42.72,30.97,25.68,90.2,9.67
2026-06-24,Terai_Teesta_Alluvial_Zone,Jalpaiguri,26.54,88.72,7.36,32.26,25.93,85.9,22.5
2026-06-25,Terai_Teesta_Alluvial_Zone,Jalpaiguri,26.54,88.72,34.35,32.17,25.87,87.7,21.71
2026-06-26,Terai_Teesta_Alluvial_Zone,Jalpaiguri,26.54,88.72,14.92,32.02,25.84,88.3,19.71
2026-06-27,Terai_Teesta_Alluvial_Zone,Jalpaiguri,26.54,88.72,28.4,32.48,25.61,88.5,14.57
2026-06-28,Terai_Teesta_Alluvial_Zone,Jalpaiguri,26.54,88.72,42.2,32.0,26.48,90.1,10.63
2026-06-29,Terai_Teesta_Alluvial_Zone,Jalpaiguri,26.54,88.72,55.63,30.84,26.42,92.8,9.94
2026-06-30,Terai_Teesta_Alluvial_Zone,Jalpaiguri,26.54,88.72,39.71,29.84,26.22,91.3,11.6
2026-07-01,Terai_Teesta_Alluvial_Zone,Jalpaiguri,26.54,88.72,8.75,31.96,25.85,86.5,11.68
2026-07-02,Terai_Teesta_Alluvial_Zone,Jalpaiguri,26.54,88.72,6.21,31.02,26.0,88.5,16.57
2026-07-03,Terai_Teesta_Alluvial_Zone,Jalpaiguri,26.54,88.72,3.82,32.52,27.08,87.3,22.86
2026-07-04,Terai_Teesta_Alluvial_Zone,Jalpaiguri,26.54,88.72,3.91,33.65,26.91,83.6,21.63
2026-07-05,Terai_Teesta_Alluvial_Zone,Jalpaiguri,26.54,88.72,6.31,31.14,27.3,89.8,15.9
2026-07-06,Terai_Teesta_Alluvial_Zone,Jalpaiguri,26.54,88.72,9.86,31.83,26.11,89.4,17.65
2026-07-07,Terai_Teesta_Alluvial_Zone,Jalpaiguri,26.54,88.72,34.89,31.27,26.23,91.4,10.57
2026-07-08,Terai_Teesta_Alluvial_Zone,Jalpaiguri,26.54,88.72,38.33,31.15,25.7,90.6,5.89
2026-07-09,Terai_Teesta_Alluvial_Zone,Jalpaiguri,26.54,88.72,41.04,31.26,26.5,91.9,7.32
2026-07-10,Terai_Teesta_Alluvial_Zone,Jalpaiguri,26.54,88.72,15.28,31.69,26.29,89.1,12.16
2026-07-11,Terai_Teesta_Alluvial_Zone,Jalpaiguri,26.54,88.72,11.08,32.78,26.4,88.1,11.65
2026-07-12,Terai_Teesta_Alluvial_Zone,Jalpaiguri,26.54,88.72,14.85,30.54,26.45,91.7,12.54
2026-07-13,Terai_Teesta_Alluvial_Zone,Jalpaiguri,26.54,88.72,50.92,29.37,26.42,92.9,6.3
2026-07-14,Terai_Teesta_Alluvial_Zone,Jalpaiguri,26.54,88.72,4.95,32.0,26.08,88.4,20.04
2026-07-15,Terai_Teesta_Alluvial_Zone,Jalpaiguri,26.54,88.72,3.41,30.56,26.49,87.7,8.07
2026-07-16,Terai_Teesta_Alluvial_Zone,Jalpaiguri,26.54,88.72,4.72,31.54,25.57,87.9,15.77
2026-07-17,Terai_Teesta_Alluvial_Zone,Jalpaiguri,26.54,88.72,13.37,31.37,25.64,89.3,15.32
2026-07-18,Terai_Teesta_Alluvial_Zone,Jalpaiguri,26.54,88.72,23.88,31.59,26.55,90.5,5.33
2026-07-19,Terai_Teesta_Alluvial_Zone,Jalpaiguri,26.54,88.72,62.69,29.78,26.27,92.8,8.51
2026-07-20,Terai_Teesta_Alluvial_Zone,Jalpaiguri,26.54,88.72,19.96,30.35,25.48,91.6,8.35
2026-07-21,Terai_Teesta_Alluvial_Zone,Jalpaiguri,26.54,88.72,22.86,30.01,24.8,91.1,18.94
2026-07-22,Terai_Teesta_Alluvial_Zone,Jalpaiguri,26.54,88.72,15.61,29.37,24.95,91.6,11.0
2026-07-23,Terai_Teesta_Alluvial_Zone,Jalpaiguri,26.54,88.72,11.54,30.44,25.25,90.3,17.28
2026-07-24,Terai_Teesta_Alluvial_Zone,Jalpaiguri,26.54,88.72,2.37,30.66,24.75,89.5,15.43
2026-07-25,Terai_Teesta_Alluvial_Zone,Jalpaiguri,26.54,88.72,0.32,32.08,25.74,87.3,18.97
2026-07-26,Terai_Teesta_Alluvial_Zone,Jalpaiguri,26.54,88.72,1.23,31.78,25.9,87.5,16.46
2026-07-27,Terai_Teesta_Alluvial_Zone,Jalpaiguri,26.54,88.72,1.38,31.83,26.61,86.2,19.69
2026-07-28,Terai_Teesta_Alluvial_Zone,Jalpaiguri,26.54,88.72,2.84,31.89,25.85,88.7,16.52
2026-07-29,Terai_Teesta_Alluvial_Zone,Jalpaiguri,26.54,88.72,3.42,29.45,25.72,90.6,12.42
2026-07-30,Terai_Teesta_Alluvial_Zone,Jalpaiguri,26.54,88.72,12.45,31.44,25.09,89.2,12.08
2026-07-31,Terai_Teesta_Alluvial_Zone,Jalpaiguri,26.54,88.72,22.64,31.63,25.42,88.2,16.95
2026-08-01,Terai_Teesta_Alluvial_Zone,Jalpaiguri,26.54,88.72,13.08,30.84,25.87,89.3,10.84
2026-08-02,Terai_Teesta_Alluvial_Zone,Jalpaiguri,26.54,88.72,33.61,28.33,25.67,94.7,14.95
2026-08-03,Terai_Teesta_Alluvial_Zone,Jalpaiguri,26.54,88.72,12.3,30.81,25.26,91.5,17.21
2026-08-04,Terai_Teesta_Alluvial_Zone,Jalpaiguri,26.54,88.72,25.8,29.61,26.01,93.2,19.4
2026-08-05,Terai_Teesta_Alluvial_Zone,Jalpaiguri,26.54,88.72,52.7,26.9,25.39,96.1,5.04
2026-08-06,Terai_Teesta_Alluvial_Zone,Jalpaiguri,26.54,88.72,2.26,31.52,25.0,85.3,23.37
2026-08-07,Terai_Teesta_Alluvial_Zone,Jalpaiguri,26.54,88.72,7.8,31.04,25.68,89.6,18.86
2026-08-08,Terai_Teesta_Alluvial_Zone,Jalpaiguri,26.54,88.72,10.81,31.44,25.28,89.0,17.47
2026-08-09,Terai_Teesta_Alluvial_Zone,Jalpaiguri,26.54,88.72,8.66,30.99,25.18,88.1,15.72
2026-08-10,Terai_Teesta_Alluvial_Zone,Jalpaiguri,26.54,88.72,4.37,32.06,25.25,84.6,21.05
2026-08-11,Terai_Teesta_Alluvial_Zone,Jalpaiguri,26.54,88.72,2.3,33.26,26.5,81.6,18.86
2026-08-12,Terai_Teesta_Alluvial_Zone,Jalpaiguri,26.54,88.72,3.24,33.67,27.11,82.5,11.99
2026-08-13,Terai_Teesta_Alluvial_Zone,Jalpaiguri,26.54,88.72,7.81,32.38,26.74,86.8,13.94
2026-08-14,Terai_Teesta_Alluvial_Zone,Jalpaiguri,26.54,88.72,5.89,31.93,25.5,87.1,20.02
2026-08-15,Terai_Teesta_Alluvial_Zone,Jalpaiguri,26.54,88.72,4.39,30.81,25.77,87.0,16.46
2026-08-16,Terai_Teesta_Alluvial_Zone,Jalpaiguri,26.54,88.72,5.17,31.59,25.67,85.8,16.79
2026-08-17,Terai_Teesta_Alluvial_Zone,Jalpaiguri,26.54,88.72,15.46,31.44,25.68,89.2,17.25
2026-08-18,Terai_Teesta_Alluvial_Zone,Jalpaiguri,26.54,88.72,10.16,31.78,25.27,88.5,17.07
2026-08-19,Terai_Teesta_Alluvial_Zone,Jalpaiguri,26.54,88.72,11.43,31.84,26.02,89.1,16.26
2026-08-20,Terai_Teesta_Alluvial_Zone,Jalpaiguri,26.54,88.72,8.46,31.98,26.26,88.5,16.84
2026-08-21,Terai_Teesta_Alluvial_Zone,Jalpaiguri,26.54,88.72,4.71,30.31,26.69,88.8,16.22
2026-08-22,Terai_Teesta_Alluvial_Zone,Jalpaiguri,26.54,88.72,4.71,32.88,26.28,83.9,19.59
2026-08-23,Terai_Teesta_Alluvial_Zone,Jalpaiguri,26.54,88.72,6.9,30.96,27.08,89.0,6.55
2026-08-24,Terai_Teesta_Alluvial_Zone,Jalpaiguri,26.54,88.72,8.89,30.12,26.18,90.6,12.9
2026-08-25,Terai_Teesta_Alluvial_Zone,Jalpaiguri,26.54,88.72,13.62,31.17,25.25,89.9,12.99
2026-08-26,Terai_Teesta_Alluvial_Zone,Jalpaiguri,26.54,88.72,15.42,30.66,25.69,89.0,17.53
2026-08-27,Terai_Teesta_Alluvial_Zone,Jalpaiguri,26.54,88.72,7.95,32.59,25.79,86.1,15.03
2026-08-28,Terai_Teesta_Alluvial_Zone,Jalpaiguri,26.54,88.72,9.07,31.15,26.78,90.4,16.38
2026-08-29,Terai_Teesta_Alluvial_Zone,Jalpaiguri,26.54,88.72,5.57,32.16,25.84,86.2,17.54
2026-08-30,Terai_Teesta_Alluvial_Zone,Jalpaiguri,26.54,88.72,8.58,32.98,27.15,84.8,7.24
2026-08-31,Terai_Teesta_Alluvial_Zone,Jalpaiguri,26.54,88.72,66.98,27.67,25.86,94.9,13.01
2026-09-01,Terai_Teesta_Alluvial_Zone,Jalpaiguri,26.54,88.72,18.57,27.91,24.17,91.6,13.28
2026-09-02,Terai_Teesta_Alluvial_Zone,Jalpaiguri,26.54,88.72,5.53,30.53,23.66,86.2,17.24
2026-09-03,Terai_Teesta_Alluvial_Zone,Jalpaiguri,26.54,88.72,5.11,30.71,24.45,88.0,15.35
2026-09-04,Terai_Teesta_Alluvial_Zone,Jalpaiguri,26.54,88.72,11.25,29.76,24.87,90.7,14.43
2026-09-05,Terai_Teesta_Alluvial_Zone,Jalpaiguri,26.54,88.72,9.65,30.19,24.78,91.1,16.01
2026-09-06,Terai_Teesta_Alluvial_Zone,Jalpaiguri,26.54,88.72,19.09,29.84,25.02,92.8,14.94
2026-09-07,Terai_Teesta_Alluvial_Zone,Jalpaiguri,26.54,88.72,10.28,29.74,25.55,90.3,14.77
2026-09-08,Terai_Teesta_Alluvial_Zone,Jalpaiguri,26.54,88.72,6.65,31.23,25.14,86.6,18.66
2026-09-09,Terai_Teesta_Alluvial_Zone,Jalpaiguri,26.54,88.72,5.17,31.26,25.79,87.2,
2026-09-10,Terai_Teesta_Alluvial_Zone,Jalpaiguri,26.54,88.72,4.14,32.43,26.22,83.2,
2026-01-01,Red_Laterite_Zone,Jhargram,22.45,86.98,0.0,22.79,8.16,75.9,12.79
2026-01-02,Red_Laterite_Zone,Jhargram,22.45,86.98,0.0,22.41,9.14,80.6,10.46
2026-01-03,Red_Laterite_Zone,Jhargram,22.45,86.98,0.0,22.17,10.4,83.8,10.54
2026-01-04,Red_Laterite_Zone,Jhargram,22.45,86.98,0.0,21.31,11.66,86.4,6.93
2026-01-05,Red_Laterite_Zone,Jhargram,22.45,86.98,0.0,20.44,8.5,81.4,12.47
2026-01-06,Red_Laterite_Zone,Jhargram,22.45,86.98,0.0,19.63,6.58,79.5,14.55
2026-01-07,Red_Laterite_Zone,Jhargram,22.45,86.98,0.0,20.39,6.48,75.8,15.46
2026-01-08,Red_Laterite_Zone,Jhargram,22.45,86.98,0.0,20.94,7.49,75.3,16.4
2026-01-09,Red_Laterite_Zone,Jhargram,22.45,86.98,0.0,20.3,6.11,71.2,16.85
2026-01-10,Red_Laterite_Zone,Jhargram,22.45,86.98,0.0,19.91,5.62,72.7,15.72
2026-01-11,Red_Laterite_Zone,Jhargram,22.45,86.98,0.0,21.83,7.24,73.0,15.68
2026-01-12,Red_Laterite_Zone,Jhargram,22.45,86.98,0.0,21.9,8.45,76.7,16.34
2026-01-13,Red_Laterite_Zone,Jhargram,22.45,86.98,0.0,21.17,7.46,72.7,15.53
2026-01-14,Red_Laterite_Zone,Jhargram,22.45,86.98,0.0,21.69,7.12,69.8,15.56
2026-01-15,Red_Laterite_Zone,Jhargram,22.45,86.98,0.0,21.16,7.0,68.1,16.37
2026-01-16,Red_Laterite_Zone,Jhargram,22.45,86.98,0.0,21.09,6.09,65.7,15.55
2026-01-17,Red_Laterite_Zone,Jhargram,22.45,86.98,0.0,21.68,6.95,69.3,14.84
2026-01-18,Red_Laterite_Zone,Jhargram,22.45,86.98,2.41,23.42,8.1,68.1,14.86
2026-01-19,Red_Laterite_Zone,Jhargram,22.45,86.98,0.0,24.58,8.82,66.9,14.77
2026-01-20,Red_Laterite_Zone,Jhargram,22.45,86.98,0.0,25.79,10.87,67.0,14.04
2026-01-21,Red_Laterite_Zone,Jhargram,22.45,86.98,0.0,25.15,11.7,71.0,13.07
2026-01-22,Red_Laterite_Zone,Jhargram,22.45,86.98,0.0,23.96,10.25,67.9,15.1
2026-01-23,Red_Laterite_Zone,Jhargram,22.45,86.98,0.0,24.61,9.34,68.3,15.97
2026-01-24,Red_Laterite_Zone,Jhargram,22.45,86.98,0.0,25.57,11.18,64.5,15.48
2026-01-25,Red_Laterite_Zone,Jhargram,22.45,86.98,0.0,25.37,10.8,66.5,14.07
2026-01-26,Red_Laterite_Zone,Jhargram,22.45,86.98,0.0,25.75,12.1,74.8,13.15
2026-01-27,Red_Laterite_Zone,Jhargram,22.45,86.98,0.0,25.46,12.17,77.3,13.89
2026-01-28,Red_Laterite_Zone,Jhargram,22.45,86.98,0.0,26.22,11.96,76.2,14.26
2026-01-29,Red_Laterite_Zone,Jhargram,22.45,86.98,0.0,25.99,13.48,80.6,13.26
2026-01-30,Red_Laterite_Zone,Jhargram,22.45,86.98,0.0,25.39,13.28,76.9,10.6
2026-01-31,Red_Laterite_Zone,Jhargram,22.45,86.98,0.0,25.19,11.37,73.2,12.24
2026-02-01,Red_Laterite_Zone,Jhargram,22.45,86.98,0.0,25.08,11.61,72.2,12.92
2026-02-02,Red_Laterite_Zone,Jhargram,22.45,86.98,0.0,24.83,11.56,69.6,16.55
2026-02-03,Red_Laterite_Zone,Jhargram,22.45,86.98,0.0,25.39,11.17,67.6,16.34
2026-02-04,Red_Laterite_Zone,Jhargram,22.45,86.98,0.0,26.05,12.73,72.7,15.13
2026-02-05,Red_Laterite_Zone,Jhargram,22.45,86.98,0.0,26.76,13.02,73.9,16.02
2026-02-06,Red_Laterite_Zone,Jhargram,22.45,86.98,0.0,25.31,11.41,68.0,18.5
2026-02-07,Red_Laterite_Zone,Jhargram,22.45,86.98,0.0,25.32,9.48,64.7,20.2
2026-02-08,Red_Laterite_Zone,Jhargram,22.45,86.98,0.0,26.84,9.88,61.8,19.93
2026-02-09,Red_Laterite_Zone,Jhargram,22.45,86.98,0.0,25.83,10.39,62.2,19.56
2026-02-10,Red_Laterite_Zone,Jhargram,22.45,86.98,0.0,26.83,9.84,58.3,19.46
2026-02-11,Red_Laterite_Zone,Jhargram,22.45,86.98,0.0,27.24,10.79,60.2,19.07
2026-02-12,Red_Laterite_Zone,Jhargram,22.45,86.98,0.0,27.82,12.44,62.9,19.23
2026-02-13,Red_Laterite_Zone,Jhargram,22.45,86.98,0.0,27.17,11.11,59.8,19.53
2026-02-14,Red_Laterite_Zone,Jhargram,22.45,86.98,0.0,28.45,12.11,63.6,19.16
2026-02-15,Red_Laterite_Zone,Jhargram,22.45,86.98,0.0,28.32,12.44,61.0,19.06
2026-02-16,Red_Laterite_Zone,Jhargram,22.45,86.98,0.0,27.78,11.49,57.7,19.73
2026-02-17,Red_Laterite_Zone,Jhargram,22.45,86.98,0.0,28.01,11.59,56.9,19.99
2026-02-18,Red_Laterite_Zone,Jhargram,22.45,86.98,0.0,28.75,11.53,52.7,20.28
2026-02-19,Red_Laterite_Zone,Jhargram,22.45,86.98,0.0,29.35,13.05,53.5,18.62
2026-02-20,Red_Laterite_Zone,Jhargram,22.45,86.98,0.0,30.14,15.36,58.7,17.98
2026-02-21,Red_Laterite_Zone,Jhargram,22.45,86.98,0.0,30.43,15.86,54.5,17.8
2026-02-22,Red_Laterite_Zone,Jhargram,22.45,86.98,0.0,30.59,17.82,60.4,16.65
2026-02-23,Red_Laterite_Zone,Jhargram,22.45,86.98,1.92,30.72,17.08,67.3,17.01
2026-02-24,Red_Laterite_Zone,Jhargram,22.45,86.98,3.89,29.19,16.82,69.2,14.68
2026-02-25,Red_Laterite_Zone,Jhargram,22.45,86.98,0.07,29.64,17.18,62.9,18.7
2026-02-26,Red_Laterite_Zone,Jhargram,22.45,86.98,0.0,29.16,13.33,52.3,20.19
2026-02-27,Red_Laterite_Zone,Jhargram,22.45,86.98,0.0,30.79,14.17,54.1,21.59
2026-02-28,Red_Laterite_Zone,Jhargram,22.45,86.98,0.0,31.77,14.43,54.1,21.06
2026-03-01,Red_Laterite_Zone,Jhargram,22.45,86.98,0.0,32.52,16.54,66.6,20.14
2026-03-02,Red_Laterite_Zone,Jhargram,22.45,86.98,0.0,32.7,18.59,61.2,22.38
2026-03-03,Red_Laterite_Zone,Jhargram,22.45,86.98,0.0,32.0,14.0,46.1,23.07
2026-03-04,Red_Laterite_Zone,Jhargram,22.45,86.98,0.0,31.48,14.36,49.2,21.99
2026-03-05,Red_Laterite_Zone,Jhargram,22.45,86.98,0.0,31.53,14.73,54.7,20.04
2026-03-06,Red_Laterite_Zone,Jhargram,22.45,86.98,0.0,31.6,18.7,67.3,17.4
2026-03-07,Red_Laterite_Zone,Jhargram,22.45,86.98,0.0,31.65,18.7,74.9,14.32
2026-03-08,Red_Laterite_Zone,Jhargram,22.45,86.98,0.01,32.53,20.42,74.3,13.5
2026-03-09,Red_Laterite_Zone,Jhargram,22.45,86.98,0.05,33.33,20.8,73.0,13.19
2026-03-10,Red_Laterite_Zone,Jhargram,22.45,86.98,0.05,32.97,20.86,72.3,9.71
2026-03-11,Red_Laterite_Zone,Jhargram,22.45,86.98,0.05,34.53,20.86,69.3,12.66
2026-03-12,Red_Laterite_Zone,Jhargram,22.45,86.98,0.03,34.83,21.51,69.0,16.44
2026-03-13,Red_Laterite_Zone,Jhargram,22.45,86.98,0.01,36.78,20.74,64.0,20.27
2026-03-14,Red_Laterite_Zone,Jhargram,22.45,86.98,0.0,37.0,19.43,60.4,20.11
2026-03-15,Red_Laterite_Zone,Jhargram,22.45,86.98,1.86,37.51,20.59,60.0,14.85
2026-03-16,Red_Laterite_Zone,Jhargram,22.45,86.98,12.78,35.26,20.9,68.4,15.39
2026-03-17,Red_Laterite_Zone,Jhargram,22.45,86.98,3.59,35.36,21.34,65.4,16.63
2026-03-18,Red_Laterite_Zone,Jhargram,22.45,86.98,0.27,35.5,20.59,63.1,18.44
2026-03-19,Red_Laterite_Zone,Jhargram,22.45,86.98,0.92,29.96,21.57,76.3,14.58
2026-03-20,Red_Laterite_Zone,Jhargram,22.45,86.98,3.64,34.07,21.6,64.7,12.9
2026-03-21,Red_Laterite_Zone,Jhargram,22.45,86.98,20.89,27.92,19.56,78.0,18.36
2026-03-22,Red_Laterite_Zone,Jhargram,22.45,86.98,0.05,30.01,16.85,67.6,21.98
2026-03-23,Red_Laterite_Zone,Jhargram,22.45,86.98,0.0,31.72,18.14,67.0,23.51
2026-03-24,Red_Laterite_Zone,Jhargram,22.45,86.98,0.0,34.11,18.93,68.6,18.23
2026-03-25,Red_Laterite_Zone,Jhargram,22.45,86.98,0.04,34.59,21.04,63.3,18.82
2026-03-26,Red_Laterite_Zone,Jhargram,22.45,86.98,0.25,34.95,22.17,67.2,18.07
2026-03-27,Red_Laterite_Zone,Jhargram,22.45,86.98,0.8,37.04,20.03,61.8,23.08
2026-03-28,Red_Laterite_Zone,Jhargram,22.45,86.98,5.82,34.38,21.85,70.8,21.99
2026-03-29,Red_Laterite_Zone,Jhargram,22.45,86.98,0.04,37.56,21.95,65.7,21.05
2026-03-30,Red_Laterite_Zone,Jhargram,22.45,86.98,4.31,38.27,23.1,66.8,18.74
2026-03-31,Red_Laterite_Zone,Jhargram,22.45,86.98,4.48,37.08,22.22,66.4,13.36
2026-04-01,Red_Laterite_Zone,Jhargram,22.45,86.98,0.54,37.74,22.98,64.3,25.78
2026-04-02,Red_Laterite_Zone,Jhargram,22.45,86.98,0.0,39.62,22.14,58.0,21.32
2026-04-03,Red_Laterite_Zone,Jhargram,22.45,86.98,1.1,39.42,23.46,55.6,20.75
2026-04-04,Red_Laterite_Zone,Jhargram,22.45,86.98,0.08,39.13,24.15,59.0,16.31
2026-04-05,Red_Laterite_Zone,Jhargram,22.45,86.98,0.94,34.95,24.28,57.6,7.1
2026-04-06,Red_Laterite_Zone,Jhargram,22.45,86.98,1.36,36.45,22.22,60.4,16.82
2026-04-07,Red_Laterite_Zone,Jhargram,22.45,86.98,7.81,34.55,23.11,66.4,19.04
2026-04-08,Red_Laterite_Zone,Jhargram,22.45,86.98,9.02,34.81,23.0,72.4,19.31
2026-04-09,Red_Laterite_Zone,Jhargram,22.45,86.98,7.51,33.59,22.52,71.2,19.55
2026-04-10,Red_Laterite_Zone,Jhargram,22.45,86.98,0.01,35.44,20.17,57.3,24.07
2026-04-11,Red_Laterite_Zone,Jhargram,22.45,86.98,0.0,36.11,19.36,45.2,26.17
2026-04-12,Red_Laterite_Zone,Jhargram,22.45,86.98,0.0,37.7,19.36,50.3,25.33
2026-04-13,Red_Laterite_Zone,Jhargram,22.45,86.98,0.0,39.52,22.09,61.9,21.18
2026-04-14,Red_Laterite_Zone,Jhargram,22.45,86.98,0.0,39.22,23.26,58.6,23.43
2026-04-15,Red_Laterite_Zone,Jhargram,22.45,86.98,0.0,40.16,23.04,58.9,21.83
2026-04-16,Red_Laterite_Zone,Jhargram,22.45,86.98,2.79,40.12,24.73,68.8,20.33
2026-04-17,Red_Laterite_Zone,Jhargram,22.45,86.98,1.87,37.44,24.83,70.7,21.31
2026-04-18,Red_Laterite_Zone,Jhargram,22.45,86.98,0.0,40.41,24.91,64.0,20.45
2026-04-19,Red_Laterite_Zone,Jhargram,22.45,86.98,1.15,41.88,24.46,60.3,19.66
2026-04-20,Red_Laterite_Zone,Jhargram,22.45,86.98,2.81,41.96,24.42,53.4,20.4
2026-04-21,Red_Laterite_Zone,Jhargram,22.45,86.98,0.13,42.08,25.82,48.0,20.54
2026-04-22,Red_Laterite_Zone,Jhargram,22.45,86.98,0.0,42.06,23.64,38.8,23.73
2026-04-23,Red_Laterite_Zone,Jhargram,22.45,86.98,0.0,41.77,24.56,49.5,21.42
2026-04-24,Red_Laterite_Zone,Jhargram,22.45,86.98,0.0,41.35,25.19,53.6,21.31
2026-04-25,Red_Laterite_Zone,Jhargram,22.45,86.98,0.0,40.52,25.67,53.5,20.84
2026-04-26,Red_Laterite_Zone,Jhargram,22.45,86.98,0.01,42.39,25.54,54.0,19.29
2026-04-27,Red_Laterite_Zone,Jhargram,22.45,86.98,0.18,45.06,25.61,52.9,20.53
2026-04-28,Red_Laterite_Zone,Jhargram,22.45,86.98,1.54,40.53,26.78,60.2,15.59
2026-04-29,Red_Laterite_Zone,Jhargram,22.45,86.98,18.68,36.43,25.18,67.3,21.98
2026-04-30,Red_Laterite_Zone,Jhargram,22.45,86.98,23.44,35.26,24.78,75.3,20.49
2026-05-01,Red_Laterite_Zone,Jhargram,22.45,86.98,7.57,35.57,23.47,69.5,23.51
2026-05-02,Red_Laterite_Zone,Jhargram,22.45,86.98,3.17,38.68,23.05,64.3,20.92
2026-05-03,Red_Laterite_Zone,Jhargram,22.45,86.98,8.47,36.83,24.72,69.6,23.87
2026-05-04,Red_Laterite_Zone,Jhargram,22.45,86.98,0.65,37.43,25.11,67.8,23.37
2026-05-05,Red_Laterite_Zone,Jhargram,22.45,86.98,6.82,34.82,24.6,71.2,18.34
2026-05-06,Red_Laterite_Zone,Jhargram,22.45,86.98,0.62,36.59,23.03,62.5,20.87
2026-05-07,Red_Laterite_Zone,Jhargram,22.45,86.98,4.58,36.65,23.36,62.9,22.31
2026-05-08,Red_Laterite_Zone,Jhargram,22.45,86.98,7.45,37.6,23.96,65.6,20.38
2026-05-09,Red_Laterite_Zone,Jhargram,22.45,86.98,3.3,36.07,24.47,66.9,23.41
2026-05-10,Red_Laterite_Zone,Jhargram,22.45,86.98,1.41,34.8,23.39,68.8,22.6
2026-05-11,Red_Laterite_Zone,Jhargram,22.45,86.98,0.54,35.85,24.35,68.1,24.53
2026-05-12,Red_Laterite_Zone,Jhargram,22.45,86.98,1.93,35.94,24.1,69.5,18.82
2026-05-13,Red_Laterite_Zone,Jhargram,22.45,86.98,0.91,38.99,24.58,66.2,23.81
2026-05-14,Red_Laterite_Zone,Jhargram,22.45,86.98,1.43,40.33,25.3,64.3,25.49
2026-05-15,Red_Laterite_Zone,Jhargram,22.45,86.98,2.69,40.53,25.82,63.6,20.98
2026-05-16,Red_Laterite_Zone,Jhargram,22.45,86.98,2.59,41.17,26.36,62.0,23.69
2026-05-17,Red_Laterite_Zone,Jhargram,22.45,86.98,1.05,41.45,25.78,57.5,21.23
2026-05-18,Red_Laterite_Zone,Jhargram,22.45,86.98,0.22,42.74,28.08,51.3,23.71
2026-05-19,Red_Laterite_Zone,Jhargram,22.45,86.98,1.18,43.1,27.55,54.6,22.47
2026-05-20,Red_Laterite_Zone,Jhargram,22.45,86.98,2.83,41.47,26.75,60.3,23.46
2026-05-21,Red_Laterite_Zone,Jhargram,22.45,86.98,1.75,43.89,27.24,59.7,21.39
2026-05-22,Red_Laterite_Zone,Jhargram,22.45,86.98,0.0,42.29,27.76,61.3,19.26
2026-05-23,Red_Laterite_Zone,Jhargram,22.45,86.98,0.38,43.45,27.27,53.6,21.76
2026-05-24,Red_Laterite_Zone,Jhargram,22.45,86.98,0.31,42.49,27.57,57.8,22.6
2026-05-25,Red_Laterite_Zone,Jhargram,22.45,86.98,0.71,42.32,27.78,58.8,23.15
2026-05-26,Red_Laterite_Zone,Jhargram,22.45,86.98,2.85,42.08,26.73,60.9,23.07
2026-05-27,Red_Laterite_Zone,Jhargram,22.45,86.98,0.97,40.21,27.26,63.6,14.46
2026-05-28,Red_Laterite_Zone,Jhargram,22.45,86.98,4.47,39.17,27.01,67.3,24.48
2026-05-29,Red_Laterite_Zone,Jhargram,22.45,86.98,9.83,36.8,26.19,66.8,15.06
2026-05-30,Red_Laterite_Zone,Jhargram,22.45,86.98,10.1,35.46,26.23,71.2,7.99
2026-05-31,Red_Laterite_Zone,Jhargram,22.45,86.98,2.96,35.17,26.07,71.3,23.05
2026-06-01,Red_Laterite_Zone,Jhargram,22.45,86.98,0.01,39.23,25.86,61.3,22.95
2026-06-02,Red_Laterite_Zone,Jhargram,22.45,86.98,0.51,37.7,26.93,62.8,20.85
2026-06-03,Red_Laterite_Zone,Jhargram,22.45,86.98,9.19,39.12,26.5,62.1,19.52
2026-06-04,Red_Laterite_Zone,Jhargram,22.45,86.98,9.24,38.48,26.78,65.4,20.86
2026-06-05,Red_Laterite_Zone,Jhargram,22.45,86.98,6.89,39.08,27.86,66.0,21.51
2026-06-06,Red_Laterite_Zone,Jhargram,22.45,86.98,6.71,38.5,27.71,67.8,15.69
2026-06-07,Red_Laterite_Zone,Jhargram,22.45,86.98,10.26,36.83,26.7,71.0,20.87
2026-06-08,Red_Laterite_Zone,Jhargram,22.45,86.98,3.36,40.53,27.16,61.4,22.76
2026-06-09,Red_Laterite_Zone,Jhargram,22.45,86.98,2.04,41.37,27.46,58.6,10.7
2026-06-10,Red_Laterite_Zone,Jhargram,22.45,86.98,2.43,42.14,27.63,59.6,7.61
2026-06-11,Red_Laterite_Zone,Jhargram,22.45,86.98,10.83,36.7,27.33,71.8,21.15
2026-06-12,Red_Laterite_Zone,Jhargram,22.45,86.98,3.36,34.11,26.31,74.1,21.95
2026-06-13,Red_Laterite_Zone,Jhargram,22.45,86.98,1.33,37.5,26.18,67.1,21.78
2026-06-14,Red_Laterite_Zone,Jhargram,22.45,86.98,3.03,37.51,26.58,68.1,23.15
2026-06-15,Red_Laterite_Zone,Jhargram,22.45,86.98,0.18,36.57,27.11,65.5,23.4
2026-06-16,Red_Laterite_Zone,Jhargram,22.45,86.98,1.83,39.14,26.52,64.6,21.48
2026-06-17,Red_Laterite_Zone,Jhargram,22.45,86.98,7.62,38.05,26.69,66.1,22.32
2026-06-18,Red_Laterite_Zone,Jhargram,22.45,86.98,1.03,38.68,27.36,67.5,15.77
2026-06-19,Red_Laterite_Zone,Jhargram,22.45,86.98,23.92,32.07,27.23,79.0,1.18
2026-06-20,Red_Laterite_Zone,Jhargram,22.45,86.98,0.97,35.88,26.15,70.3,21.08
2026-06-21,Red_Laterite_Zone,Jhargram,22.45,86.98,17.28,33.04,26.51,80.5,10.52
2026-06-22,Red_Laterite_Zone,Jhargram,22.45,86.98,4.74,32.76,26.44,77.3,4.68
2026-06-23,Red_Laterite_Zone,Jhargram,22.45,86.98,1.09,37.39,25.91,68.3,20.83
2026-06-24,Red_Laterite_Zone,Jhargram,22.45,86.98,1.61,33.7,27.11,70.8,21.8
2026-06-25,Red_Laterite_Zone,Jhargram,22.45,86.98,6.0,35.07,26.37,73.5,20.19
2026-06-26,Red_Laterite_Zone,Jhargram,22.45,86.98,6.25,35.48,25.88,74.1,20.2
2026-06-27,Red_Laterite_Zone,Jhargram,22.45,86.98,0.09,36.7,25.78,72.0,20.51
2026-06-28,Red_Laterite_Zone,Jhargram,22.45,86.98,3.81,36.23,26.89,73.2,16.85
2026-06-29,Red_Laterite_Zone,Jhargram,22.45,86.98,38.95,32.28,27.36,84.7,20.25
2026-06-30,Red_Laterite_Zone,Jhargram,22.45,86.98,27.41,32.58,26.7,84.1,11.1
2026-07-01,Red_Laterite_Zone,Jhargram,22.45,86.98,17.08,33.04,25.88,82.3,15.75
2026-07-02,Red_Laterite_Zone,Jhargram,22.45,86.98,9.41,31.58,26.16,86.8,14.74
2026-07-03,Red_Laterite_Zone,Jhargram,22.45,86.98,10.62,31.27,26.33,87.1,14.63
2026-07-04,Red_Laterite_Zone,Jhargram,22.45,86.98,14.22,32.35,26.22,86.5,10.92
2026-07-05,Red_Laterite_Zone,Jhargram,22.45,86.98,21.55,31.07,26.09,90.1,7.35
2026-07-06,Red_Laterite_Zone,Jhargram,22.45,86.98,8.64,31.05,25.81,88.1,5.89
2026-07-07,Red_Laterite_Zone,Jhargram,22.45,86.98,4.93,33.65,26.24,81.9,7.84
2026-07-08,Red_Laterite_Zone,Jhargram,22.45,86.98,1.43,32.64,26.48,85.9,12.79
2026-07-09,Red_Laterite_Zone,Jhargram,22.45,86.98,6.43,31.97,26.41,86.5,3.05
2026-07-10,Red_Laterite_Zone,Jhargram,22.45,86.98,14.37,30.84,25.4,85.8,7.66
2026-07-11,Red_Laterite_Zone,Jhargram,22.45,86.98,6.91,34.63,26.03,79.1,18.98
2026-07-12,Red_Laterite_Zone,Jhargram,22.45,86.98,0.01,34.19,26.09,77.9,16.44
2026-07-13,Red_Laterite_Zone,Jhargram,22.45,86.98,20.05,31.85,26.62,82.5,12.1
2026-07-14,Red_Laterite_Zone,Jhargram,22.45,86.98,27.83,32.91,26.11,84.9,4.31
2026-07-15,Red_Laterite_Zone,Jhargram,22.45,86.98,14.09,31.88,26.62,85.5,20.34
2026-07-16,Red_Laterite_Zone,Jhargram,22.45,86.98,8.28,33.45,26.23,84.0,9.77
2026-07-17,Red_Laterite_Zone,Jhargram,22.45,86.98,11.95,32.4,26.94,88.1,7.93
2026-07-18,Red_Laterite_Zone,Jhargram,22.45,86.98,6.33,33.87,26.67,85.7,18.5
2026-07-19,Red_Laterite_Zone,Jhargram,22.45,86.98,1.73,32.59,25.9,85.5,14.45
2026-07-20,Red_Laterite_Zone,Jhargram,22.45,86.98,15.02,29.84,25.89,91.0,11.18
2026-07-21,Red_Laterite_Zone,Jhargram,22.45,86.98,42.86,29.33,25.6,91.4,12.55
2026-07-22,Red_Laterite_Zone,Jhargram,22.45,86.98,15.55,30.45,25.5,88.7,9.18
2026-07-23,Red_Laterite_Zone,Jhargram,22.45,86.98,18.61,30.0,25.12,89.1,6.27
2026-07-24,Red_Laterite_Zone,Jhargram,22.45,86.98,8.9,31.24,24.65,86.0,10.85
2026-07-25,Red_Laterite_Zone,Jhargram,22.45,86.98,8.35,30.12,25.27,88.3,8.77
2026-07-26,Red_Laterite_Zone,Jhargram,22.45,86.98,14.86,31.59,25.58,86.8,15.71
2026-07-27,Red_Laterite_Zone,Jhargram,22.45,86.98,14.8,30.12,25.81,89.2,12.09
2026-07-28,Red_Laterite_Zone,Jhargram,22.45,86.98,51.16,29.62,25.78,93.7,5.62
2026-07-29,Red_Laterite_Zone,Jhargram,22.45,86.98,15.72,30.49,25.72,88.9,8.49
2026-07-30,Red_Laterite_Zone,Jhargram,22.45,86.98,21.98,31.25,25.67,88.8,11.94
2026-07-31,Red_Laterite_Zone,Jhargram,22.45,86.98,8.14,30.76,25.77,89.5,16.03
2026-08-01,Red_Laterite_Zone,Jhargram,22.45,86.98,6.52,32.09,25.57,88.6,15.19
2026-08-02,Red_Laterite_Zone,Jhargram,22.45,86.98,9.0,32.24,26.01,88.7,17.15
2026-08-03,Red_Laterite_Zone,Jhargram,22.45,86.98,9.69,34.3,26.33,86.1,13.23
2026-08-04,Red_Laterite_Zone,Jhargram,22.45,86.98,13.14,31.76,26.71,90.7,18.57
2026-08-05,Red_Laterite_Zone,Jhargram,22.45,86.98,15.73,31.47,26.34,90.2,12.22
2026-08-06,Red_Laterite_Zone,Jhargram,22.45,86.98,13.52,31.57,26.31,88.4,8.61
2026-08-07,Red_Laterite_Zone,Jhargram,22.45,86.98,14.15,31.79,25.53,89.5,12.12
2026-08-08,Red_Laterite_Zone,Jhargram,22.45,86.98,16.47,30.22,25.37,92.2,7.05
2026-08-09,Red_Laterite_Zone,Jhargram,22.45,86.98,12.77,32.35,25.89,89.2,14.13
2026-08-10,Red_Laterite_Zone,Jhargram,22.45,86.98,8.21,31.97,26.11,88.6,18.33
2026-08-11,Red_Laterite_Zone,Jhargram,22.45,86.98,10.3,32.89,25.63,85.9,16.86
2026-08-12,Red_Laterite_Zone,Jhargram,22.45,86.98,10.06,31.58,26.17,85.7,19.77
2026-08-13,Red_Laterite_Zone,Jhargram,22.45,86.98,26.05,29.52,26.32,92.5,9.34
2026-08-14,Red_Laterite_Zone,Jhargram,22.45,86.98,12.62,31.1,25.9,91.7,11.44
2026-08-15,Red_Laterite_Zone,Jhargram,22.45,86.98,12.06,30.74,25.68,91.2,12.41
2026-08-16,Red_Laterite_Zone,Jhargram,22.45,86.98,9.52,32.09,25.94,89.0,15.93
2026-08-17,Red_Laterite_Zone,Jhargram,22.45,86.98,57.06,30.77,26.69,91.9,1.29
2026-08-18,Red_Laterite_Zone,Jhargram,22.45,86.98,44.94,28.72,25.16,92.4,4.55
2026-08-19,Red_Laterite_Zone,Jhargram,22.45,86.98,5.27,30.34,24.58,90.7,10.86
2026-08-20,Red_Laterite_Zone,Jhargram,22.45,86.98,6.23,32.16,25.51,89.1,19.24
2026-08-21,Red_Laterite_Zone,Jhargram,22.45,86.98,5.01,33.15,26.21,87.0,17.22
2026-08-22,Red_Laterite_Zone,Jhargram,22.45,86.98,6.11,32.4,26.72,89.0,17.04
2026-08-23,Red_Laterite_Zone,Jhargram,22.45,86.98,7.55,31.6,25.57,90.3,16.89
2026-08-24,Red_Laterite_Zone,Jhargram,22.45,86.98,10.25,31.4,26.18,90.9,7.17
2026-08-25,Red_Laterite_Zone,Jhargram,22.45,86.98,8.76,30.79,25.88,92.0,16.29
2026-08-26,Red_Laterite_Zone,Jhargram,22.45,86.98,8.38,32.17,26.47,89.5,13.16
2026-08-27,Red_Laterite_Zone,Jhargram,22.45,86.98,5.77,33.9,25.66,85.1,15.95
2026-08-28,Red_Laterite_Zone,Jhargram,22.45,86.98,8.04,33.03,26.95,87.9,20.46
2026-08-29,Red_Laterite_Zone,Jhargram,22.45,86.98,7.18,32.47,26.75,88.7,12.23
2026-08-30,Red_Laterite_Zone,Jhargram,22.45,86.98,10.52,30.96,26.74,91.1,13.82
2026-08-31,Red_Laterite_Zone,Jhargram,22.45,86.98,20.97,28.33,26.33,96.1,9.9
2026-09-01,Red_Laterite_Zone,Jhargram,22.45,86.98,22.1,29.61,26.16,94.1,2.17
2026-09-02,Red_Laterite_Zone,Jhargram,22.45,86.98,8.9,30.47,25.16,90.9,9.71
2026-09-03,Red_Laterite_Zone,Jhargram,22.45,86.98,6.17,29.84,25.26,90.4,9.64
2026-09-04,Red_Laterite_Zone,Jhargram,22.45,86.98,7.13,31.56,24.87,88.2,11.55
2026-09-05,Red_Laterite_Zone,Jhargram,22.45,86.98,6.14,32.33,25.2,87.1,19.97
2026-09-06,Red_Laterite_Zone,Jhargram,22.45,86.98,3.57,32.54,25.23,86.8,16.77
2026-09-07,Red_Laterite_Zone,Jhargram,22.45,86.98,7.38,32.04,26.16,87.2,9.38
2026-09-08,Red_Laterite_Zone,Jhargram,22.45,86.98,6.76,33.06,26.12,84.8,13.33
2026-09-09,Red_Laterite_Zone,Jhargram,22.45,86.98,9.02,31.44,26.48,89.6,
2026-09-10,Red_Laterite_Zone,Jhargram,22.45,86.98,12.01,28.88,26.04,93.7,
2026-01-01,Gangetic_New_Alluvial_Zone,Murshidabad,24.1,88.25,0.0,21.73,7.91,66.9,11.65
2026-01-02,Gangetic_New_Alluvial_Zone,Murshidabad,24.1,88.25,0.0,21.93,8.73,69.1,10.69
2026-01-03,Gangetic_New_Alluvial_Zone,Murshidabad,24.1,88.25,0.0,21.65,9.4,77.6,9.93
2026-01-04,Gangetic_New_Alluvial_Zone,Murshidabad,24.1,88.25,0.0,20.95,10.31,79.4,4.78
2026-01-05,Gangetic_New_Alluvial_Zone,Murshidabad,24.1,88.25,0.0,20.19,7.24,76.8,2.23
2026-01-06,Gangetic_New_Alluvial_Zone,Murshidabad,24.1,88.25,0.0,20.41,6.79,77.6,8.25
2026-01-07,Gangetic_New_Alluvial_Zone,Murshidabad,24.1,88.25,0.0,21.67,6.84,73.6,13.1
2026-01-08,Gangetic_New_Alluvial_Zone,Murshidabad,24.1,88.25,0.0,21.85,7.22,70.7,12.16
2026-01-09,Gangetic_New_Alluvial_Zone,Murshidabad,24.1,88.25,0.0,21.61,6.49,68.8,13.14
2026-01-10,Gangetic_New_Alluvial_Zone,Murshidabad,24.1,88.25,0.0,20.8,6.34,69.8,13.02
2026-01-11,Gangetic_New_Alluvial_Zone,Murshidabad,24.1,88.25,0.0,22.12,7.09,67.8,13.63
2026-01-12,Gangetic_New_Alluvial_Zone,Murshidabad,24.1,88.25,0.0,22.75,7.96,72.4,13.04
2026-01-13,Gangetic_New_Alluvial_Zone,Murshidabad,24.1,88.25,0.0,22.4,7.38,68.4,13.64
2026-01-14,Gangetic_New_Alluvial_Zone,Murshidabad,24.1,88.25,3.48,22.7,8.2,68.4,12.16
2026-01-15,Gangetic_New_Alluvial_Zone,Murshidabad,24.1,88.25,0.0,22.31,8.0,65.9,12.29
2026-01-16,Gangetic_New_Alluvial_Zone,Murshidabad,24.1,88.25,0.0,22.79,7.05,63.0,12.87
2026-01-17,Gangetic_New_Alluvial_Zone,Murshidabad,24.1,88.25,0.0,23.3,7.88,65.2,13.26
2026-01-18,Gangetic_New_Alluvial_Zone,Murshidabad,24.1,88.25,0.0,24.79,8.34,61.6,13.58
2026-01-19,Gangetic_New_Alluvial_Zone,Murshidabad,24.1,88.25,0.0,25.0,9.5,58.7,13.14
2026-01-20,Gangetic_New_Alluvial_Zone,Murshidabad,24.1,88.25,0.0,27.08,11.36,59.1,12.57
2026-01-21,Gangetic_New_Alluvial_Zone,Murshidabad,24.1,88.25,0.0,26.32,11.23,65.8,11.09
2026-01-22,Gangetic_New_Alluvial_Zone,Murshidabad,24.1,88.25,0.0,24.63,9.9,58.0,12.95
2026-01-23,Gangetic_New_Alluvial_Zone,Murshidabad,24.1,88.25,0.0,24.84,9.76,54.1,13.59
2026-01-24,Gangetic_New_Alluvial_Zone,Murshidabad,24.1,88.25,0.0,25.98,11.58,53.2,13.65
2026-01-25,Gangetic_New_Alluvial_Zone,Murshidabad,24.1,88.25,0.0,26.39,11.89,52.0,13.19
2026-01-26,Gangetic_New_Alluvial_Zone,Murshidabad,24.1,88.25,0.0,27.13,12.04,66.8,12.23
2026-01-27,Gangetic_New_Alluvial_Zone,Murshidabad,24.1,88.25,0.0,26.16,11.64,65.8,14.58
2026-01-28,Gangetic_New_Alluvial_Zone,Murshidabad,24.1,88.25,0.0,26.69,12.07,59.3,14.22
2026-01-29,Gangetic_New_Alluvial_Zone,Murshidabad,24.1,88.25,0.0,27.2,13.77,66.4,12.7
2026-01-30,Gangetic_New_Alluvial_Zone,Murshidabad,24.1,88.25,0.0,26.12,12.49,62.7,14.71
2026-01-31,Gangetic_New_Alluvial_Zone,Murshidabad,24.1,88.25,0.0,26.2,10.63,57.7,14.36
2026-02-01,Gangetic_New_Alluvial_Zone,Murshidabad,24.1,88.25,0.0,26.07,10.96,58.2,14.02
2026-02-02,Gangetic_New_Alluvial_Zone,Murshidabad,24.1,88.25,0.0,25.78,11.0,56.9,14.18
2026-02-03,Gangetic_New_Alluvial_Zone,Murshidabad,24.1,88.25,0.0,26.94,11.64,57.2,14.14
2026-02-04,Gangetic_New_Alluvial_Zone,Murshidabad,24.1,88.25,0.0,27.94,12.84,59.4,14.72
2026-02-05,Gangetic_New_Alluvial_Zone,Murshidabad,24.1,88.25,0.0,28.52,11.73,56.8,16.61
2026-02-06,Gangetic_New_Alluvial_Zone,Murshidabad,24.1,88.25,0.0,25.44,9.97,51.8,17.28
2026-02-07,Gangetic_New_Alluvial_Zone,Murshidabad,24.1,88.25,0.0,26.39,9.68,54.7,16.72
2026-02-08,Gangetic_New_Alluvial_Zone,Murshidabad,24.1,88.25,0.0,27.73,10.28,54.2,16.54
2026-02-09,Gangetic_New_Alluvial_Zone,Murshidabad,24.1,88.25,0.0,26.57,11.71,50.3,15.64
2026-02-10,Gangetic_New_Alluvial_Zone,Murshidabad,24.1,88.25,0.0,28.1,10.67,47.1,16.03
2026-02-11,Gangetic_New_Alluvial_Zone,Murshidabad,24.1,88.25,0.0,28.59,10.98,46.6,16.65
2026-02-12,Gangetic_New_Alluvial_Zone,Murshidabad,24.1,88.25,0.0,28.74,11.77,49.0,17.31
2026-02-13,Gangetic_New_Alluvial_Zone,Murshidabad,24.1,88.25,0.0,29.32,11.34,49.4,16.8
2026-02-14,Gangetic_New_Alluvial_Zone,Murshidabad,24.1,88.25,0.0,28.78,12.43,50.9,17.98
2026-02-15,Gangetic_New_Alluvial_Zone,Murshidabad,24.1,88.25,0.0,29.31,11.81,45.2,18.22
2026-02-16,Gangetic_New_Alluvial_Zone,Murshidabad,24.1,88.25,0.0,29.15,11.98,46.1,16.7
2026-02-17,Gangetic_New_Alluvial_Zone,Murshidabad,24.1,88.25,0.0,29.77,12.63,45.6,17.73
2026-02-18,Gangetic_New_Alluvial_Zone,Murshidabad,24.1,88.25,0.0,30.92,13.17,42.3,18.74
2026-02-19,Gangetic_New_Alluvial_Zone,Murshidabad,24.1,88.25,0.0,31.31,13.35,40.8,17.59
2026-02-20,Gangetic_New_Alluvial_Zone,Murshidabad,24.1,88.25,0.0,32.13,15.72,44.6,15.92
2026-02-21,Gangetic_New_Alluvial_Zone,Murshidabad,24.1,88.25,0.0,32.96,15.72,45.4,14.88
2026-02-22,Gangetic_New_Alluvial_Zone,Murshidabad,24.1,88.25,0.0,32.17,17.73,49.5,16.31
2026-02-23,Gangetic_New_Alluvial_Zone,Murshidabad,24.1,88.25,0.01,32.3,16.99,46.3,15.92
2026-02-24,Gangetic_New_Alluvial_Zone,Murshidabad,24.1,88.25,1.32,30.54,16.86,51.3,14.97
2026-02-25,Gangetic_New_Alluvial_Zone,Murshidabad,24.1,88.25,0.1,30.82,16.05,47.1,16.35
2026-02-26,Gangetic_New_Alluvial_Zone,Murshidabad,24.1,88.25,0.0,30.91,15.4,42.3,16.99
2026-02-27,Gangetic_New_Alluvial_Zone,Murshidabad,24.1,88.25,0.0,31.82,14.17,36.6,19.14
2026-02-28,Gangetic_New_Alluvial_Zone,Murshidabad,24.1,88.25,0.0,32.6,15.33,38.8,19.58
2026-03-01,Gangetic_New_Alluvial_Zone,Murshidabad,24.1,88.25,0.0,33.9,16.75,48.6,21.45
2026-03-02,Gangetic_New_Alluvial_Zone,Murshidabad,24.1,88.25,0.0,33.92,19.91,41.7,20.81
2026-03-03,Gangetic_New_Alluvial_Zone,Murshidabad,24.1,88.25,0.0,33.1,16.41,31.7,21.53
2026-03-04,Gangetic_New_Alluvial_Zone,Murshidabad,24.1,88.25,0.0,32.89,16.82,36.5,18.51
2026-03-05,Gangetic_New_Alluvial_Zone,Murshidabad,24.1,88.25,0.0,33.25,17.43,40.6,17.29
2026-03-06,Gangetic_New_Alluvial_Zone,Murshidabad,24.1,88.25,0.0,34.05,19.36,42.6,15.64
2026-03-07,Gangetic_New_Alluvial_Zone,Murshidabad,24.1,88.25,0.0,32.78,18.8,53.9,15.89
2026-03-08,Gangetic_New_Alluvial_Zone,Murshidabad,24.1,88.25,0.0,33.52,20.12,61.4,14.95
2026-03-09,Gangetic_New_Alluvial_Zone,Murshidabad,24.1,88.25,0.01,33.41,20.69,62.4,12.84
2026-03-10,Gangetic_New_Alluvial_Zone,Murshidabad,24.1,88.25,0.01,33.67,21.5,58.1,14.22
2026-03-11,Gangetic_New_Alluvial_Zone,Murshidabad,24.1,88.25,0.68,33.84,21.66,59.5,12.96
2026-03-12,Gangetic_New_Alluvial_Zone,Murshidabad,24.1,88.25,0.19,34.6,22.24,56.9,10.93
2026-03-13,Gangetic_New_Alluvial_Zone,Murshidabad,24.1,88.25,0.02,36.47,21.17,51.8,15.17
2026-03-14,Gangetic_New_Alluvial_Zone,Murshidabad,24.1,88.25,0.11,37.11,22.06,54.8,19.81
2026-03-15,Gangetic_New_Alluvial_Zone,Murshidabad,24.1,88.25,0.61,36.68,22.26,61.4,13.96
2026-03-16,Gangetic_New_Alluvial_Zone,Murshidabad,24.1,88.25,2.62,35.34,22.09,64.0,16.05
2026-03-17,Gangetic_New_Alluvial_Zone,Murshidabad,24.1,88.25,0.77,36.91,21.64,54.5,17.68
2026-03-18,Gangetic_New_Alluvial_Zone,Murshidabad,24.1,88.25,0.27,37.4,20.65,55.8,14.51
2026-03-19,Gangetic_New_Alluvial_Zone,Murshidabad,24.1,88.25,1.26,33.07,22.64,60.5,15.74
2026-03-20,Gangetic_New_Alluvial_Zone,Murshidabad,24.1,88.25,11.82,29.11,20.81,70.4,15.24
2026-03-21,Gangetic_New_Alluvial_Zone,Murshidabad,24.1,88.25,19.25,25.48,18.95,80.8,5.25
2026-03-22,Gangetic_New_Alluvial_Zone,Murshidabad,24.1,88.25,0.68,30.22,17.27,65.8,15.59
2026-03-23,Gangetic_New_Alluvial_Zone,Murshidabad,24.1,88.25,0.01,31.66,18.1,52.5,19.45
2026-03-24,Gangetic_New_Alluvial_Zone,Murshidabad,24.1,88.25,0.0,34.35,19.12,53.5,19.02
2026-03-25,Gangetic_New_Alluvial_Zone,Murshidabad,24.1,88.25,0.01,35.73,20.87,57.2,19.5
2026-03-26,Gangetic_New_Alluvial_Zone,Murshidabad,24.1,88.25,0.0,35.85,21.23,43.0,19.36
2026-03-27,Gangetic_New_Alluvial_Zone,Murshidabad,24.1,88.25,0.09,37.35,20.33,41.3,22.14
2026-03-28,Gangetic_New_Alluvial_Zone,Murshidabad,24.1,88.25,4.93,33.83,22.06,57.7,10.11
2026-03-29,Gangetic_New_Alluvial_Zone,Murshidabad,24.1,88.25,0.41,35.34,21.1,59.5,12.22
2026-03-30,Gangetic_New_Alluvial_Zone,Murshidabad,24.1,88.25,4.05,36.33,21.92,63.1,14.78
2026-03-31,Gangetic_New_Alluvial_Zone,Murshidabad,24.1,88.25,3.91,36.58,23.55,63.0,13.18
2026-04-01,Gangetic_New_Alluvial_Zone,Murshidabad,24.1,88.25,0.41,39.05,22.61,54.5,23.72
2026-04-02,Gangetic_New_Alluvial_Zone,Murshidabad,24.1,88.25,0.87,39.89,22.67,53.2,22.38
2026-04-03,Gangetic_New_Alluvial_Zone,Murshidabad,24.1,88.25,0.05,40.78,23.21,50.0,21.63
2026-04-04,Gangetic_New_Alluvial_Zone,Murshidabad,24.1,88.25,0.01,40.4,23.95,43.9,19.59
2026-04-05,Gangetic_New_Alluvial_Zone,Murshidabad,24.1,88.25,0.68,34.73,23.78,49.0,13.06
2026-04-06,Gangetic_New_Alluvial_Zone,Murshidabad,24.1,88.25,0.97,34.05,22.94,52.4,14.14
2026-04-07,Gangetic_New_Alluvial_Zone,Murshidabad,24.1,88.25,0.94,36.81,23.36,52.5,19.46
2026-04-08,Gangetic_New_Alluvial_Zone,Murshidabad,24.1,88.25,6.2,33.11,22.07,65.2,18.31
2026-04-09,Gangetic_New_Alluvial_Zone,Murshidabad,24.1,88.25,13.03,31.62,22.3,67.8,17.09
2026-04-10,Gangetic_New_Alluvial_Zone,Murshidabad,24.1,88.25,1.83,34.93,19.92,47.7,23.57
2026-04-11,Gangetic_New_Alluvial_Zone,Murshidabad,24.1,88.25,0.28,36.85,17.9,36.7,25.3
2026-04-12,Gangetic_New_Alluvial_Zone,Murshidabad,24.1,88.25,0.0,38.81,19.0,37.0,24.52
2026-04-13,Gangetic_New_Alluvial_Zone,Murshidabad,24.1,88.25,0.0,39.67,21.62,50.8,21.27
2026-04-14,Gangetic_New_Alluvial_Zone,Murshidabad,24.1,88.25,0.05,39.42,22.67,43.5,20.51
2026-04-15,Gangetic_New_Alluvial_Zone,Murshidabad,24.1,88.25,0.13,40.45,21.85,45.5,23.19
2026-04-16,Gangetic_New_Alluvial_Zone,Murshidabad,24.1,88.25,0.28,39.18,24.53,61.1,12.85
2026-04-17,Gangetic_New_Alluvial_Zone,Murshidabad,24.1,88.25,0.07,39.36,25.55,55.5,15.84
2026-04-18,Gangetic_New_Alluvial_Zone,Murshidabad,24.1,88.25,1.45,39.52,25.62,56.3,18.55
2026-04-19,Gangetic_New_Alluvial_Zone,Murshidabad,24.1,88.25,0.29,41.67,24.78,55.1,14.72
2026-04-20,Gangetic_New_Alluvial_Zone,Murshidabad,24.1,88.25,1.03,43.18,25.73,52.8,18.27
2026-04-21,Gangetic_New_Alluvial_Zone,Murshidabad,24.1,88.25,0.0,43.77,25.78,43.3,21.39
2026-04-22,Gangetic_New_Alluvial_Zone,Murshidabad,24.1,88.25,0.0,43.27,24.5,37.1,23.46
2026-04-23,Gangetic_New_Alluvial_Zone,Murshidabad,24.1,88.25,0.0,42.08,24.56,43.7,18.9
2026-04-24,Gangetic_New_Alluvial_Zone,Murshidabad,24.1,88.25,0.0,41.5,25.7,48.8,19.08
2026-04-25,Gangetic_New_Alluvial_Zone,Murshidabad,24.1,88.25,0.0,41.46,26.2,46.3,19.8
2026-04-26,Gangetic_New_Alluvial_Zone,Murshidabad,24.1,88.25,0.39,41.42,26.04,50.3,9.24
2026-04-27,Gangetic_New_Alluvial_Zone,Murshidabad,24.1,88.25,3.04,41.56,26.12,58.6,9.07
2026-04-28,Gangetic_New_Alluvial_Zone,Murshidabad,24.1,88.25,1.02,40.93,26.56,57.2,10.22
2026-04-29,Gangetic_New_Alluvial_Zone,Murshidabad,24.1,88.25,8.09,38.29,25.53,65.9,11.08
2026-04-30,Gangetic_New_Alluvial_Zone,Murshidabad,24.1,88.25,10.37,32.51,23.72,73.1,14.27
2026-05-01,Gangetic_New_Alluvial_Zone,Murshidabad,24.1,88.25,3.16,34.49,23.91,63.8,22.74
2026-05-02,Gangetic_New_Alluvial_Zone,Murshidabad,24.1,88.25,6.71,36.66,23.41,57.9,16.77
2026-05-03,Gangetic_New_Alluvial_Zone,Murshidabad,24.1,88.25,3.36,35.27,24.37,64.1,19.12
2026-05-04,Gangetic_New_Alluvial_Zone,Murshidabad,24.1,88.25,5.57,34.96,25.48,63.8,15.91
2026-05-05,Gangetic_New_Alluvial_Zone,Murshidabad,24.1,88.25,14.46,34.38,24.24,67.8,19.22
2026-05-06,Gangetic_New_Alluvial_Zone,Murshidabad,24.1,88.25,6.22,35.87,23.84,61.8,11.13
2026-05-07,Gangetic_New_Alluvial_Zone,Murshidabad,24.1,88.25,6.25,34.75,24.16,62.3,21.07
2026-05-08,Gangetic_New_Alluvial_Zone,Murshidabad,24.1,88.25,4.12,35.48,23.34,62.5,20.35
2026-05-09,Gangetic_New_Alluvial_Zone,Murshidabad,24.1,88.25,8.78,33.56,23.95,65.6,22.27
2026-05-10,Gangetic_New_Alluvial_Zone,Murshidabad,24.1,88.25,8.17,33.16,23.89,65.3,17.81
2026-05-11,Gangetic_New_Alluvial_Zone,Murshidabad,24.1,88.25,0.06,34.88,23.55,61.8,21.0
2026-05-12,Gangetic_New_Alluvial_Zone,Murshidabad,24.1,88.25,1.44,35.66,23.99,63.7,17.17
2026-05-13,Gangetic_New_Alluvial_Zone,Murshidabad,24.1,88.25,5.78,36.59,25.19,65.1,12.26
2026-05-14,Gangetic_New_Alluvial_Zone,Murshidabad,24.1,88.25,10.25,37.81,25.41,66.7,22.04
2026-05-15,Gangetic_New_Alluvial_Zone,Murshidabad,24.1,88.25,2.62,39.64,25.92,63.6,16.7
2026-05-16,Gangetic_New_Alluvial_Zone,Murshidabad,24.1,88.25,2.75,40.79,26.99,58.8,21.6
2026-05-17,Gangetic_New_Alluvial_Zone,Murshidabad,24.1,88.25,1.31,41.61,26.31,56.9,17.8
2026-05-18,Gangetic_New_Alluvial_Zone,Murshidabad,24.1,88.25,0.36,42.67,26.71,52.9,19.46
2026-05-19,Gangetic_New_Alluvial_Zone,Murshidabad,24.1,88.25,10.76,38.87,27.1,67.3,14.2
2026-05-20,Gangetic_New_Alluvial_Zone,Murshidabad,24.1,88.25,1.25,39.07,26.78,64.6,16.15
2026-05-21,Gangetic_New_Alluvial_Zone,Murshidabad,24.1,88.25,3.64,41.36,28.1,62.1,12.59
2026-05-22,Gangetic_New_Alluvial_Zone,Murshidabad,24.1,88.25,1.81,41.85,27.67,60.3,13.98
2026-05-23,Gangetic_New_Alluvial_Zone,Murshidabad,24.1,88.25,2.81,42.71,28.01,55.4,14.7
2026-05-24,Gangetic_New_Alluvial_Zone,Murshidabad,24.1,88.25,3.46,41.78,27.84,60.6,17.45
2026-05-25,Gangetic_New_Alluvial_Zone,Murshidabad,24.1,88.25,0.95,42.01,27.91,60.3,17.19
2026-05-26,Gangetic_New_Alluvial_Zone,Murshidabad,24.1,88.25,12.97,38.32,27.61,67.5,17.03
2026-05-27,Gangetic_New_Alluvial_Zone,Murshidabad,24.1,88.25,14.36,38.24,26.06,69.2,18.46
2026-05-28,Gangetic_New_Alluvial_Zone,Murshidabad,24.1,88.25,9.01,34.22,25.99,77.4,19.54
2026-05-29,Gangetic_New_Alluvial_Zone,Murshidabad,24.1,88.25,14.58,34.03,25.87,73.9,16.34
2026-05-30,Gangetic_New_Alluvial_Zone,Murshidabad,24.1,88.25,8.02,34.12,25.29,71.3,23.25
2026-05-31,Gangetic_New_Alluvial_Zone,Murshidabad,24.1,88.25,0.91,34.26,26.23,70.0,22.52
2026-06-01,Gangetic_New_Alluvial_Zone,Murshidabad,24.1,88.25,0.0,38.24,26.15,61.8,22.51
2026-06-02,Gangetic_New_Alluvial_Zone,Murshidabad,24.1,88.25,0.0,37.86,26.94,62.4,20.96
2026-06-03,Gangetic_New_Alluvial_Zone,Murshidabad,24.1,88.25,0.02,39.27,27.67,57.9,17.63
2026-06-04,Gangetic_New_Alluvial_Zone,Murshidabad,24.1,88.25,12.23,37.19,27.95,66.7,21.97
2026-06-05,Gangetic_New_Alluvial_Zone,Murshidabad,24.1,88.25,16.85,36.44,27.75,71.7,20.58
2026-06-06,Gangetic_New_Alluvial_Zone,Murshidabad,24.1,88.25,6.89,35.99,27.48,71.7,5.02
2026-06-07,Gangetic_New_Alluvial_Zone,Murshidabad,24.1,88.25,9.61,36.46,27.22,72.8,20.03
2026-06-08,Gangetic_New_Alluvial_Zone,Murshidabad,24.1,88.25,1.84,38.4,27.49,67.8,22.87
2026-06-09,Gangetic_New_Alluvial_Zone,Murshidabad,24.1,88.25,8.16,39.66,27.15,69.2,18.98
2026-06-10,Gangetic_New_Alluvial_Zone,Murshidabad,24.1,88.25,59.42,36.09,26.93,83.3,17.47
2026-06-11,Gangetic_New_Alluvial_Zone,Murshidabad,24.1,88.25,18.19,30.95,26.27,87.7,8.23
2026-06-12,Gangetic_New_Alluvial_Zone,Murshidabad,24.1,88.25,10.47,31.69,25.23,81.4,19.84
2026-06-13,Gangetic_New_Alluvial_Zone,Murshidabad,24.1,88.25,5.21,33.85,25.82,80.8,20.04
2026-06-14,Gangetic_New_Alluvial_Zone,Murshidabad,24.1,88.25,0.96,34.96,26.04,77.7,22.49
2026-06-15,Gangetic_New_Alluvial_Zone,Murshidabad,24.1,88.25,1.13,33.68,26.03,81.9,21.07
2026-06-16,Gangetic_New_Alluvial_Zone,Murshidabad,24.1,88.25,4.01,34.73,26.29,80.0,19.93
2026-06-17,Gangetic_New_Alluvial_Zone,Murshidabad,24.1,88.25,9.33,34.83,26.43,79.0,20.19
2026-06-18,Gangetic_New_Alluvial_Zone,Murshidabad,24.1,88.25,2.07,34.93,26.89,80.9,8.86
2026-06-19,Gangetic_New_Alluvial_Zone,Murshidabad,24.1,88.25,19.05,31.37,26.77,86.5,13.92
2026-06-20,Gangetic_New_Alluvial_Zone,Murshidabad,24.1,88.25,1.25,34.66,25.57,80.2,19.28
2026-06-21,Gangetic_New_Alluvial_Zone,Murshidabad,24.1,88.25,3.31,32.22,26.39,85.9,17.77
2026-06-22,Gangetic_New_Alluvial_Zone,Murshidabad,24.1,88.25,1.05,33.46,25.94,83.1,15.98
2026-06-23,Gangetic_New_Alluvial_Zone,Murshidabad,24.1,88.25,0.67,35.66,25.37,79.1,16.43
2026-06-24,Gangetic_New_Alluvial_Zone,Murshidabad,24.1,88.25,8.42,34.54,26.94,78.8,20.43
2026-06-25,Gangetic_New_Alluvial_Zone,Murshidabad,24.1,88.25,5.25,34.99,26.16,80.2,19.26
2026-06-26,Gangetic_New_Alluvial_Zone,Murshidabad,24.1,88.25,1.75,34.79,26.11,77.8,21.22
2026-06-27,Gangetic_New_Alluvial_Zone,Murshidabad,24.1,88.25,0.02,35.48,25.92,77.3,21.06
2026-06-28,Gangetic_New_Alluvial_Zone,Murshidabad,24.1,88.25,0.73,34.92,26.89,79.4,15.16
2026-06-29,Gangetic_New_Alluvial_Zone,Murshidabad,24.1,88.25,7.5,32.81,27.2,86.9,7.26
2026-06-30,Gangetic_New_Alluvial_Zone,Murshidabad,24.1,88.25,11.73,31.98,27.05,85.6,17.27
2026-07-01,Gangetic_New_Alluvial_Zone,Murshidabad,24.1,88.25,3.34,32.98,26.28,82.4,9.36
2026-07-02,Gangetic_New_Alluvial_Zone,Murshidabad,24.1,88.25,9.44,32.58,26.24,85.3,17.81
2026-07-03,Gangetic_New_Alluvial_Zone,Murshidabad,24.1,88.25,0.48,32.88,26.88,84.6,21.19
2026-07-04,Gangetic_New_Alluvial_Zone,Murshidabad,24.1,88.25,1.48,32.35,26.69,84.0,20.94
2026-07-05,Gangetic_New_Alluvial_Zone,Murshidabad,24.1,88.25,7.67,32.51,26.78,87.4,15.52
2026-07-06,Gangetic_New_Alluvial_Zone,Murshidabad,24.1,88.25,7.27,33.72,26.08,85.3,13.26
2026-07-07,Gangetic_New_Alluvial_Zone,Murshidabad,24.1,88.25,7.6,30.85,26.88,88.0,9.34
2026-07-08,Gangetic_New_Alluvial_Zone,Murshidabad,24.1,88.25,6.48,33.84,26.88,83.8,10.39
2026-07-09,Gangetic_New_Alluvial_Zone,Murshidabad,24.1,88.25,12.79,34.3,26.6,83.5,2.65
2026-07-10,Gangetic_New_Alluvial_Zone,Murshidabad,24.1,88.25,45.82,32.74,26.84,87.6,11.46
2026-07-11,Gangetic_New_Alluvial_Zone,Murshidabad,24.1,88.25,20.64,32.01,26.69,86.0,9.64
2026-07-12,Gangetic_New_Alluvial_Zone,Murshidabad,24.1,88.25,3.01,34.32,26.81,82.2,14.39
2026-07-13,Gangetic_New_Alluvial_Zone,Murshidabad,24.1,88.25,21.51,31.26,26.9,87.1,5.66
2026-07-14,Gangetic_New_Alluvial_Zone,Murshidabad,24.1,88.25,17.21,33.42,26.52,82.7,13.53
2026-07-15,Gangetic_New_Alluvial_Zone,Murshidabad,24.1,88.25,2.07,33.51,26.96,84.5,21.78
2026-07-16,Gangetic_New_Alluvial_Zone,Murshidabad,24.1,88.25,2.48,32.9,26.18,84.9,17.49
2026-07-17,Gangetic_New_Alluvial_Zone,Murshidabad,24.1,88.25,3.8,33.79,25.97,86.3,16.99
2026-07-18,Gangetic_New_Alluvial_Zone,Murshidabad,24.1,88.25,8.11,34.04,26.6,86.0,15.05
2026-07-19,Gangetic_New_Alluvial_Zone,Murshidabad,24.1,88.25,5.53,31.47,26.55,87.5,12.81
2026-07-20,Gangetic_New_Alluvial_Zone,Murshidabad,24.1,88.25,19.82,30.45,26.25,90.6,6.45
2026-07-21,Gangetic_New_Alluvial_Zone,Murshidabad,24.1,88.25,31.45,29.78,25.65,91.5,13.38
2026-07-22,Gangetic_New_Alluvial_Zone,Murshidabad,24.1,88.25,17.88,30.12,25.62,89.9,8.46
2026-07-23,Gangetic_New_Alluvial_Zone,Murshidabad,24.1,88.25,6.45,31.72,25.31,87.1,14.7
2026-07-24,Gangetic_New_Alluvial_Zone,Murshidabad,24.1,88.25,9.21,32.56,25.25,85.8,17.99
2026-07-25,Gangetic_New_Alluvial_Zone,Murshidabad,24.1,88.25,3.79,32.11,25.85,86.6,19.01
2026-07-26,Gangetic_New_Alluvial_Zone,Murshidabad,24.1,88.25,2.77,32.35,25.11,86.2,20.25
2026-07-27,Gangetic_New_Alluvial_Zone,Murshidabad,24.1,88.25,2.19,32.47,25.9,86.5,18.72
2026-07-28,Gangetic_New_Alluvial_Zone,Murshidabad,24.1,88.25,5.38,31.88,26.06,87.3,16.98
2026-07-29,Gangetic_New_Alluvial_Zone,Murshidabad,24.1,88.25,3.78,32.4,25.73,86.0,17.98
2026-07-30,Gangetic_New_Alluvial_Zone,Murshidabad,24.1,88.25,6.8,32.05,26.37,88.0,13.45
2026-07-31,Gangetic_New_Alluvial_Zone,Murshidabad,24.1,88.25,8.05,32.21,25.94,87.1,15.58
2026-08-01,Gangetic_New_Alluvial_Zone,Murshidabad,24.1,88.25,8.3,33.37,25.74,86.3,15.92
2026-08-02,Gangetic_New_Alluvial_Zone,Murshidabad,24.1,88.25,15.06,29.65,26.17,92.8,14.72
2026-08-03,Gangetic_New_Alluvial_Zone,Murshidabad,24.1,88.25,8.07,32.46,26.7,89.7,14.79
2026-08-04,Gangetic_New_Alluvial_Zone,Murshidabad,24.1,88.25,10.87,31.84,26.89,90.3,10.98
2026-08-05,Gangetic_New_Alluvial_Zone,Murshidabad,24.1,88.25,14.94,31.21,26.37,91.3,3.35
2026-08-06,Gangetic_New_Alluvial_Zone,Murshidabad,24.1,88.25,24.64,31.54,26.55,90.8,17.61
2026-08-07,Gangetic_New_Alluvial_Zone,Murshidabad,24.1,88.25,13.64,31.18,25.81,89.6,14.0
2026-08-08,Gangetic_New_Alluvial_Zone,Murshidabad,24.1,88.25,6.43,31.51,25.63,90.8,19.63
2026-08-09,Gangetic_New_Alluvial_Zone,Murshidabad,24.1,88.25,6.88,33.11,25.73,86.5,15.29
2026-08-10,Gangetic_New_Alluvial_Zone,Murshidabad,24.1,88.25,5.35,31.65,26.32,84.4,18.29
2026-08-11,Gangetic_New_Alluvial_Zone,Murshidabad,24.1,88.25,6.17,33.94,26.24,80.7,22.35
2026-08-12,Gangetic_New_Alluvial_Zone,Murshidabad,24.1,88.25,7.89,32.9,27.08,87.5,22.62
2026-08-13,Gangetic_New_Alluvial_Zone,Murshidabad,24.1,88.25,10.32,31.29,26.45,90.3,14.46
2026-08-14,Gangetic_New_Alluvial_Zone,Murshidabad,24.1,88.25,9.3,32.86,25.92,88.0,19.34
2026-08-15,Gangetic_New_Alluvial_Zone,Murshidabad,24.1,88.25,8.06,33.12,25.96,88.2,19.5
2026-08-16,Gangetic_New_Alluvial_Zone,Murshidabad,24.1,88.25,6.91,32.62,26.56,87.6,15.56
2026-08-17,Gangetic_New_Alluvial_Zone,Murshidabad,24.1,88.25,11.06,30.13,26.37,92.6,15.51
2026-08-18,Gangetic_New_Alluvial_Zone,Murshidabad,24.1,88.25,42.82,28.82,26.1,94.7,10.16
2026-08-19,Gangetic_New_Alluvial_Zone,Murshidabad,24.1,88.25,6.68,32.11,25.92,89.7,15.4
2026-08-20,Gangetic_New_Alluvial_Zone,Murshidabad,24.1,88.25,3.83,32.57,25.95,88.2,16.4
2026-08-21,Gangetic_New_Alluvial_Zone,Murshidabad,24.1,88.25,1.9,32.8,26.14,88.3,16.95
2026-08-22,Gangetic_New_Alluvial_Zone,Murshidabad,24.1,88.25,3.19,33.09,26.07,87.4,17.1
2026-08-23,Gangetic_New_Alluvial_Zone,Murshidabad,24.1,88.25,4.9,32.69,26.71,88.5,18.7
2026-08-24,Gangetic_New_Alluvial_Zone,Murshidabad,24.1,88.25,8.34,31.66,26.45,90.9,14.66
2026-08-25,Gangetic_New_Alluvial_Zone,Murshidabad,24.1,88.25,8.78,32.47,26.21,89.9,17.19
2026-08-26,Gangetic_New_Alluvial_Zone,Murshidabad,24.1,88.25,7.13,32.35,26.36,89.7,18.24
2026-08-27,Gangetic_New_Alluvial_Zone,Murshidabad,24.1,88.25,7.9,33.86,27.05,87.6,19.86
2026-08-28,Gangetic_New_Alluvial_Zone,Murshidabad,24.1,88.25,7.12,33.92,27.12,87.3,15.3
2026-08-29,Gangetic_New_Alluvial_Zone,Murshidabad,24.1,88.25,4.89,33.38,27.12,87.1,18.77
2026-08-30,Gangetic_New_Alluvial_Zone,Murshidabad,24.1,88.25,7.73,32.73,26.78,88.6,18.5
2026-08-31,Gangetic_New_Alluvial_Zone,Murshidabad,24.1,88.25,9.91,31.57,26.31,91.2,15.89
2026-09-01,Gangetic_New_Alluvial_Zone,Murshidabad,24.1,88.25,19.77,31.0,25.98,92.3,11.71
2026-09-02,Gangetic_New_Alluvial_Zone,Murshidabad,24.1,88.25,24.84,30.34,25.74,92.7,10.85
2026-09-03,Gangetic_New_Alluvial_Zone,Murshidabad,24.1,88.25,13.35,31.27,25.89,91.2,15.85
2026-09-04,Gangetic_New_Alluvial_Zone,Murshidabad,24.1,88.25,11.35,31.51,25.44,90.0,13.62
2026-09-05,Gangetic_New_Alluvial_Zone,Murshidabad,24.1,88.25,9.67,31.38,25.67,89.7,10.83
2026-09-06,Gangetic_New_Alluvial_Zone,Murshidabad,24.1,88.25,3.76,31.17,26.18,91.0,7.42
2026-09-07,Gangetic_New_Alluvial_Zone,Murshidabad,24.1,88.25,5.77,32.36,26.41,87.7,11.56
2026-09-08,Gangetic_New_Alluvial_Zone,Murshidabad,24.1,88.25,5.02,32.86,26.59,86.1,8.54
2026-09-09,Gangetic_New_Alluvial_Zone,Murshidabad,24.1,88.25,4.66,32.83,26.85,85.7,
2026-09-10,Gangetic_New_Alluvial_Zone,Murshidabad,24.1,88.25,4.92,32.07,26.67,89.4,
2026-01-01,Gangetic_New_Alluvial_Zone,Nadia,23.4,88.5,0.0,22.81,8.21,69.5,11.88
2026-01-02,Gangetic_New_Alluvial_Zone,Nadia,23.4,88.5,0.0,22.75,9.37,68.0,10.81
2026-01-03,Gangetic_New_Alluvial_Zone,Nadia,23.4,88.5,0.0,22.63,10.02,74.5,10.28
2026-01-04,Gangetic_New_Alluvial_Zone,Nadia,23.4,88.5,0.0,22.27,9.84,76.0,3.85
2026-01-05,Gangetic_New_Alluvial_Zone,Nadia,23.4,88.5,0.0,21.14,7.39,78.2,3.21
2026-01-06,Gangetic_New_Alluvial_Zone,Nadia,23.4,88.5,0.0,21.17,6.65,77.6,8.25
2026-01-07,Gangetic_New_Alluvial_Zone,Nadia,23.4,88.5,0.0,22.75,6.95,73.4,13.52
2026-01-08,Gangetic_New_Alluvial_Zone,Nadia,23.4,88.5,0.0,22.74,7.45,70.7,13.9
2026-01-09,Gangetic_New_Alluvial_Zone,Nadia,23.4,88.5,0.0,22.83,6.68,68.4,13.89
2026-01-10,Gangetic_New_Alluvial_Zone,Nadia,23.4,88.5,0.0,21.93,6.93,70.5,12.74
2026-01-11,Gangetic_New_Alluvial_Zone,Nadia,23.4,88.5,0.0,23.23,8.19,68.4,14.08
2026-01-12,Gangetic_New_Alluvial_Zone,Nadia,23.4,88.5,0.0,23.82,7.94,70.5,13.98
2026-01-13,Gangetic_New_Alluvial_Zone,Nadia,23.4,88.5,0.0,23.66,7.85,68.3,14.08
2026-01-14,Gangetic_New_Alluvial_Zone,Nadia,23.4,88.5,44.19,22.93,8.34,71.8,12.45
2026-01-15,Gangetic_New_Alluvial_Zone,Nadia,23.4,88.5,0.0,23.04,8.39,69.0,12.55
2026-01-16,Gangetic_New_Alluvial_Zone,Nadia,23.4,88.5,0.0,23.5,7.17,65.9,13.55
2026-01-17,Gangetic_New_Alluvial_Zone,Nadia,23.4,88.5,0.0,24.07,8.7,67.4,13.93
2026-01-18,Gangetic_New_Alluvial_Zone,Nadia,23.4,88.5,0.0,25.31,8.79,65.7,14.0
2026-01-19,Gangetic_New_Alluvial_Zone,Nadia,23.4,88.5,0.0,25.66,9.96,62.0,13.61
2026-01-20,Gangetic_New_Alluvial_Zone,Nadia,23.4,88.5,0.0,27.76,12.65,56.5,12.83
2026-01-21,Gangetic_New_Alluvial_Zone,Nadia,23.4,88.5,0.0,27.21,11.39,61.7,11.35
2026-01-22,Gangetic_New_Alluvial_Zone,Nadia,23.4,88.5,0.0,25.36,10.9,61.7,13.78
2026-01-23,Gangetic_New_Alluvial_Zone,Nadia,23.4,88.5,0.0,25.51,10.83,54.5,13.89
2026-01-24,Gangetic_New_Alluvial_Zone,Nadia,23.4,88.5,0.0,26.08,11.16,57.6,14.08
2026-01-25,Gangetic_New_Alluvial_Zone,Nadia,23.4,88.5,0.0,26.48,12.85,53.4,13.71
2026-01-26,Gangetic_New_Alluvial_Zone,Nadia,23.4,88.5,0.0,27.35,12.02,62.8,12.39
2026-01-27,Gangetic_New_Alluvial_Zone,Nadia,23.4,88.5,0.0,26.57,11.4,65.4,14.87
2026-01-28,Gangetic_New_Alluvial_Zone,Nadia,23.4,88.5,0.0,27.15,11.92,60.5,15.14
2026-01-29,Gangetic_New_Alluvial_Zone,Nadia,23.4,88.5,0.0,27.8,13.38,64.2,13.06
2026-01-30,Gangetic_New_Alluvial_Zone,Nadia,23.4,88.5,0.0,27.02,13.03,65.7,14.43
2026-01-31,Gangetic_New_Alluvial_Zone,Nadia,23.4,88.5,0.0,27.0,11.76,61.0,14.52
2026-02-01,Gangetic_New_Alluvial_Zone,Nadia,23.4,88.5,0.0,26.88,11.09,58.5,13.59
2026-02-02,Gangetic_New_Alluvial_Zone,Nadia,23.4,88.5,0.0,26.62,11.6,59.0,15.51
2026-02-03,Gangetic_New_Alluvial_Zone,Nadia,23.4,88.5,0.0,27.61,11.65,61.2,14.85
2026-02-04,Gangetic_New_Alluvial_Zone,Nadia,23.4,88.5,0.0,28.24,12.91,61.5,14.78
2026-02-05,Gangetic_New_Alluvial_Zone,Nadia,23.4,88.5,0.0,28.8,11.58,58.0,16.99
2026-02-06,Gangetic_New_Alluvial_Zone,Nadia,23.4,88.5,0.0,26.05,10.68,52.5,17.7
2026-02-07,Gangetic_New_Alluvial_Zone,Nadia,23.4,88.5,0.0,26.55,9.45,53.5,17.41
2026-02-08,Gangetic_New_Alluvial_Zone,Nadia,23.4,88.5,0.0,27.95,10.12,53.6,17.24
2026-02-09,Gangetic_New_Alluvial_Zone,Nadia,23.4,88.5,0.0,27.13,13.04,49.0,16.39
2026-02-10,Gangetic_New_Alluvial_Zone,Nadia,23.4,88.5,0.0,28.44,10.69,49.0,16.55
2026-02-11,Gangetic_New_Alluvial_Zone,Nadia,23.4,88.5,0.0,29.18,10.89,47.8,17.26
2026-02-12,Gangetic_New_Alluvial_Zone,Nadia,23.4,88.5,0.0,29.23,12.11,48.5,17.72
2026-02-13,Gangetic_New_Alluvial_Zone,Nadia,23.4,88.5,0.0,29.63,12.02,47.8,17.56
2026-02-14,Gangetic_New_Alluvial_Zone,Nadia,23.4,88.5,0.0,29.42,12.09,51.6,18.53
2026-02-15,Gangetic_New_Alluvial_Zone,Nadia,23.4,88.5,0.0,29.62,11.89,46.5,18.75
2026-02-16,Gangetic_New_Alluvial_Zone,Nadia,23.4,88.5,0.0,29.52,12.11,47.3,17.71
2026-02-17,Gangetic_New_Alluvial_Zone,Nadia,23.4,88.5,0.0,30.27,12.7,50.1,18.02
2026-02-18,Gangetic_New_Alluvial_Zone,Nadia,23.4,88.5,0.0,31.37,13.72,48.2,19.3
2026-02-19,Gangetic_New_Alluvial_Zone,Nadia,23.4,88.5,0.0,31.87,13.56,43.9,18.45
2026-02-20,Gangetic_New_Alluvial_Zone,Nadia,23.4,88.5,0.0,32.77,15.95,46.0,17.25
2026-02-21,Gangetic_New_Alluvial_Zone,Nadia,23.4,88.5,0.0,32.93,15.1,45.1,17.02
2026-02-22,Gangetic_New_Alluvial_Zone,Nadia,23.4,88.5,0.0,32.21,17.73,51.9,16.79
2026-02-23,Gangetic_New_Alluvial_Zone,Nadia,23.4,88.5,0.16,32.94,18.04,52.3,15.03
2026-02-24,Gangetic_New_Alluvial_Zone,Nadia,23.4,88.5,2.88,31.04,17.42,58.5,13.19
2026-02-25,Gangetic_New_Alluvial_Zone,Nadia,23.4,88.5,1.01,31.28,16.87,52.2,16.58
2026-02-26,Gangetic_New_Alluvial_Zone,Nadia,23.4,88.5,0.0,31.21,16.54,44.5,17.71
2026-02-27,Gangetic_New_Alluvial_Zone,Nadia,23.4,88.5,0.0,32.11,14.38,40.8,19.8
2026-02-28,Gangetic_New_Alluvial_Zone,Nadia,23.4,88.5,0.0,32.77,14.65,42.3,20.13
2026-03-01,Gangetic_New_Alluvial_Zone,Nadia,23.4,88.5,0.0,34.19,16.74,55.5,20.77
2026-03-02,Gangetic_New_Alluvial_Zone,Nadia,23.4,88.5,0.0,34.17,20.28,52.9,20.28
2026-03-03,Gangetic_New_Alluvial_Zone,Nadia,23.4,88.5,0.01,33.46,17.27,40.4,21.8
2026-03-04,Gangetic_New_Alluvial_Zone,Nadia,23.4,88.5,0.01,33.4,16.52,40.2,19.22
2026-03-05,Gangetic_New_Alluvial_Zone,Nadia,23.4,88.5,0.0,33.64,17.33,43.5,17.05
2026-03-06,Gangetic_New_Alluvial_Zone,Nadia,23.4,88.5,0.0,34.66,18.68,45.0,15.74
2026-03-07,Gangetic_New_Alluvial_Zone,Nadia,23.4,88.5,0.0,33.38,18.79,60.6,14.76
2026-03-08,Gangetic_New_Alluvial_Zone,Nadia,23.4,88.5,0.01,33.87,20.47,62.7,13.66
2026-03-09,Gangetic_New_Alluvial_Zone,Nadia,23.4,88.5,0.01,33.48,20.95,64.5,11.64
2026-03-10,Gangetic_New_Alluvial_Zone,Nadia,23.4,88.5,0.0,33.95,21.69,59.6,13.21
2026-03-11,Gangetic_New_Alluvial_Zone,Nadia,23.4,88.5,0.18,34.37,21.71,58.2,13.34
2026-03-12,Gangetic_New_Alluvial_Zone,Nadia,23.4,88.5,0.12,34.85,22.15,57.6,9.98
2026-03-13,Gangetic_New_Alluvial_Zone,Nadia,23.4,88.5,0.1,37.27,22.18,57.3,16.85
2026-03-14,Gangetic_New_Alluvial_Zone,Nadia,23.4,88.5,0.21,37.62,23.17,59.6,19.86
2026-03-15,Gangetic_New_Alluvial_Zone,Nadia,23.4,88.5,0.63,36.63,22.84,62.7,13.9
2026-03-16,Gangetic_New_Alluvial_Zone,Nadia,23.4,88.5,2.82,35.61,22.25,64.5,16.26
2026-03-17,Gangetic_New_Alluvial_Zone,Nadia,23.4,88.5,1.85,35.4,22.59,63.0,17.58
2026-03-18,Gangetic_New_Alluvial_Zone,Nadia,23.4,88.5,1.71,37.42,21.49,60.9,17.66
2026-03-19,Gangetic_New_Alluvial_Zone,Nadia,23.4,88.5,4.31,30.01,21.7,72.4,15.37
2026-03-20,Gangetic_New_Alluvial_Zone,Nadia,23.4,88.5,4.19,31.14,20.39,67.3,14.19
2026-03-21,Gangetic_New_Alluvial_Zone,Nadia,23.4,88.5,13.6,27.12,18.99,77.6,6.61
2026-03-22,Gangetic_New_Alluvial_Zone,Nadia,23.4,88.5,0.91,30.16,18.19,66.8,17.87
2026-03-23,Gangetic_New_Alluvial_Zone,Nadia,23.4,88.5,0.13,32.22,18.12,52.5,19.42
2026-03-24,Gangetic_New_Alluvial_Zone,Nadia,23.4,88.5,0.0,34.68,19.02,56.9,19.94
2026-03-25,Gangetic_New_Alluvial_Zone,Nadia,23.4,88.5,0.11,36.27,21.42,59.9,19.2
2026-03-26,Gangetic_New_Alluvial_Zone,Nadia,23.4,88.5,0.07,36.6,21.86,46.1,19.25
2026-03-27,Gangetic_New_Alluvial_Zone,Nadia,23.4,88.5,1.01,37.51,20.62,51.1,21.59
2026-03-28,Gangetic_New_Alluvial_Zone,Nadia,23.4,88.5,5.59,33.97,22.81,64.3,14.74
2026-03-29,Gangetic_New_Alluvial_Zone,Nadia,23.4,88.5,1.23,35.79,21.24,63.2,15.35
2026-03-30,Gangetic_New_Alluvial_Zone,Nadia,23.4,88.5,6.61,35.83,22.81,69.8,16.17
2026-03-31,Gangetic_New_Alluvial_Zone,Nadia,23.4,88.5,5.67,35.92,23.92,68.6,12.28
2026-04-01,Gangetic_New_Alluvial_Zone,Nadia,23.4,88.5,0.67,38.9,22.67,59.5,25.55
2026-04-02,Gangetic_New_Alluvial_Zone,Nadia,23.4,88.5,1.01,39.64,23.5,57.4,22.91
2026-04-03,Gangetic_New_Alluvial_Zone,Nadia,23.4,88.5,0.57,40.66,23.88,56.2,21.74
2026-04-04,Gangetic_New_Alluvial_Zone,Nadia,23.4,88.5,0.0,40.61,24.37,55.3,19.62
2026-04-05,Gangetic_New_Alluvial_Zone,Nadia,23.4,88.5,0.27,33.06,24.75,60.2,10.09
2026-04-06,Gangetic_New_Alluvial_Zone,Nadia,23.4,88.5,1.05,36.78,22.4,53.6,14.29
2026-04-07,Gangetic_New_Alluvial_Zone,Nadia,23.4,88.5,5.96,35.2,23.79,61.0,21.48
2026-04-08,Gangetic_New_Alluvial_Zone,Nadia,23.4,88.5,10.62,33.1,21.73,71.1,18.4
2026-04-09,Gangetic_New_Alluvial_Zone,Nadia,23.4,88.5,36.08,30.22,22.05,78.1,14.73
2026-04-10,Gangetic_New_Alluvial_Zone,Nadia,23.4,88.5,10.98,33.88,20.41,60.7,23.09
2026-04-11,Gangetic_New_Alluvial_Zone,Nadia,23.4,88.5,0.22,35.61,18.74,52.6,25.22
2026-04-12,Gangetic_New_Alluvial_Zone,Nadia,23.4,88.5,0.0,37.63,18.86,47.5,24.89
2026-04-13,Gangetic_New_Alluvial_Zone,Nadia,23.4,88.5,0.0,38.86,22.75,62.8,22.09
2026-04-14,Gangetic_New_Alluvial_Zone,Nadia,23.4,88.5,0.35,38.54,23.94,62.2,23.43
2026-04-15,Gangetic_New_Alluvial_Zone,Nadia,23.4,88.5,0.94,39.35,23.5,61.9,23.72
2026-04-16,Gangetic_New_Alluvial_Zone,Nadia,23.4,88.5,2.22,37.59,24.71,69.1,10.44
2026-04-17,Gangetic_New_Alluvial_Zone,Nadia,23.4,88.5,0.76,37.76,24.64,65.3,17.18
2026-04-18,Gangetic_New_Alluvial_Zone,Nadia,23.4,88.5,0.97,38.03,24.51,64.5,19.14
2026-04-19,Gangetic_New_Alluvial_Zone,Nadia,23.4,88.5,0.72,40.23,24.98,63.9,16.91
2026-04-20,Gangetic_New_Alluvial_Zone,Nadia,23.4,88.5,2.09,41.53,25.59,62.5,20.78
2026-04-21,Gangetic_New_Alluvial_Zone,Nadia,23.4,88.5,0.0,42.07,25.71,57.1,18.37
2026-04-22,Gangetic_New_Alluvial_Zone,Nadia,23.4,88.5,0.0,41.66,25.46,55.8,22.69
2026-04-23,Gangetic_New_Alluvial_Zone,Nadia,23.4,88.5,0.0,40.64,25.11,57.2,20.58
2026-04-24,Gangetic_New_Alluvial_Zone,Nadia,23.4,88.5,0.0,40.31,25.47,58.3,19.88
2026-04-25,Gangetic_New_Alluvial_Zone,Nadia,23.4,88.5,0.0,39.44,26.14,57.5,21.33
2026-04-26,Gangetic_New_Alluvial_Zone,Nadia,23.4,88.5,0.06,39.84,25.57,58.8,11.88
2026-04-27,Gangetic_New_Alluvial_Zone,Nadia,23.4,88.5,4.58,39.25,25.44,67.8,12.68
2026-04-28,Gangetic_New_Alluvial_Zone,Nadia,23.4,88.5,4.22,37.9,26.26,69.4,13.75
2026-04-29,Gangetic_New_Alluvial_Zone,Nadia,23.4,88.5,11.71,35.9,24.9,75.7,12.55
2026-04-30,Gangetic_New_Alluvial_Zone,Nadia,23.4,88.5,14.06,32.26,23.41,78.2,16.16
2026-05-01,Gangetic_New_Alluvial_Zone,Nadia,23.4,88.5,6.78,33.43,23.64,71.3,20.98
2026-05-02,Gangetic_New_Alluvial_Zone,Nadia,23.4,88.5,3.84,36.69,23.27,65.5,14.81
2026-05-03,Gangetic_New_Alluvial_Zone,Nadia,23.4,88.5,4.9,33.9,24.48,72.2,20.15
2026-05-04,Gangetic_New_Alluvial_Zone,Nadia,23.4,88.5,3.76,34.85,24.8,70.8,17.13
2026-05-05,Gangetic_New_Alluvial_Zone,Nadia,23.4,88.5,12.51,33.33,23.78,74.3,19.14
2026-05-06,Gangetic_New_Alluvial_Zone,Nadia,23.4,88.5,5.85,35.9,23.21,67.2,14.09
2026-05-07,Gangetic_New_Alluvial_Zone,Nadia,23.4,88.5,12.09,33.72,23.8,70.8,19.38
2026-05-08,Gangetic_New_Alluvial_Zone,Nadia,23.4,88.5,5.15,34.55,22.98,68.5,20.73
2026-05-09,Gangetic_New_Alluvial_Zone,Nadia,23.4,88.5,9.76,33.21,23.68,71.8,21.64
2026-05-10,Gangetic_New_Alluvial_Zone,Nadia,23.4,88.5,5.8,32.26,23.75,71.1,16.61
2026-05-11,Gangetic_New_Alluvial_Zone,Nadia,23.4,88.5,0.83,33.38,23.1,70.7,19.98
2026-05-12,Gangetic_New_Alluvial_Zone,Nadia,23.4,88.5,0.12,35.11,23.43,69.0,19.82
2026-05-13,Gangetic_New_Alluvial_Zone,Nadia,23.4,88.5,3.0,35.69,24.5,70.3,16.43
2026-05-14,Gangetic_New_Alluvial_Zone,Nadia,23.4,88.5,14.49,36.06,25.29,74.1,23.97
2026-05-15,Gangetic_New_Alluvial_Zone,Nadia,23.4,88.5,8.97,37.39,25.48,73.7,20.02
2026-05-16,Gangetic_New_Alluvial_Zone,Nadia,23.4,88.5,1.52,38.79,26.52,70.2,21.42
2026-05-17,Gangetic_New_Alluvial_Zone,Nadia,23.4,88.5,2.17,40.11,26.14,66.2,19.52
2026-05-18,Gangetic_New_Alluvial_Zone,Nadia,23.4,88.5,1.35,41.26,26.62,62.8,20.78
2026-05-19,Gangetic_New_Alluvial_Zone,Nadia,23.4,88.5,29.12,37.28,26.77,74.8,15.55
2026-05-20,Gangetic_New_Alluvial_Zone,Nadia,23.4,88.5,8.5,36.75,26.45,75.5,18.17
2026-05-21,Gangetic_New_Alluvial_Zone,Nadia,23.4,88.5,1.1,39.47,27.71,69.9,15.85
2026-05-22,Gangetic_New_Alluvial_Zone,Nadia,23.4,88.5,3.0,39.04,27.16,71.0,14.98
2026-05-23,Gangetic_New_Alluvial_Zone,Nadia,23.4,88.5,3.1,40.02,27.18,68.3,15.24
2026-05-24,Gangetic_New_Alluvial_Zone,Nadia,23.4,88.5,2.96,38.49,27.32,72.0,19.92
2026-05-25,Gangetic_New_Alluvial_Zone,Nadia,23.4,88.5,4.46,36.46,27.47,76.5,18.46
2026-05-26,Gangetic_New_Alluvial_Zone,Nadia,23.4,88.5,9.81,37.41,26.63,73.9,15.51
2026-05-27,Gangetic_New_Alluvial_Zone,Nadia,23.4,88.5,18.2,35.46,25.87,78.0,18.8
2026-05-28,Gangetic_New_Alluvial_Zone,Nadia,23.4,88.5,20.41,31.64,25.62,85.4,20.15
2026-05-29,Gangetic_New_Alluvial_Zone,Nadia,23.4,88.5,11.11,33.85,25.48,76.8,15.78
2026-05-30,Gangetic_New_Alluvial_Zone,Nadia,23.4,88.5,11.88,32.93,24.84,77.6,21.96
2026-05-31,Gangetic_New_Alluvial_Zone,Nadia,23.4,88.5,1.19,33.47,25.48,77.0,22.76
2026-06-01,Gangetic_New_Alluvial_Zone,Nadia,23.4,88.5,0.0,35.88,25.58,73.4,22.34
2026-06-02,Gangetic_New_Alluvial_Zone,Nadia,23.4,88.5,0.06,35.58,26.34,74.2,20.73
2026-06-03,Gangetic_New_Alluvial_Zone,Nadia,23.4,88.5,0.07,37.31,27.09,68.3,22.63
2026-06-04,Gangetic_New_Alluvial_Zone,Nadia,23.4,88.5,7.24,35.98,27.12,74.4,21.67
2026-06-05,Gangetic_New_Alluvial_Zone,Nadia,23.4,88.5,17.88,34.88,27.4,80.2,16.53
2026-06-06,Gangetic_New_Alluvial_Zone,Nadia,23.4,88.5,11.87,33.41,27.02,82.3,15.16
2026-06-07,Gangetic_New_Alluvial_Zone,Nadia,23.4,88.5,19.64,33.54,26.94,84.0,17.19
2026-06-08,Gangetic_New_Alluvial_Zone,Nadia,23.4,88.5,7.46,34.21,27.03,81.2,23.28
2026-06-09,Gangetic_New_Alluvial_Zone,Nadia,23.4,88.5,29.61,35.98,26.81,82.7,20.78
2026-06-10,Gangetic_New_Alluvial_Zone,Nadia,23.4,88.5,103.68,33.48,26.65,88.1,15.1
2026-06-11,Gangetic_New_Alluvial_Zone,Nadia,23.4,88.5,31.29,30.28,25.93,90.8,18.34
2026-06-12,Gangetic_New_Alluvial_Zone,Nadia,23.4,88.5,20.05,32.16,24.7,82.2,19.29
2026-06-13,Gangetic_New_Alluvial_Zone,Nadia,23.4,88.5,7.71,33.61,25.53,84.0,18.72
2026-06-14,Gangetic_New_Alluvial_Zone,Nadia,23.4,88.5,3.7,31.6,26.08,87.3,21.67
2026-06-15,Gangetic_New_Alluvial_Zone,Nadia,23.4,88.5,5.89,32.54,25.81,85.9,19.55
2026-06-16,Gangetic_New_Alluvial_Zone,Nadia,23.4,88.5,4.09,33.84,25.98,83.9,21.94
2026-06-17,Gangetic_New_Alluvial_Zone,Nadia,23.4,88.5,5.28,33.67,26.36,83.0,21.02
2026-06-18,Gangetic_New_Alluvial_Zone,Nadia,23.4,88.5,6.51,33.23,26.7,86.9,12.38
2026-06-19,Gangetic_New_Alluvial_Zone,Nadia,23.4,88.5,35.01,29.63,26.34,91.2,4.77
2026-06-20,Gangetic_New_Alluvial_Zone,Nadia,23.4,88.5,5.18,32.72,25.7,86.0,22.34
2026-06-21,Gangetic_New_Alluvial_Zone,Nadia,23.4,88.5,5.08,29.86,26.56,91.9,13.69
2026-06-22,Gangetic_New_Alluvial_Zone,Nadia,23.4,88.5,8.79,31.21,25.79,89.5,9.41
2026-06-23,Gangetic_New_Alluvial_Zone,Nadia,23.4,88.5,3.16,32.42,25.27,87.4,18.14
2026-06-24,Gangetic_New_Alluvial_Zone,Nadia,23.4,88.5,3.39,32.48,26.76,86.1,18.25
2026-06-25,Gangetic_New_Alluvial_Zone,Nadia,23.4,88.5,6.0,33.17,25.89,85.9,16.17
2026-06-26,Gangetic_New_Alluvial_Zone,Nadia,23.4,88.5,4.86,33.07,25.25,83.2,20.87
2026-06-27,Gangetic_New_Alluvial_Zone,Nadia,23.4,88.5,0.84,33.62,25.42,83.6,21.42
2026-06-28,Gangetic_New_Alluvial_Zone,Nadia,23.4,88.5,0.32,33.6,26.49,84.5,17.5
2026-06-29,Gangetic_New_Alluvial_Zone,Nadia,23.4,88.5,2.92,31.53,26.9,90.7,13.28
2026-06-30,Gangetic_New_Alluvial_Zone,Nadia,23.4,88.5,6.21,32.09,26.63,86.4,14.02
2026-07-01,Gangetic_New_Alluvial_Zone,Nadia,23.4,88.5,8.29,32.4,25.91,85.5,10.67
2026-07-02,Gangetic_New_Alluvial_Zone,Nadia,23.4,88.5,6.52,32.33,26.35,87.7,19.8
2026-07-03,Gangetic_New_Alluvial_Zone,Nadia,23.4,88.5,0.69,31.94,26.9,88.4,20.29
2026-07-04,Gangetic_New_Alluvial_Zone,Nadia,23.4,88.5,1.76,30.44,26.43,89.7,19.81
2026-07-05,Gangetic_New_Alluvial_Zone,Nadia,23.4,88.5,7.01,30.96,26.43,91.3,10.31
2026-07-06,Gangetic_New_Alluvial_Zone,Nadia,23.4,88.5,8.52,32.49,26.0,88.5,5.0
2026-07-07,Gangetic_New_Alluvial_Zone,Nadia,23.4,88.5,14.82,30.24,26.83,91.4,7.08
2026-07-08,Gangetic_New_Alluvial_Zone,Nadia,23.4,88.5,9.64,32.43,26.82,88.6,6.73
2026-07-09,Gangetic_New_Alluvial_Zone,Nadia,23.4,88.5,33.47,32.97,26.39,88.2,7.17
2026-07-10,Gangetic_New_Alluvial_Zone,Nadia,23.4,88.5,63.49,31.01,26.51,91.9,6.3
2026-07-11,Gangetic_New_Alluvial_Zone,Nadia,23.4,88.5,32.34,31.83,26.39,89.5,8.11
2026-07-12,Gangetic_New_Alluvial_Zone,Nadia,23.4,88.5,15.48,32.97,26.65,86.7,5.92
2026-07-13,Gangetic_New_Alluvial_Zone,Nadia,23.4,88.5,33.61,30.67,26.98,90.2,1.69
2026-07-14,Gangetic_New_Alluvial_Zone,Nadia,23.4,88.5,8.96,33.26,26.14,86.9,16.04
2026-07-15,Gangetic_New_Alluvial_Zone,Nadia,23.4,88.5,3.13,32.51,25.73,89.1,18.15
2026-07-16,Gangetic_New_Alluvial_Zone,Nadia,23.4,88.5,5.0,31.73,25.91,89.4,14.17
2026-07-17,Gangetic_New_Alluvial_Zone,Nadia,23.4,88.5,3.04,33.17,25.84,89.7,13.72
2026-07-18,Gangetic_New_Alluvial_Zone,Nadia,23.4,88.5,6.83,33.01,26.33,88.6,14.54
2026-07-19,Gangetic_New_Alluvial_Zone,Nadia,23.4,88.5,7.88,31.37,26.49,90.0,13.12
2026-07-20,Gangetic_New_Alluvial_Zone,Nadia,23.4,88.5,15.17,29.74,26.14,92.4,8.29
2026-07-21,Gangetic_New_Alluvial_Zone,Nadia,23.4,88.5,27.17,29.64,25.52,92.9,5.04
2026-07-22,Gangetic_New_Alluvial_Zone,Nadia,23.4,88.5,17.06,29.76,25.48,92.1,5.28
2026-07-23,Gangetic_New_Alluvial_Zone,Nadia,23.4,88.5,16.34,31.06,25.2,90.4,13.91
2026-07-24,Gangetic_New_Alluvial_Zone,Nadia,23.4,88.5,23.68,31.01,25.05,89.0,12.81
2026-07-25,Gangetic_New_Alluvial_Zone,Nadia,23.4,88.5,9.38,31.44,25.64,89.8,18.68
2026-07-26,Gangetic_New_Alluvial_Zone,Nadia,23.4,88.5,4.15,31.91,24.99,89.5,20.05
2026-07-27,Gangetic_New_Alluvial_Zone,Nadia,23.4,88.5,3.45,31.76,25.69,89.1,16.81
2026-07-28,Gangetic_New_Alluvial_Zone,Nadia,23.4,88.5,6.39,30.96,26.06,90.0,17.13
2026-07-29,Gangetic_New_Alluvial_Zone,Nadia,23.4,88.5,7.47,31.68,25.53,89.0,18.72
2026-07-30,Gangetic_New_Alluvial_Zone,Nadia,23.4,88.5,15.72,30.74,26.25,91.6,10.29
2026-07-31,Gangetic_New_Alluvial_Zone,Nadia,23.4,88.5,10.32,31.55,25.74,89.6,17.02
2026-08-01,Gangetic_New_Alluvial_Zone,Nadia,23.4,88.5,9.71,32.52,25.8,88.3,12.21
2026-08-02,Gangetic_New_Alluvial_Zone,Nadia,23.4,88.5,13.24,30.43,26.02,91.7,17.23
2026-08-03,Gangetic_New_Alluvial_Zone,Nadia,23.4,88.5,14.56,32.59,26.9,90.1,9.47
2026-08-04,Gangetic_New_Alluvial_Zone,Nadia,23.4,88.5,20.84,31.81,26.75,91.1,7.57
2026-08-05,Gangetic_New_Alluvial_Zone,Nadia,23.4,88.5,15.6,32.0,26.48,90.9,2.77
2026-08-06,Gangetic_New_Alluvial_Zone,Nadia,23.4,88.5,79.41,28.23,26.19,96.3,14.5
2026-08-07,Gangetic_New_Alluvial_Zone,Nadia,23.4,88.5,13.68,31.23,25.76,90.7,14.34
2026-08-08,Gangetic_New_Alluvial_Zone,Nadia,23.4,88.5,7.34,30.95,25.84,92.1,17.3
2026-08-09,Gangetic_New_Alluvial_Zone,Nadia,23.4,88.5,5.85,32.66,25.74,88.2,17.87
2026-08-10,Gangetic_New_Alluvial_Zone,Nadia,23.4,88.5,4.58,32.65,26.07,85.7,19.24
2026-08-11,Gangetic_New_Alluvial_Zone,Nadia,23.4,88.5,7.05,32.76,26.69,86.0,20.33
2026-08-12,Gangetic_New_Alluvial_Zone,Nadia,23.4,88.5,16.21,32.88,27.05,89.3,20.47
2026-08-13,Gangetic_New_Alluvial_Zone,Nadia,23.4,88.5,7.1,30.12,26.06,92.9,11.81
2026-08-14,Gangetic_New_Alluvial_Zone,Nadia,23.4,88.5,7.72,32.68,26.11,89.0,17.71
2026-08-15,Gangetic_New_Alluvial_Zone,Nadia,23.4,88.5,8.67,32.95,26.16,89.1,17.54
2026-08-16,Gangetic_New_Alluvial_Zone,Nadia,23.4,88.5,8.54,32.2,26.22,89.3,16.26
2026-08-17,Gangetic_New_Alluvial_Zone,Nadia,23.4,88.5,16.2,29.94,26.23,93.4,4.24
2026-08-18,Gangetic_New_Alluvial_Zone,Nadia,23.4,88.5,45.53,29.8,25.93,93.4,10.39
2026-08-19,Gangetic_New_Alluvial_Zone,Nadia,23.4,88.5,6.6,31.98,25.97,90.3,18.95
2026-08-20,Gangetic_New_Alluvial_Zone,Nadia,23.4,88.5,3.13,32.27,25.97,88.6,19.47
2026-08-21,Gangetic_New_Alluvial_Zone,Nadia,23.4,88.5,1.43,31.51,26.71,89.8,11.77
2026-08-22,Gangetic_New_Alluvial_Zone,Nadia,23.4,88.5,4.17,32.84,26.41,88.2,21.5
2026-08-23,Gangetic_New_Alluvial_Zone,Nadia,23.4,88.5,4.44,31.88,26.22,90.0,19.48
2026-08-24,Gangetic_New_Alluvial_Zone,Nadia,23.4,88.5,7.62,31.52,26.4,91.4,13.93
2026-08-25,Gangetic_New_Alluvial_Zone,Nadia,23.4,88.5,7.73,32.12,26.09,90.5,13.1
2026-08-26,Gangetic_New_Alluvial_Zone,Nadia,23.4,88.5,8.36,32.31,26.33,89.8,17.27
2026-08-27,Gangetic_New_Alluvial_Zone,Nadia,23.4,88.5,7.62,33.67,27.01,88.0,20.14
2026-08-28,Gangetic_New_Alluvial_Zone,Nadia,23.4,88.5,5.45,33.39,27.14,88.0,15.07
2026-08-29,Gangetic_New_Alluvial_Zone,Nadia,23.4,88.5,5.04,33.08,27.13,88.6,18.91
2026-08-30,Gangetic_New_Alluvial_Zone,Nadia,23.4,88.5,6.58,32.25,26.39,89.5,15.06
2026-08-31,Gangetic_New_Alluvial_Zone,Nadia,23.4,88.5,10.34,31.27,26.25,91.2,14.01
2026-09-01,Gangetic_New_Alluvial_Zone,Nadia,23.4,88.5,14.95,30.81,26.02,92.0,8.71
2026-09-02,Gangetic_New_Alluvial_Zone,Nadia,23.4,88.5,18.75,30.91,25.87,92.2,8.55
2026-09-03,Gangetic_New_Alluvial_Zone,Nadia,23.4,88.5,15.85,30.2,25.86,91.8,5.15
2026-09-04,Gangetic_New_Alluvial_Zone,Nadia,23.4,88.5,10.49,31.34,25.5,90.6,17.07
2026-09-05,Gangetic_New_Alluvial_Zone,Nadia,23.4,88.5,8.53,31.75,25.64,89.6,12.98
2026-09-06,Gangetic_New_Alluvial_Zone,Nadia,23.4,88.5,3.98,30.14,26.2,92.4,6.58
2026-09-07,Gangetic_New_Alluvial_Zone,Nadia,23.4,88.5,6.22,32.14,26.3,89.8,6.87
2026-09-08,Gangetic_New_Alluvial_Zone,Nadia,23.4,88.5,7.34,32.8,27.09,88.2,3.74
2026-09-09,Gangetic_New_Alluvial_Zone,Nadia,23.4,88.5,7.25,32.77,27.02,87.3,
2026-09-10,Gangetic_New_Alluvial_Zone,Nadia,23.4,88.5,4.81,31.43,26.74,90.4,
2026-01-01,Gangetic_New_Alluvial_Zone,Purba_Bardhaman,23.25,87.85,0.0,21.98,7.82,68.5,12.43
2026-01-02,Gangetic_New_Alluvial_Zone,Purba_Bardhaman,23.25,87.85,0.0,22.04,8.83,69.6,10.6
2026-01-03,Gangetic_New_Alluvial_Zone,Purba_Bardhaman,23.25,87.85,0.0,21.85,9.77,78.4,10.02
2026-01-04,Gangetic_New_Alluvial_Zone,Purba_Bardhaman,23.25,87.85,0.0,21.23,11.05,79.7,7.6
2026-01-05,Gangetic_New_Alluvial_Zone,Purba_Bardhaman,23.25,87.85,0.0,20.32,7.29,77.6,7.16
2026-01-06,Gangetic_New_Alluvial_Zone,Purba_Bardhaman,23.25,87.85,0.0,20.49,6.51,78.0,10.48
2026-01-07,Gangetic_New_Alluvial_Zone,Purba_Bardhaman,23.25,87.85,0.0,21.68,6.57,74.3,13.66
2026-01-08,Gangetic_New_Alluvial_Zone,Purba_Bardhaman,23.25,87.85,0.0,21.9,7.04,71.6,13.93
2026-01-09,Gangetic_New_Alluvial_Zone,Purba_Bardhaman,23.25,87.85,0.0,21.68,6.08,69.7,14.09
2026-01-10,Gangetic_New_Alluvial_Zone,Purba_Bardhaman,23.25,87.85,0.0,20.87,6.01,70.5,13.73
2026-01-11,Gangetic_New_Alluvial_Zone,Purba_Bardhaman,23.25,87.85,0.0,22.2,6.99,68.7,14.19
2026-01-12,Gangetic_New_Alluvial_Zone,Purba_Bardhaman,23.25,87.85,0.0,22.93,7.83,73.1,13.99
2026-01-13,Gangetic_New_Alluvial_Zone,Purba_Bardhaman,23.25,87.85,0.0,22.39,7.17,69.9,14.09
2026-01-14,Gangetic_New_Alluvial_Zone,Purba_Bardhaman,23.25,87.85,6.89,22.61,7.84,70.2,12.61
2026-01-15,Gangetic_New_Alluvial_Zone,Purba_Bardhaman,23.25,87.85,0.0,22.36,7.74,67.8,12.63
2026-01-16,Gangetic_New_Alluvial_Zone,Purba_Bardhaman,23.25,87.85,0.0,22.74,6.72,64.8,13.17
2026-01-17,Gangetic_New_Alluvial_Zone,Purba_Bardhaman,23.25,87.85,0.0,23.25,7.63,67.2,13.84
2026-01-18,Gangetic_New_Alluvial_Zone,Purba_Bardhaman,23.25,87.85,0.0,24.81,8.08,63.3,13.88
2026-01-19,Gangetic_New_Alluvial_Zone,Purba_Bardhaman,23.25,87.85,0.0,24.93,9.37,61.1,13.5
2026-01-20,Gangetic_New_Alluvial_Zone,Purba_Bardhaman,23.25,87.85,0.0,27.19,11.29,59.7,12.69
2026-01-21,Gangetic_New_Alluvial_Zone,Purba_Bardhaman,23.25,87.85,0.0,26.32,11.19,67.4,11.2
2026-01-22,Gangetic_New_Alluvial_Zone,Purba_Bardhaman,23.25,87.85,0.0,24.75,10.27,59.5,14.03
2026-01-23,Gangetic_New_Alluvial_Zone,Purba_Bardhaman,23.25,87.85,0.0,25.09,9.72,54.3,14.17
2026-01-24,Gangetic_New_Alluvial_Zone,Purba_Bardhaman,23.25,87.85,0.0,26.02,10.91,54.2,14.04
2026-01-25,Gangetic_New_Alluvial_Zone,Purba_Bardhaman,23.25,87.85,0.0,26.4,11.35,54.0,13.82
2026-01-26,Gangetic_New_Alluvial_Zone,Purba_Bardhaman,23.25,87.85,0.0,27.23,11.95,68.3,12.53
2026-01-27,Gangetic_New_Alluvial_Zone,Purba_Bardhaman,23.25,87.85,0.0,26.18,11.74,67.1,14.67
2026-01-28,Gangetic_New_Alluvial_Zone,Purba_Bardhaman,23.25,87.85,0.0,26.84,12.4,60.7,14.65
2026-01-29,Gangetic_New_Alluvial_Zone,Purba_Bardhaman,23.25,87.85,0.0,27.21,14.25,69.3,12.4
2026-01-30,Gangetic_New_Alluvial_Zone,Purba_Bardhaman,23.25,87.85,0.0,26.25,12.93,65.5,14.25
2026-01-31,Gangetic_New_Alluvial_Zone,Purba_Bardhaman,23.25,87.85,0.0,26.36,10.85,59.8,14.14
2026-02-01,Gangetic_New_Alluvial_Zone,Purba_Bardhaman,23.25,87.85,0.0,26.49,10.99,58.6,13.37
2026-02-02,Gangetic_New_Alluvial_Zone,Purba_Bardhaman,23.25,87.85,0.0,25.86,11.35,57.2,15.8
2026-02-03,Gangetic_New_Alluvial_Zone,Purba_Bardhaman,23.25,87.85,0.0,27.11,11.33,56.6,14.82
2026-02-04,Gangetic_New_Alluvial_Zone,Purba_Bardhaman,23.25,87.85,0.0,27.94,12.73,61.4,15.39
2026-02-05,Gangetic_New_Alluvial_Zone,Purba_Bardhaman,23.25,87.85,0.0,28.4,12.07,59.9,16.94
2026-02-06,Gangetic_New_Alluvial_Zone,Purba_Bardhaman,23.25,87.85,0.0,25.52,10.34,53.6,17.74
2026-02-07,Gangetic_New_Alluvial_Zone,Purba_Bardhaman,23.25,87.85,0.0,26.51,9.54,56.4,17.49
2026-02-08,Gangetic_New_Alluvial_Zone,Purba_Bardhaman,23.25,87.85,0.0,27.68,10.11,55.8,17.12
2026-02-09,Gangetic_New_Alluvial_Zone,Purba_Bardhaman,23.25,87.85,0.0,26.73,11.63,51.8,16.73
2026-02-10,Gangetic_New_Alluvial_Zone,Purba_Bardhaman,23.25,87.85,0.0,28.19,10.4,48.6,16.69
2026-02-11,Gangetic_New_Alluvial_Zone,Purba_Bardhaman,23.25,87.85,0.0,28.75,10.82,48.5,17.31
2026-02-12,Gangetic_New_Alluvial_Zone,Purba_Bardhaman,23.25,87.85,0.0,28.93,11.9,50.6,17.82
2026-02-13,Gangetic_New_Alluvial_Zone,Purba_Bardhaman,23.25,87.85,0.0,29.35,11.13,51.0,17.5
2026-02-14,Gangetic_New_Alluvial_Zone,Purba_Bardhaman,23.25,87.85,0.0,28.79,12.52,51.9,18.55
2026-02-15,Gangetic_New_Alluvial_Zone,Purba_Bardhaman,23.25,87.85,0.0,29.46,11.78,47.6,18.72
2026-02-16,Gangetic_New_Alluvial_Zone,Purba_Bardhaman,23.25,87.85,0.0,29.38,11.8,46.5,17.69
2026-02-17,Gangetic_New_Alluvial_Zone,Purba_Bardhaman,23.25,87.85,0.0,30.08,12.52,45.6,18.38
2026-02-18,Gangetic_New_Alluvial_Zone,Purba_Bardhaman,23.25,87.85,0.0,31.2,13.07,43.2,19.38
2026-02-19,Gangetic_New_Alluvial_Zone,Purba_Bardhaman,23.25,87.85,0.0,31.54,13.07,41.9,18.2
2026-02-20,Gangetic_New_Alluvial_Zone,Purba_Bardhaman,23.25,87.85,0.0,32.3,15.67,46.6,16.6
2026-02-21,Gangetic_New_Alluvial_Zone,Purba_Bardhaman,23.25,87.85,0.0,32.93,15.56,45.8,16.27
2026-02-22,Gangetic_New_Alluvial_Zone,Purba_Bardhaman,23.25,87.85,0.0,32.2,18.27,51.1,16.84
2026-02-23,Gangetic_New_Alluvial_Zone,Purba_Bardhaman,23.25,87.85,0.46,32.66,17.53,48.3,16.13
2026-02-24,Gangetic_New_Alluvial_Zone,Purba_Bardhaman,23.25,87.85,3.6,30.49,17.53,53.0,15.16
2026-02-25,Gangetic_New_Alluvial_Zone,Purba_Bardhaman,23.25,87.85,0.26,31.1,16.67,49.5,17.32
2026-02-26,Gangetic_New_Alluvial_Zone,Purba_Bardhaman,23.25,87.85,0.0,30.82,15.0,44.7,18.0
2026-02-27,Gangetic_New_Alluvial_Zone,Purba_Bardhaman,23.25,87.85,0.0,31.72,13.91,38.8,19.7
2026-02-28,Gangetic_New_Alluvial_Zone,Purba_Bardhaman,23.25,87.85,0.0,32.57,14.54,41.7,20.08
2026-03-01,Gangetic_New_Alluvial_Zone,Purba_Bardhaman,23.25,87.85,0.0,33.75,16.9,55.1,19.88
2026-03-02,Gangetic_New_Alluvial_Zone,Purba_Bardhaman,23.25,87.85,0.0,34.04,20.2,47.6,21.14
2026-03-03,Gangetic_New_Alluvial_Zone,Purba_Bardhaman,23.25,87.85,0.0,33.16,15.88,32.9,21.9
2026-03-04,Gangetic_New_Alluvial_Zone,Purba_Bardhaman,23.25,87.85,0.0,33.07,17.28,35.6,19.67
2026-03-05,Gangetic_New_Alluvial_Zone,Purba_Bardhaman,23.25,87.85,0.0,33.38,17.31,39.6,17.61
2026-03-06,Gangetic_New_Alluvial_Zone,Purba_Bardhaman,23.25,87.85,0.0,34.18,19.21,44.6,16.24
2026-03-07,Gangetic_New_Alluvial_Zone,Purba_Bardhaman,23.25,87.85,0.0,32.74,18.66,63.1,15.76
2026-03-08,Gangetic_New_Alluvial_Zone,Purba_Bardhaman,23.25,87.85,0.02,33.48,20.33,64.8,15.31
2026-03-09,Gangetic_New_Alluvial_Zone,Purba_Bardhaman,23.25,87.85,0.03,33.51,20.84,65.8,12.65
2026-03-10,Gangetic_New_Alluvial_Zone,Purba_Bardhaman,23.25,87.85,0.02,33.44,21.36,63.2,13.59
2026-03-11,Gangetic_New_Alluvial_Zone,Purba_Bardhaman,23.25,87.85,0.67,33.93,21.38,62.5,13.05
2026-03-12,Gangetic_New_Alluvial_Zone,Purba_Bardhaman,23.25,87.85,0.14,34.68,21.79,59.7,10.27
2026-03-13,Gangetic_New_Alluvial_Zone,Purba_Bardhaman,23.25,87.85,0.07,36.36,21.45,59.2,17.67
2026-03-14,Gangetic_New_Alluvial_Zone,Purba_Bardhaman,23.25,87.85,0.01,37.04,22.69,60.8,20.02
2026-03-15,Gangetic_New_Alluvial_Zone,Purba_Bardhaman,23.25,87.85,1.43,36.34,22.56,64.6,15.4
2026-03-16,Gangetic_New_Alluvial_Zone,Purba_Bardhaman,23.25,87.85,4.02,34.65,22.12,67.5,16.25
2026-03-17,Gangetic_New_Alluvial_Zone,Purba_Bardhaman,23.25,87.85,1.31,36.11,21.88,61.4,17.5
2026-03-18,Gangetic_New_Alluvial_Zone,Purba_Bardhaman,23.25,87.85,0.76,37.26,20.93,59.5,16.74
2026-03-19,Gangetic_New_Alluvial_Zone,Purba_Bardhaman,23.25,87.85,1.45,29.95,22.39,68.1,15.36
2026-03-20,Gangetic_New_Alluvial_Zone,Purba_Bardhaman,23.25,87.85,7.24,30.26,20.79,66.0,14.96
2026-03-21,Gangetic_New_Alluvial_Zone,Purba_Bardhaman,23.25,87.85,18.83,26.73,19.44,78.0,8.47
2026-03-22,Gangetic_New_Alluvial_Zone,Purba_Bardhaman,23.25,87.85,0.18,30.19,17.91,64.0,18.05
2026-03-23,Gangetic_New_Alluvial_Zone,Purba_Bardhaman,23.25,87.85,0.02,31.71,17.88,52.5,19.85
2026-03-24,Gangetic_New_Alluvial_Zone,Purba_Bardhaman,23.25,87.85,0.0,34.05,18.91,58.2,18.0
2026-03-25,Gangetic_New_Alluvial_Zone,Purba_Bardhaman,23.25,87.85,0.0,35.88,21.5,58.9,19.76
2026-03-26,Gangetic_New_Alluvial_Zone,Purba_Bardhaman,23.25,87.85,0.03,36.13,22.17,43.2,19.15
2026-03-27,Gangetic_New_Alluvial_Zone,Purba_Bardhaman,23.25,87.85,0.59,37.24,20.19,49.1,22.07
2026-03-28,Gangetic_New_Alluvial_Zone,Purba_Bardhaman,23.25,87.85,3.6,34.61,22.45,60.8,17.26
2026-03-29,Gangetic_New_Alluvial_Zone,Purba_Bardhaman,23.25,87.85,0.37,35.76,22.07,60.4,16.12
2026-03-30,Gangetic_New_Alluvial_Zone,Purba_Bardhaman,23.25,87.85,4.83,36.58,22.96,65.7,16.39
2026-03-31,Gangetic_New_Alluvial_Zone,Purba_Bardhaman,23.25,87.85,4.77,36.72,23.92,64.3,15.0
2026-04-01,Gangetic_New_Alluvial_Zone,Purba_Bardhaman,23.25,87.85,0.45,38.82,22.86,57.7,25.19
2026-04-02,Gangetic_New_Alluvial_Zone,Purba_Bardhaman,23.25,87.85,0.4,39.62,23.25,56.1,22.86
2026-04-03,Gangetic_New_Alluvial_Zone,Purba_Bardhaman,23.25,87.85,0.02,40.66,23.68,53.8,21.35
2026-04-04,Gangetic_New_Alluvial_Zone,Purba_Bardhaman,23.25,87.85,0.01,40.34,24.14,51.9,19.54
2026-04-05,Gangetic_New_Alluvial_Zone,Purba_Bardhaman,23.25,87.85,0.61,33.48,24.59,55.8,13.35
2026-04-06,Gangetic_New_Alluvial_Zone,Purba_Bardhaman,23.25,87.85,1.42,35.77,22.04,52.6,13.71
2026-04-07,Gangetic_New_Alluvial_Zone,Purba_Bardhaman,23.25,87.85,3.35,36.32,23.86,57.1,21.4
2026-04-08,Gangetic_New_Alluvial_Zone,Purba_Bardhaman,23.25,87.85,8.31,33.42,22.39,68.1,19.02
2026-04-09,Gangetic_New_Alluvial_Zone,Purba_Bardhaman,23.25,87.85,17.34,31.7,22.43,71.5,18.04
2026-04-10,Gangetic_New_Alluvial_Zone,Purba_Bardhaman,23.25,87.85,2.14,34.99,20.3,51.5,23.89
2026-04-11,Gangetic_New_Alluvial_Zone,Purba_Bardhaman,23.25,87.85,0.07,36.53,18.69,43.7,25.5
2026-04-12,Gangetic_New_Alluvial_Zone,Purba_Bardhaman,23.25,87.85,0.0,38.44,19.34,41.5,24.97
2026-04-13,Gangetic_New_Alluvial_Zone,Purba_Bardhaman,23.25,87.85,0.0,39.52,23.15,57.1,22.1
2026-04-14,Gangetic_New_Alluvial_Zone,Purba_Bardhaman,23.25,87.85,0.01,39.47,23.73,53.5,23.68
2026-04-15,Gangetic_New_Alluvial_Zone,Purba_Bardhaman,23.25,87.85,0.03,40.24,23.23,56.0,23.88
2026-04-16,Gangetic_New_Alluvial_Zone,Purba_Bardhaman,23.25,87.85,0.43,39.12,25.28,64.3,11.44
2026-04-17,Gangetic_New_Alluvial_Zone,Purba_Bardhaman,23.25,87.85,0.19,39.04,25.11,60.6,18.38
2026-04-18,Gangetic_New_Alluvial_Zone,Purba_Bardhaman,23.25,87.85,0.36,39.56,25.12,59.6,18.47
2026-04-19,Gangetic_New_Alluvial_Zone,Purba_Bardhaman,23.25,87.85,0.16,41.52,25.26,59.4,19.29
2026-04-20,Gangetic_New_Alluvial_Zone,Purba_Bardhaman,23.25,87.85,0.47,43.2,25.79,55.4,20.44
2026-04-21,Gangetic_New_Alluvial_Zone,Purba_Bardhaman,23.25,87.85,0.0,43.24,26.01,49.3,20.97
2026-04-22,Gangetic_New_Alluvial_Zone,Purba_Bardhaman,23.25,87.85,0.0,42.91,25.15,47.3,23.33
2026-04-23,Gangetic_New_Alluvial_Zone,Purba_Bardhaman,23.25,87.85,0.0,41.61,24.92,50.9,20.82
2026-04-24,Gangetic_New_Alluvial_Zone,Purba_Bardhaman,23.25,87.85,0.0,41.28,25.61,53.9,19.88
2026-04-25,Gangetic_New_Alluvial_Zone,Purba_Bardhaman,23.25,87.85,0.0,40.71,26.42,51.9,21.54
2026-04-26,Gangetic_New_Alluvial_Zone,Purba_Bardhaman,23.25,87.85,0.06,40.98,26.18,55.2,12.95
2026-04-27,Gangetic_New_Alluvial_Zone,Purba_Bardhaman,23.25,87.85,1.3,41.65,26.53,60.8,15.73
2026-04-28,Gangetic_New_Alluvial_Zone,Purba_Bardhaman,23.25,87.85,1.2,40.68,26.81,59.8,14.65
2026-04-29,Gangetic_New_Alluvial_Zone,Purba_Bardhaman,23.25,87.85,11.38,39.11,25.5,66.7,14.67
2026-04-30,Gangetic_New_Alluvial_Zone,Purba_Bardhaman,23.25,87.85,14.46,32.87,24.44,74.9,16.51
2026-05-01,Gangetic_New_Alluvial_Zone,Purba_Bardhaman,23.25,87.85,4.51,34.46,23.89,65.3,22.71
2026-05-02,Gangetic_New_Alluvial_Zone,Purba_Bardhaman,23.25,87.85,2.9,37.77,23.71,58.6,17.36
2026-05-03,Gangetic_New_Alluvial_Zone,Purba_Bardhaman,23.25,87.85,6.44,35.03,24.83,67.0,20.32
2026-05-04,Gangetic_New_Alluvial_Zone,Purba_Bardhaman,23.25,87.85,2.88,36.26,25.55,63.0,19.88
2026-05-05,Gangetic_New_Alluvial_Zone,Purba_Bardhaman,23.25,87.85,18.82,34.38,24.53,70.0,17.4
2026-05-06,Gangetic_New_Alluvial_Zone,Purba_Bardhaman,23.25,87.85,3.79,36.41,23.62,62.0,13.66
2026-05-07,Gangetic_New_Alluvial_Zone,Purba_Bardhaman,23.25,87.85,9.2,34.65,23.98,64.2,17.38
2026-05-08,Gangetic_New_Alluvial_Zone,Purba_Bardhaman,23.25,87.85,4.64,35.6,23.57,64.2,19.61
2026-05-09,Gangetic_New_Alluvial_Zone,Purba_Bardhaman,23.25,87.85,6.26,34.32,24.32,65.6,22.63
2026-05-10,Gangetic_New_Alluvial_Zone,Purba_Bardhaman,23.25,87.85,4.18,33.66,23.87,65.2,20.64
2026-05-11,Gangetic_New_Alluvial_Zone,Purba_Bardhaman,23.25,87.85,0.05,34.84,23.55,64.8,21.39
2026-05-12,Gangetic_New_Alluvial_Zone,Purba_Bardhaman,23.25,87.85,0.29,35.61,23.98,65.5,17.09
2026-05-13,Gangetic_New_Alluvial_Zone,Purba_Bardhaman,23.25,87.85,3.55,37.01,25.1,65.3,20.22
2026-05-14,Gangetic_New_Alluvial_Zone,Purba_Bardhaman,23.25,87.85,8.84,38.25,25.6,66.7,23.91
2026-05-15,Gangetic_New_Alluvial_Zone,Purba_Bardhaman,23.25,87.85,2.45,39.89,26.17,65.0,19.69
2026-05-16,Gangetic_New_Alluvial_Zone,Purba_Bardhaman,23.25,87.85,3.34,40.48,27.04,63.2,23.24
2026-05-17,Gangetic_New_Alluvial_Zone,Purba_Bardhaman,23.25,87.85,1.64,41.34,26.47,59.5,19.94
2026-05-18,Gangetic_New_Alluvial_Zone,Purba_Bardhaman,23.25,87.85,0.17,42.65,27.05,54.5,21.41
2026-05-19,Gangetic_New_Alluvial_Zone,Purba_Bardhaman,23.25,87.85,10.32,40.5,27.36,64.1,16.14
2026-05-20,Gangetic_New_Alluvial_Zone,Purba_Bardhaman,23.25,87.85,2.66,39.57,27.09,64.6,18.51
2026-05-21,Gangetic_New_Alluvial_Zone,Purba_Bardhaman,23.25,87.85,1.58,42.13,28.36,60.8,18.88
2026-05-22,Gangetic_New_Alluvial_Zone,Purba_Bardhaman,23.25,87.85,0.62,42.1,28.01,60.0,15.92
2026-05-23,Gangetic_New_Alluvial_Zone,Purba_Bardhaman,23.25,87.85,2.14,42.69,28.27,57.9,16.68
2026-05-24,Gangetic_New_Alluvial_Zone,Purba_Bardhaman,23.25,87.85,2.1,41.47,28.01,62.4,21.02
2026-05-25,Gangetic_New_Alluvial_Zone,Purba_Bardhaman,23.25,87.85,0.72,40.84,28.14,63.7,21.58
2026-05-26,Gangetic_New_Alluvial_Zone,Purba_Bardhaman,23.25,87.85,7.01,39.97,27.64,64.2,19.7
2026-05-27,Gangetic_New_Alluvial_Zone,Purba_Bardhaman,23.25,87.85,7.66,39.41,26.45,65.5,17.45
2026-05-28,Gangetic_New_Alluvial_Zone,Purba_Bardhaman,23.25,87.85,8.72,34.56,26.32,74.8,18.93
2026-05-29,Gangetic_New_Alluvial_Zone,Purba_Bardhaman,23.25,87.85,12.88,34.67,25.95,71.3,10.54
2026-05-30,Gangetic_New_Alluvial_Zone,Purba_Bardhaman,23.25,87.85,11.07,34.29,25.77,70.7,19.49
2026-05-31,Gangetic_New_Alluvial_Zone,Purba_Bardhaman,23.25,87.85,0.64,34.82,26.33,68.5,21.86
2026-06-01,Gangetic_New_Alluvial_Zone,Purba_Bardhaman,23.25,87.85,0.0,38.43,26.19,61.9,22.64
2026-06-02,Gangetic_New_Alluvial_Zone,Purba_Bardhaman,23.25,87.85,0.02,37.62,27.16,63.3,21.85
2026-06-03,Gangetic_New_Alluvial_Zone,Purba_Bardhaman,23.25,87.85,0.15,39.48,28.0,58.6,22.04
2026-06-04,Gangetic_New_Alluvial_Zone,Purba_Bardhaman,23.25,87.85,9.51,37.51,28.05,66.4,22.87
2026-06-05,Gangetic_New_Alluvial_Zone,Purba_Bardhaman,23.25,87.85,20.65,36.1,28.17,72.8,20.49
2026-06-06,Gangetic_New_Alluvial_Zone,Purba_Bardhaman,23.25,87.85,4.94,36.05,27.8,71.3,19.66
2026-06-07,Gangetic_New_Alluvial_Zone,Purba_Bardhaman,23.25,87.85,10.13,35.85,27.37,74.7,15.45
2026-06-08,Gangetic_New_Alluvial_Zone,Purba_Bardhaman,23.25,87.85,2.84,37.73,27.58,69.8,23.27
2026-06-09,Gangetic_New_Alluvial_Zone,Purba_Bardhaman,23.25,87.85,15.28,39.8,27.66,69.5,18.1
2026-06-10,Gangetic_New_Alluvial_Zone,Purba_Bardhaman,23.25,87.85,79.85,36.76,27.12,81.6,9.3
2026-06-11,Gangetic_New_Alluvial_Zone,Purba_Bardhaman,23.25,87.85,18.28,31.22,26.24,88.4,17.43
2026-06-12,Gangetic_New_Alluvial_Zone,Purba_Bardhaman,23.25,87.85,7.97,32.39,25.18,81.8,21.97
2026-06-13,Gangetic_New_Alluvial_Zone,Purba_Bardhaman,23.25,87.85,2.74,34.47,25.79,79.5,19.79
2026-06-14,Gangetic_New_Alluvial_Zone,Purba_Bardhaman,23.25,87.85,1.34,34.24,26.33,80.1,22.98
2026-06-15,Gangetic_New_Alluvial_Zone,Purba_Bardhaman,23.25,87.85,1.29,33.51,26.19,82.2,22.38
2026-06-16,Gangetic_New_Alluvial_Zone,Purba_Bardhaman,23.25,87.85,4.02,35.11,26.34,79.5,22.1
2026-06-17,Gangetic_New_Alluvial_Zone,Purba_Bardhaman,23.25,87.85,11.39,34.86,26.74,78.8,21.86
2026-06-18,Gangetic_New_Alluvial_Zone,Purba_Bardhaman,23.25,87.85,2.22,34.53,27.12,82.1,19.57
2026-06-19,Gangetic_New_Alluvial_Zone,Purba_Bardhaman,23.25,87.85,31.28,31.04,26.86,87.8,2.94
2026-06-20,Gangetic_New_Alluvial_Zone,Purba_Bardhaman,23.25,87.85,2.35,34.04,25.74,81.7,22.79
2026-06-21,Gangetic_New_Alluvial_Zone,Purba_Bardhaman,23.25,87.85,8.22,30.6,26.23,89.1,8.6
2026-06-22,Gangetic_New_Alluvial_Zone,Purba_Bardhaman,23.25,87.85,2.36,32.22,25.88,85.9,16.34
2026-06-23,Gangetic_New_Alluvial_Zone,Purba_Bardhaman,23.25,87.85,1.2,34.5,25.19,82.5,21.37
2026-06-24,Gangetic_New_Alluvial_Zone,Purba_Bardhaman,23.25,87.85,9.75,33.93,26.94,81.2,22.56
2026-06-25,Gangetic_New_Alluvial_Zone,Purba_Bardhaman,23.25,87.85,7.65,34.18,26.12,82.7,19.0
2026-06-26,Gangetic_New_Alluvial_Zone,Purba_Bardhaman,23.25,87.85,3.83,33.97,25.79,80.4,20.67
2026-06-27,Gangetic_New_Alluvial_Zone,Purba_Bardhaman,23.25,87.85,0.06,34.87,25.6,80.4,20.9
2026-06-28,Gangetic_New_Alluvial_Zone,Purba_Bardhaman,23.25,87.85,0.76,34.25,26.8,82.3,16.57
2026-06-29,Gangetic_New_Alluvial_Zone,Purba_Bardhaman,23.25,87.85,11.21,31.82,27.23,89.5,14.55
2026-06-30,Gangetic_New_Alluvial_Zone,Purba_Bardhaman,23.25,87.85,12.6,32.09,26.85,86.0,16.56
2026-07-01,Gangetic_New_Alluvial_Zone,Purba_Bardhaman,23.25,87.85,7.17,32.84,26.2,83.7,18.55
2026-07-02,Gangetic_New_Alluvial_Zone,Purba_Bardhaman,23.25,87.85,9.89,32.3,26.32,86.9,20.4
2026-07-03,Gangetic_New_Alluvial_Zone,Purba_Bardhaman,23.25,87.85,1.18,31.99,26.9,87.4,19.88
2026-07-04,Gangetic_New_Alluvial_Zone,Purba_Bardhaman,23.25,87.85,2.02,31.6,26.37,87.6,18.66
2026-07-05,Gangetic_New_Alluvial_Zone,Purba_Bardhaman,23.25,87.85,9.64,31.79,26.57,89.8,9.41
2026-07-06,Gangetic_New_Alluvial_Zone,Purba_Bardhaman,23.25,87.85,8.2,32.65,25.99,87.3,5.28
2026-07-07,Gangetic_New_Alluvial_Zone,Purba_Bardhaman,23.25,87.85,7.74,30.71,26.87,89.1,7.42
2026-07-08,Gangetic_New_Alluvial_Zone,Purba_Bardhaman,23.25,87.85,3.04,33.17,26.82,85.7,9.23
2026-07-09,Gangetic_New_Alluvial_Zone,Purba_Bardhaman,23.25,87.85,13.45,33.52,26.46,85.5,6.32
2026-07-10,Gangetic_New_Alluvial_Zone,Purba_Bardhaman,23.25,87.85,42.23,31.0,26.71,90.5,2.94
2026-07-11,Gangetic_New_Alluvial_Zone,Purba_Bardhaman,23.25,87.85,17.82,32.06,26.41,86.7,14.18
2026-07-12,Gangetic_New_Alluvial_Zone,Purba_Bardhaman,23.25,87.85,2.4,34.19,26.43,82.7,7.85
2026-07-13,Gangetic_New_Alluvial_Zone,Purba_Bardhaman,23.25,87.85,26.88,31.21,26.78,88.4,5.07
2026-07-14,Gangetic_New_Alluvial_Zone,Purba_Bardhaman,23.25,87.85,17.5,33.17,26.28,84.0,5.61
2026-07-15,Gangetic_New_Alluvial_Zone,Purba_Bardhaman,23.25,87.85,2.99,33.2,26.6,86.3,20.44
2026-07-16,Gangetic_New_Alluvial_Zone,Purba_Bardhaman,23.25,87.85,2.98,32.62,26.1,86.5,17.87
2026-07-17,Gangetic_New_Alluvial_Zone,Purba_Bardhaman,23.25,87.85,2.96,33.9,25.95,87.4,11.43
2026-07-18,Gangetic_New_Alluvial_Zone,Purba_Bardhaman,23.25,87.85,6.17,33.71,26.53,86.5,15.34
2026-07-19,Gangetic_New_Alluvial_Zone,Purba_Bardhaman,23.25,87.85,3.49,31.81,26.43,87.5,16.47
2026-07-20,Gangetic_New_Alluvial_Zone,Purba_Bardhaman,23.25,87.85,16.56,30.06,26.23,91.5,6.77
2026-07-21,Gangetic_New_Alluvial_Zone,Purba_Bardhaman,23.25,87.85,27.78,29.78,25.54,91.9,11.61
2026-07-22,Gangetic_New_Alluvial_Zone,Purba_Bardhaman,23.25,87.85,16.64,30.02,25.39,90.9,10.58
2026-07-23,Gangetic_New_Alluvial_Zone,Purba_Bardhaman,23.25,87.85,11.15,31.44,25.44,88.2,13.03
2026-07-24,Gangetic_New_Alluvial_Zone,Purba_Bardhaman,23.25,87.85,10.34,31.54,25.39,87.2,15.41
2026-07-25,Gangetic_New_Alluvial_Zone,Purba_Bardhaman,23.25,87.85,4.97,31.34,25.77,88.3,16.95
2026-07-26,Gangetic_New_Alluvial_Zone,Purba_Bardhaman,23.25,87.85,2.82,32.38,24.97,87.7,19.32
2026-07-27,Gangetic_New_Alluvial_Zone,Purba_Bardhaman,23.25,87.85,2.57,32.11,25.71,87.5,16.99
2026-07-28,Gangetic_New_Alluvial_Zone,Purba_Bardhaman,23.25,87.85,8.04,30.99,26.03,89.4,15.55
2026-07-29,Gangetic_New_Alluvial_Zone,Purba_Bardhaman,23.25,87.85,6.56,32.15,25.62,87.2,15.68
2026-07-30,Gangetic_New_Alluvial_Zone,Purba_Bardhaman,23.25,87.85,11.56,31.42,26.27,89.7,7.17
2026-07-31,Gangetic_New_Alluvial_Zone,Purba_Bardhaman,23.25,87.85,6.62,31.78,25.86,88.0,14.99
2026-08-01,Gangetic_New_Alluvial_Zone,Purba_Bardhaman,23.25,87.85,8.65,33.17,25.78,87.1,20.33
2026-08-02,Gangetic_New_Alluvial_Zone,Purba_Bardhaman,23.25,87.85,16.81,30.14,26.22,92.0,18.0
2026-08-03,Gangetic_New_Alluvial_Zone,Purba_Bardhaman,23.25,87.85,11.28,32.1,26.98,90.4,12.61
2026-08-04,Gangetic_New_Alluvial_Zone,Purba_Bardhaman,23.25,87.85,10.7,32.34,26.85,89.7,11.87
2026-08-05,Gangetic_New_Alluvial_Zone,Purba_Bardhaman,23.25,87.85,12.08,31.31,26.46,90.8,5.32
2026-08-06,Gangetic_New_Alluvial_Zone,Purba_Bardhaman,23.25,87.85,25.86,30.05,26.44,92.3,17.91
2026-08-07,Gangetic_New_Alluvial_Zone,Purba_Bardhaman,23.25,87.85,11.9,31.02,25.75,89.8,15.5
2026-08-08,Gangetic_New_Alluvial_Zone,Purba_Bardhaman,23.25,87.85,7.52,32.16,25.71,89.4,14.04
2026-08-09,Gangetic_New_Alluvial_Zone,Purba_Bardhaman,23.25,87.85,8.9,33.0,25.83,87.5,17.69
2026-08-10,Gangetic_New_Alluvial_Zone,Purba_Bardhaman,23.25,87.85,6.02,32.26,26.24,85.0,21.4
2026-08-11,Gangetic_New_Alluvial_Zone,Purba_Bardhaman,23.25,87.85,6.96,33.21,26.33,84.6,14.12
2026-08-12,Gangetic_New_Alluvial_Zone,Purba_Bardhaman,23.25,87.85,8.74,32.51,27.14,88.8,14.57
2026-08-13,Gangetic_New_Alluvial_Zone,Purba_Bardhaman,23.25,87.85,9.03,30.58,26.28,91.9,11.61
2026-08-14,Gangetic_New_Alluvial_Zone,Purba_Bardhaman,23.25,87.85,11.21,32.46,26.07,89.3,14.35
2026-08-15,Gangetic_New_Alluvial_Zone,Purba_Bardhaman,23.25,87.85,9.49,32.69,26.2,89.7,16.34
2026-08-16,Gangetic_New_Alluvial_Zone,Purba_Bardhaman,23.25,87.85,6.74,32.47,26.3,88.5,15.16
2026-08-17,Gangetic_New_Alluvial_Zone,Purba_Bardhaman,23.25,87.85,12.84,30.58,26.4,92.1,9.44
2026-08-18,Gangetic_New_Alluvial_Zone,Purba_Bardhaman,23.25,87.85,39.57,29.24,26.21,94.4,8.37
2026-08-19,Gangetic_New_Alluvial_Zone,Purba_Bardhaman,23.25,87.85,6.91,31.83,26.03,89.9,15.17
2026-08-20,Gangetic_New_Alluvial_Zone,Purba_Bardhaman,23.25,87.85,4.94,32.42,26.01,88.7,18.57
2026-08-21,Gangetic_New_Alluvial_Zone,Purba_Bardhaman,23.25,87.85,1.62,32.49,26.1,89.0,18.24
2026-08-22,Gangetic_New_Alluvial_Zone,Purba_Bardhaman,23.25,87.85,3.52,32.82,26.21,88.6,21.52
2026-08-23,Gangetic_New_Alluvial_Zone,Purba_Bardhaman,23.25,87.85,4.85,32.12,26.21,89.5,19.04
2026-08-24,Gangetic_New_Alluvial_Zone,Purba_Bardhaman,23.25,87.85,8.89,31.76,26.53,91.1,11.66
2026-08-25,Gangetic_New_Alluvial_Zone,Purba_Bardhaman,23.25,87.85,7.99,32.0,26.31,90.8,14.54
2026-08-26,Gangetic_New_Alluvial_Zone,Purba_Bardhaman,23.25,87.85,7.5,31.97,26.47,90.9,15.12
2026-08-27,Gangetic_New_Alluvial_Zone,Purba_Bardhaman,23.25,87.85,7.32,33.9,27.05,87.7,19.75
2026-08-28,Gangetic_New_Alluvial_Zone,Purba_Bardhaman,23.25,87.85,5.01,33.07,26.72,87.0,18.05
2026-08-29,Gangetic_New_Alluvial_Zone,Purba_Bardhaman,23.25,87.85,5.36,33.05,27.04,88.1,18.4
2026-08-30,Gangetic_New_Alluvial_Zone,Purba_Bardhaman,23.25,87.85,7.38,32.42,26.6,89.6,14.49
2026-08-31,Gangetic_New_Alluvial_Zone,Purba_Bardhaman,23.25,87.85,14.05,30.38,26.29,92.8,14.96
2026-09-01,Gangetic_New_Alluvial_Zone,Purba_Bardhaman,23.25,87.85,18.34,30.72,26.02,93.2,8.84
2026-09-02,Gangetic_New_Alluvial_Zone,Purba_Bardhaman,23.25,87.85,22.53,30.23,25.88,92.7,6.78
2026-09-03,Gangetic_New_Alluvial_Zone,Purba_Bardhaman,23.25,87.85,13.85,31.15,25.81,91.1,14.66
2026-09-04,Gangetic_New_Alluvial_Zone,Purba_Bardhaman,23.25,87.85,10.85,31.59,25.46,90.2,19.85
2026-09-05,Gangetic_New_Alluvial_Zone,Purba_Bardhaman,23.25,87.85,8.59,31.58,25.68,89.8,17.91
2026-09-06,Gangetic_New_Alluvial_Zone,Purba_Bardhaman,23.25,87.85,3.72,31.05,26.13,91.2,14.53
2026-09-07,Gangetic_New_Alluvial_Zone,Purba_Bardhaman,23.25,87.85,6.16,32.47,26.44,88.8,14.31
2026-09-08,Gangetic_New_Alluvial_Zone,Purba_Bardhaman,23.25,87.85,4.97,32.12,26.76,87.6,5.02
2026-09-09,Gangetic_New_Alluvial_Zone,Purba_Bardhaman,23.25,87.85,5.38,33.0,26.73,85.9,
2026-09-10,Gangetic_New_Alluvial_Zone,Purba_Bardhaman,23.25,87.85,5.25,31.36,26.7,90.6,
2026-01-01,Red_Laterite_Zone,Purulia,23.33,86.36,0.0,22.68,8.04,71.3,11.98
2026-01-02,Red_Laterite_Zone,Purulia,23.33,86.36,0.0,22.32,8.82,76.7,10.19
2026-01-03,Red_Laterite_Zone,Purulia,23.33,86.36,0.0,21.57,8.94,84.8,10.33
2026-01-04,Red_Laterite_Zone,Purulia,23.33,86.36,0.0,20.37,9.47,84.0,6.31
2026-01-05,Red_Laterite_Zone,Purulia,23.33,86.36,0.0,19.2,6.42,80.6,12.1
2026-01-06,Red_Laterite_Zone,Purulia,23.33,86.36,0.0,18.86,5.08,78.9,13.39
2026-01-07,Red_Laterite_Zone,Purulia,23.33,86.36,0.0,20.54,5.94,76.1,14.18
2026-01-08,Red_Laterite_Zone,Purulia,23.33,86.36,0.0,20.3,6.11,73.7,14.52
2026-01-09,Red_Laterite_Zone,Purulia,23.33,86.36,0.0,19.43,4.88,70.5,14.4
2026-01-10,Red_Laterite_Zone,Purulia,23.33,86.36,0.0,19.64,4.47,70.7,14.59
2026-01-11,Red_Laterite_Zone,Purulia,23.33,86.36,0.0,21.68,6.31,72.5,15.01
2026-01-12,Red_Laterite_Zone,Purulia,23.33,86.36,0.0,21.09,7.46,75.2,14.92
2026-01-13,Red_Laterite_Zone,Purulia,23.33,86.36,0.0,20.44,5.72,70.7,14.06
2026-01-14,Red_Laterite_Zone,Purulia,23.33,86.36,0.0,21.36,5.93,68.7,13.79
2026-01-15,Red_Laterite_Zone,Purulia,23.33,86.36,0.0,20.27,5.45,67.4,14.74
2026-01-16,Red_Laterite_Zone,Purulia,23.33,86.36,0.0,20.67,5.21,67.1,14.12
2026-01-17,Red_Laterite_Zone,Purulia,23.33,86.36,0.0,20.74,5.75,71.1,14.11
2026-01-18,Red_Laterite_Zone,Purulia,23.33,86.36,0.0,23.56,6.89,65.3,13.77
2026-01-19,Red_Laterite_Zone,Purulia,23.33,86.36,0.0,24.62,8.6,67.2,13.96
2026-01-20,Red_Laterite_Zone,Purulia,23.33,86.36,0.0,25.59,11.27,67.4,12.4
2026-01-21,Red_Laterite_Zone,Purulia,23.33,86.36,0.0,24.48,10.78,71.3,11.65
2026-01-22,Red_Laterite_Zone,Purulia,23.33,86.36,0.0,23.58,8.41,65.0,15.57
2026-01-23,Red_Laterite_Zone,Purulia,23.33,86.36,0.0,24.37,10.06,59.7,15.57
2026-01-24,Red_Laterite_Zone,Purulia,23.33,86.36,0.0,25.29,11.95,60.1,14.42
2026-01-25,Red_Laterite_Zone,Purulia,23.33,86.36,0.0,24.85,10.7,66.6,11.87
2026-01-26,Red_Laterite_Zone,Purulia,23.33,86.36,0.0,25.11,11.84,75.2,11.98
2026-01-27,Red_Laterite_Zone,Purulia,23.33,86.36,0.0,25.17,11.11,76.2,13.41
2026-01-28,Red_Laterite_Zone,Purulia,23.33,86.36,0.0,25.85,12.02,77.3,13.99
2026-01-29,Red_Laterite_Zone,Purulia,23.33,86.36,0.0,25.09,13.03,79.7,13.32
2026-01-30,Red_Laterite_Zone,Purulia,23.33,86.36,0.0,25.0,10.61,73.6,13.8
2026-01-31,Red_Laterite_Zone,Purulia,23.33,86.36,0.0,24.7,10.0,67.8,13.55
2026-02-01,Red_Laterite_Zone,Purulia,23.33,86.36,0.0,24.89,10.34,68.5,14.22
2026-02-02,Red_Laterite_Zone,Purulia,23.33,86.36,0.0,24.61,9.63,66.8,16.21
2026-02-03,Red_Laterite_Zone,Purulia,23.33,86.36,0.0,25.82,11.59,69.0,14.96
2026-02-04,Red_Laterite_Zone,Purulia,23.33,86.36,0.0,25.73,12.12,72.9,15.87
2026-02-05,Red_Laterite_Zone,Purulia,23.33,86.36,0.0,26.41,11.63,70.4,16.71
2026-02-06,Red_Laterite_Zone,Purulia,23.33,86.36,0.0,24.04,8.8,62.5,18.58
2026-02-07,Red_Laterite_Zone,Purulia,23.33,86.36,0.0,25.04,8.44,62.3,19.05
2026-02-08,Red_Laterite_Zone,Purulia,23.33,86.36,0.0,26.12,9.49,61.2,18.66
2026-02-09,Red_Laterite_Zone,Purulia,23.33,86.36,0.0,24.85,9.78,59.5,18.08
2026-02-10,Red_Laterite_Zone,Purulia,23.33,86.36,0.0,26.32,9.5,56.1,18.58
2026-02-11,Red_Laterite_Zone,Purulia,23.33,86.36,0.0,26.89,11.2,57.4,18.57
2026-02-12,Red_Laterite_Zone,Purulia,23.33,86.36,0.0,26.75,10.93,59.0,19.04
2026-02-13,Red_Laterite_Zone,Purulia,23.33,86.36,0.0,26.97,10.28,58.9,18.87
2026-02-14,Red_Laterite_Zone,Purulia,23.33,86.36,0.0,27.17,11.01,59.8,19.42
2026-02-15,Red_Laterite_Zone,Purulia,23.33,86.36,0.0,27.87,11.27,54.2,19.26
2026-02-16,Red_Laterite_Zone,Purulia,23.33,86.36,0.0,27.59,10.91,53.2,18.95
2026-02-17,Red_Laterite_Zone,Purulia,23.33,86.36,0.0,27.76,11.48,51.4,19.49
2026-02-18,Red_Laterite_Zone,Purulia,23.33,86.36,0.0,28.85,12.52,45.5,19.83
2026-02-19,Red_Laterite_Zone,Purulia,23.33,86.36,0.0,29.27,13.03,48.3,17.71
2026-02-20,Red_Laterite_Zone,Purulia,23.33,86.36,0.0,29.69,14.86,53.5,16.35
2026-02-21,Red_Laterite_Zone,Purulia,23.33,86.36,0.0,30.35,14.94,52.5,15.85
2026-02-22,Red_Laterite_Zone,Purulia,23.33,86.36,0.0,30.1,16.05,57.0,17.46
2026-02-23,Red_Laterite_Zone,Purulia,23.33,86.36,0.12,30.29,16.58,53.2,16.84
2026-02-24,Red_Laterite_Zone,Purulia,23.33,86.36,2.2,28.89,16.7,54.5,15.8
2026-02-25,Red_Laterite_Zone,Purulia,23.33,86.36,0.0,28.48,14.18,50.5,18.76
2026-02-26,Red_Laterite_Zone,Purulia,23.33,86.36,0.0,28.69,12.97,46.7,19.97
2026-02-27,Red_Laterite_Zone,Purulia,23.33,86.36,0.0,30.25,12.81,43.2,20.8
2026-02-28,Red_Laterite_Zone,Purulia,23.33,86.36,0.0,31.34,14.0,42.9,21.02
2026-03-01,Red_Laterite_Zone,Purulia,23.33,86.36,0.0,31.97,15.99,49.5,20.06
2026-03-02,Red_Laterite_Zone,Purulia,23.33,86.36,0.0,31.84,17.37,44.7,23.32
2026-03-03,Red_Laterite_Zone,Purulia,23.33,86.36,0.0,31.44,13.56,40.8,22.87
2026-03-04,Red_Laterite_Zone,Purulia,23.33,86.36,0.0,31.09,14.93,41.6,21.14
2026-03-05,Red_Laterite_Zone,Purulia,23.33,86.36,0.0,31.56,15.85,45.8,18.92
2026-03-06,Red_Laterite_Zone,Purulia,23.33,86.36,0.0,31.23,18.11,56.0,17.05
2026-03-07,Red_Laterite_Zone,Purulia,23.33,86.36,0.0,31.42,17.33,68.0,15.34
2026-03-08,Red_Laterite_Zone,Purulia,23.33,86.36,0.0,32.8,19.21,68.6,13.93
2026-03-09,Red_Laterite_Zone,Purulia,23.33,86.36,0.05,33.02,19.49,67.9,11.68
2026-03-10,Red_Laterite_Zone,Purulia,23.33,86.36,0.07,32.45,19.61,69.5,10.32
2026-03-11,Red_Laterite_Zone,Purulia,23.33,86.36,0.27,33.51,20.3,63.1,13.07
2026-03-12,Red_Laterite_Zone,Purulia,23.33,86.36,0.01,34.69,20.32,48.4,12.14
2026-03-13,Red_Laterite_Zone,Purulia,23.33,86.36,0.0,36.05,17.96,44.7,20.08
2026-03-14,Red_Laterite_Zone,Purulia,23.33,86.36,0.0,36.82,18.08,38.6,21.39
2026-03-15,Red_Laterite_Zone,Purulia,23.33,86.36,1.35,36.68,19.65,53.6,16.82
2026-03-16,Red_Laterite_Zone,Purulia,23.33,86.36,2.78,35.18,19.04,48.5,17.67
2026-03-17,Red_Laterite_Zone,Purulia,23.33,86.36,1.18,35.39,19.93,46.0,18.17
2026-03-18,Red_Laterite_Zone,Purulia,23.33,86.36,0.06,35.05,20.13,49.8,16.33
2026-03-19,Red_Laterite_Zone,Purulia,23.33,86.36,0.34,36.01,21.47,52.3,14.6
2026-03-20,Red_Laterite_Zone,Purulia,23.33,86.36,6.52,32.87,20.57,61.4,16.29
2026-03-21,Red_Laterite_Zone,Purulia,23.33,86.36,10.0,26.18,18.05,78.8,14.4
2026-03-22,Red_Laterite_Zone,Purulia,23.33,86.36,0.02,29.06,16.49,65.7,17.88
2026-03-23,Red_Laterite_Zone,Purulia,23.33,86.36,0.0,30.88,16.77,52.7,21.54
2026-03-24,Red_Laterite_Zone,Purulia,23.33,86.36,0.0,33.88,17.49,50.6,17.63
2026-03-25,Red_Laterite_Zone,Purulia,23.33,86.36,0.0,33.25,19.26,50.1,21.7
2026-03-26,Red_Laterite_Zone,Purulia,23.33,86.36,0.0,34.98,20.65,41.2,22.88
2026-03-27,Red_Laterite_Zone,Purulia,23.33,86.36,1.27,36.79,18.42,39.4,22.31
2026-03-28,Red_Laterite_Zone,Purulia,23.33,86.36,2.98,34.33,19.79,55.9,20.59
2026-03-29,Red_Laterite_Zone,Purulia,23.33,86.36,0.0,36.51,20.34,56.6,20.32
2026-03-30,Red_Laterite_Zone,Purulia,23.33,86.36,3.0,37.69,21.18,58.0,17.97
2026-03-31,Red_Laterite_Zone,Purulia,23.33,86.36,5.12,36.57,23.27,55.0,15.68
2026-04-01,Red_Laterite_Zone,Purulia,23.33,86.36,0.24,38.01,21.4,50.0,25.33
2026-04-02,Red_Laterite_Zone,Purulia,23.33,86.36,0.01,39.43,21.95,42.0,22.67
2026-04-03,Red_Laterite_Zone,Purulia,23.33,86.36,0.03,39.59,23.1,40.0,21.74
2026-04-04,Red_Laterite_Zone,Purulia,23.33,86.36,0.88,39.22,24.15,40.6,19.99
2026-04-05,Red_Laterite_Zone,Purulia,23.33,86.36,0.38,36.33,23.35,45.5,16.97
2026-04-06,Red_Laterite_Zone,Purulia,23.33,86.36,1.46,35.19,22.95,50.5,14.13
2026-04-07,Red_Laterite_Zone,Purulia,23.33,86.36,0.36,35.42,22.0,46.1,21.69
2026-04-08,Red_Laterite_Zone,Purulia,23.33,86.36,4.72,34.08,21.53,62.5,17.74
2026-04-09,Red_Laterite_Zone,Purulia,23.33,86.36,7.63,33.11,21.69,60.2,20.64
2026-04-10,Red_Laterite_Zone,Purulia,23.33,86.36,0.0,34.43,17.98,38.8,25.88
2026-04-11,Red_Laterite_Zone,Purulia,23.33,86.36,0.0,36.58,17.4,33.4,26.61
2026-04-12,Red_Laterite_Zone,Purulia,23.33,86.36,0.0,38.17,19.64,31.7,25.91
2026-04-13,Red_Laterite_Zone,Purulia,23.33,86.36,0.0,38.6,20.34,36.2,24.12
2026-04-14,Red_Laterite_Zone,Purulia,23.33,86.36,0.0,39.0,19.98,29.8,26.28
2026-04-15,Red_Laterite_Zone,Purulia,23.33,86.36,0.0,40.39,20.25,28.7,24.69
2026-04-16,Red_Laterite_Zone,Purulia,23.33,86.36,0.09,40.48,23.8,53.4,14.91
2026-04-17,Red_Laterite_Zone,Purulia,23.33,86.36,0.35,39.07,24.2,58.4,20.55
2026-04-18,Red_Laterite_Zone,Purulia,23.33,86.36,0.02,42.03,24.37,45.2,21.25
2026-04-19,Red_Laterite_Zone,Purulia,23.33,86.36,0.02,43.01,23.2,38.7,22.67
2026-04-20,Red_Laterite_Zone,Purulia,23.33,86.36,0.1,42.57,24.65,32.0,22.11
2026-04-21,Red_Laterite_Zone,Purulia,23.33,86.36,0.12,43.05,24.54,25.2,23.7
2026-04-22,Red_Laterite_Zone,Purulia,23.33,86.36,0.04,42.93,24.03,22.8,25.31
2026-04-23,Red_Laterite_Zone,Purulia,23.33,86.36,0.0,42.19,24.59,26.1,22.56
2026-04-24,Red_Laterite_Zone,Purulia,23.33,86.36,0.0,41.8,26.22,28.3,21.99
2026-04-25,Red_Laterite_Zone,Purulia,23.33,86.36,0.0,42.0,25.65,37.4,22.22
2026-04-26,Red_Laterite_Zone,Purulia,23.33,86.36,0.03,44.11,25.54,32.7,15.61
2026-04-27,Red_Laterite_Zone,Purulia,23.33,86.36,0.1,44.7,25.22,38.5,19.31
2026-04-28,Red_Laterite_Zone,Purulia,23.33,86.36,1.53,42.69,26.32,45.9,15.88
2026-04-29,Red_Laterite_Zone,Purulia,23.33,86.36,8.63,42.43,25.12,53.1,19.68
2026-04-30,Red_Laterite_Zone,Purulia,23.33,86.36,16.5,35.04,24.74,70.3,17.38
2026-05-01,Red_Laterite_Zone,Purulia,23.33,86.36,7.49,35.82,23.1,62.4,25.4
2026-05-02,Red_Laterite_Zone,Purulia,23.33,86.36,5.67,37.51,21.96,54.5,21.06
2026-05-03,Red_Laterite_Zone,Purulia,23.33,86.36,12.17,35.08,23.45,65.3,20.98
2026-05-04,Red_Laterite_Zone,Purulia,23.33,86.36,1.94,36.34,24.03,61.7,19.99
2026-05-05,Red_Laterite_Zone,Purulia,23.33,86.36,10.93,33.72,23.76,69.0,17.04
2026-05-06,Red_Laterite_Zone,Purulia,23.33,86.36,0.42,36.28,23.34,56.3,17.91
2026-05-07,Red_Laterite_Zone,Purulia,23.33,86.36,1.11,36.5,22.36,52.6,16.14
2026-05-08,Red_Laterite_Zone,Purulia,23.33,86.36,4.42,37.21,22.24,56.5,17.85
2026-05-09,Red_Laterite_Zone,Purulia,23.33,86.36,9.14,34.73,23.15,63.9,22.9
2026-05-10,Red_Laterite_Zone,Purulia,23.33,86.36,2.45,34.37,22.2,63.3,23.33
2026-05-11,Red_Laterite_Zone,Purulia,23.33,86.36,2.01,35.29,23.22,62.5,22.03
2026-05-12,Red_Laterite_Zone,Purulia,23.33,86.36,4.5,35.12,23.7,65.9,13.09
2026-05-13,Red_Laterite_Zone,Purulia,23.33,86.36,1.96,38.65,23.88,61.2,21.15
2026-05-14,Red_Laterite_Zone,Purulia,23.33,86.36,2.81,40.03,24.61,55.2,24.37
2026-05-15,Red_Laterite_Zone,Purulia,23.33,86.36,6.8,38.07,25.03,59.8,17.96
2026-05-16,Red_Laterite_Zone,Purulia,23.33,86.36,1.64,40.9,25.36,48.5,23.06
2026-05-17,Red_Laterite_Zone,Purulia,23.33,86.36,0.17,41.47,25.05,46.6,21.84
2026-05-18,Red_Laterite_Zone,Purulia,23.33,86.36,0.0,42.67,26.3,40.3,21.99
2026-05-19,Red_Laterite_Zone,Purulia,23.33,86.36,0.14,42.71,25.71,43.5,21.82
2026-05-20,Red_Laterite_Zone,Purulia,23.33,86.36,0.06,41.5,25.67,51.7,19.88
2026-05-21,Red_Laterite_Zone,Purulia,23.33,86.36,2.78,43.27,26.16,45.4,20.58
2026-05-22,Red_Laterite_Zone,Purulia,23.33,86.36,0.0,42.87,26.39,50.1,19.53
2026-05-23,Red_Laterite_Zone,Purulia,23.33,86.36,0.14,44.0,26.76,33.8,21.36
2026-05-24,Red_Laterite_Zone,Purulia,23.33,86.36,0.49,43.32,25.96,41.1,21.5
2026-05-25,Red_Laterite_Zone,Purulia,23.33,86.36,0.13,44.0,26.36,40.0,23.89
2026-05-26,Red_Laterite_Zone,Purulia,23.33,86.36,4.0,42.05,25.98,50.2,23.68
2026-05-27,Red_Laterite_Zone,Purulia,23.33,86.36,2.44,41.47,26.0,54.5,14.59
2026-05-28,Red_Laterite_Zone,Purulia,23.33,86.36,4.69,39.96,26.39,59.4,19.85
2026-05-29,Red_Laterite_Zone,Purulia,23.33,86.36,8.58,36.31,25.45,64.3,7.78
2026-05-30,Red_Laterite_Zone,Purulia,23.33,86.36,8.93,34.85,25.07,66.6,11.73
2026-05-31,Red_Laterite_Zone,Purulia,23.33,86.36,3.73,36.24,25.43,64.0,20.36
2026-06-01,Red_Laterite_Zone,Purulia,23.33,86.36,1.33,39.13,25.17,52.0,22.12
2026-06-02,Red_Laterite_Zone,Purulia,23.33,86.36,0.02,39.84,26.96,46.4,22.2
2026-06-03,Red_Laterite_Zone,Purulia,23.33,86.36,0.35,38.82,26.86,51.2,22.41
2026-06-04,Red_Laterite_Zone,Purulia,23.33,86.36,1.15,39.44,27.4,51.7,22.9
2026-06-05,Red_Laterite_Zone,Purulia,23.33,86.36,8.1,38.5,27.25,57.1,22.06
2026-06-06,Red_Laterite_Zone,Purulia,23.33,86.36,3.77,39.5,27.08,56.7,19.69
2026-06-07,Red_Laterite_Zone,Purulia,23.33,86.36,8.28,38.42,26.29,59.9,14.88
2026-06-08,Red_Laterite_Zone,Purulia,23.33,86.36,0.04,41.66,26.72,47.2,17.99
2026-06-09,Red_Laterite_Zone,Purulia,23.33,86.36,0.4,41.07,27.45,42.4,10.62
2026-06-10,Red_Laterite_Zone,Purulia,23.33,86.36,0.54,41.3,26.49,45.2,15.68
2026-06-11,Red_Laterite_Zone,Purulia,23.33,86.36,6.36,39.42,27.21,60.7,20.43
2026-06-12,Red_Laterite_Zone,Purulia,23.33,86.36,11.23,32.56,25.98,73.7,19.95
2026-06-13,Red_Laterite_Zone,Purulia,23.33,86.36,2.32,38.19,26.04,59.4,13.18
2026-06-14,Red_Laterite_Zone,Purulia,23.33,86.36,4.28,38.18,26.51,53.2,23.22
2026-06-15,Red_Laterite_Zone,Purulia,23.33,86.36,0.44,40.09,27.03,52.2,23.3
2026-06-16,Red_Laterite_Zone,Purulia,23.33,86.36,1.99,40.64,26.13,51.9,22.27
2026-06-17,Red_Laterite_Zone,Purulia,23.33,86.36,9.89,39.19,26.21,56.6,23.02
2026-06-18,Red_Laterite_Zone,Purulia,23.33,86.36,0.3,39.4,27.13,54.5,18.09
2026-06-19,Red_Laterite_Zone,Purulia,23.33,86.36,6.18,33.33,27.26,68.0,4.92
2026-06-20,Red_Laterite_Zone,Purulia,23.33,86.36,1.88,38.83,25.68,60.1,21.63
2026-06-21,Red_Laterite_Zone,Purulia,23.33,86.36,18.64,35.98,26.4,69.1,15.04
2026-06-22,Red_Laterite_Zone,Purulia,23.33,86.36,0.2,31.79,26.53,73.8,13.75
2026-06-23,Red_Laterite_Zone,Purulia,23.33,86.36,0.84,38.78,25.98,61.4,22.77
2026-06-24,Red_Laterite_Zone,Purulia,23.33,86.36,6.99,35.42,26.62,63.8,22.37
2026-06-25,Red_Laterite_Zone,Purulia,23.33,86.36,1.78,37.49,25.32,61.6,21.64
2026-06-26,Red_Laterite_Zone,Purulia,23.33,86.36,5.21,35.07,25.91,66.3,19.84
2026-06-27,Red_Laterite_Zone,Purulia,23.33,86.36,0.59,37.28,25.66,64.4,20.82
2026-06-28,Red_Laterite_Zone,Purulia,23.33,86.36,1.69,35.64,27.0,65.9,16.45
2026-06-29,Red_Laterite_Zone,Purulia,23.33,86.36,19.15,30.11,27.02,85.0,16.16
2026-06-30,Red_Laterite_Zone,Purulia,23.33,86.36,24.22,31.42,25.95,85.8,19.54
2026-07-01,Red_Laterite_Zone,Purulia,23.33,86.36,4.48,32.26,26.0,81.5,14.88
2026-07-02,Red_Laterite_Zone,Purulia,23.33,86.36,5.4,31.75,25.43,83.4,19.37
2026-07-03,Red_Laterite_Zone,Purulia,23.33,86.36,1.42,33.27,25.37,80.1,17.75
2026-07-04,Red_Laterite_Zone,Purulia,23.33,86.36,4.34,33.2,25.8,79.9,16.26
2026-07-05,Red_Laterite_Zone,Purulia,23.33,86.36,12.53,33.14,25.73,83.2,10.97
2026-07-06,Red_Laterite_Zone,Purulia,23.33,86.36,15.74,31.64,25.24,87.0,5.25
2026-07-07,Red_Laterite_Zone,Purulia,23.33,86.36,7.04,33.67,25.23,77.7,10.71
2026-07-08,Red_Laterite_Zone,Purulia,23.33,86.36,0.6,33.67,25.83,79.3,11.06
2026-07-09,Red_Laterite_Zone,Purulia,23.33,86.36,3.17,33.05,25.91,81.1,5.42
2026-07-10,Red_Laterite_Zone,Purulia,23.33,86.36,18.41,30.91,25.65,85.0,2.31
2026-07-11,Red_Laterite_Zone,Purulia,23.33,86.36,4.84,33.66,25.95,79.7,9.89
2026-07-12,Red_Laterite_Zone,Purulia,23.33,86.36,0.08,35.0,25.73,74.6,11.23
2026-07-13,Red_Laterite_Zone,Purulia,23.33,86.36,10.71,32.67,26.2,81.5,13.69
2026-07-14,Red_Laterite_Zone,Purulia,23.33,86.36,17.36,30.9,25.74,82.5,3.34
2026-07-15,Red_Laterite_Zone,Purulia,23.33,86.36,7.07,32.55,26.18,80.8,20.62
2026-07-16,Red_Laterite_Zone,Purulia,23.33,86.36,0.72,33.62,26.43,80.2,18.5
2026-07-17,Red_Laterite_Zone,Purulia,23.33,86.36,20.53,32.35,25.92,85.2,12.01
2026-07-18,Red_Laterite_Zone,Purulia,23.33,86.36,3.95,33.09,26.27,84.0,17.51
2026-07-19,Red_Laterite_Zone,Purulia,23.33,86.36,3.46,31.73,25.94,84.7,14.95
2026-07-20,Red_Laterite_Zone,Purulia,23.33,86.36,16.73,30.43,25.42,87.5,9.46
2026-07-21,Red_Laterite_Zone,Purulia,23.33,86.36,9.49,29.78,24.69,87.0,15.36
2026-07-22,Red_Laterite_Zone,Purulia,23.33,86.36,18.64,28.46,24.49,90.2,11.78
2026-07-23,Red_Laterite_Zone,Purulia,23.33,86.36,9.33,28.86,24.73,88.5,12.04
2026-07-24,Red_Laterite_Zone,Purulia,23.33,86.36,11.56,31.58,24.05,81.6,13.04
2026-07-25,Red_Laterite_Zone,Purulia,23.33,86.36,3.41,31.56,25.08,84.0,12.57
2026-07-26,Red_Laterite_Zone,Purulia,23.33,86.36,7.91,31.06,25.15,84.7,17.7
2026-07-27,Red_Laterite_Zone,Purulia,23.33,86.36,6.35,31.85,25.11,83.5,18.52
2026-07-28,Red_Laterite_Zone,Purulia,23.33,86.36,15.48,31.06,24.97,88.2,14.21
2026-07-29,Red_Laterite_Zone,Purulia,23.33,86.36,6.23,31.47,24.98,84.9,14.65
2026-07-30,Red_Laterite_Zone,Purulia,23.33,86.36,7.69,31.83,25.09,85.0,14.5
2026-07-31,Red_Laterite_Zone,Purulia,23.33,86.36,3.49,31.51,25.24,85.2,16.38
2026-08-01,Red_Laterite_Zone,Purulia,23.33,86.36,7.26,31.95,25.45,88.0,18.08
2026-08-02,Red_Laterite_Zone,Purulia,23.33,86.36,11.61,31.34,26.06,89.2,13.87
2026-08-03,Red_Laterite_Zone,Purulia,23.33,86.36,7.97,32.41,25.94,87.0,14.01
2026-08-04,Red_Laterite_Zone,Purulia,23.33,86.36,11.58,32.47,26.49,88.6,15.79
2026-08-05,Red_Laterite_Zone,Purulia,23.33,86.36,117.87,29.28,25.97,94.1,6.87
2026-08-06,Red_Laterite_Zone,Purulia,23.33,86.36,8.3,28.57,25.22,91.5,13.02
2026-08-07,Red_Laterite_Zone,Purulia,23.33,86.36,10.71,31.73,24.57,88.6,13.05
2026-08-08,Red_Laterite_Zone,Purulia,23.33,86.36,13.23,30.0,24.59,90.9,10.59
2026-08-09,Red_Laterite_Zone,Purulia,23.33,86.36,16.38,31.57,25.01,89.2,15.62
2026-08-10,Red_Laterite_Zone,Purulia,23.33,86.36,9.62,31.33,25.21,88.9,17.88
2026-08-11,Red_Laterite_Zone,Purulia,23.33,86.36,6.34,32.61,25.03,86.2,13.0
2026-08-12,Red_Laterite_Zone,Purulia,23.33,86.36,3.13,31.6,25.53,85.2,13.48
2026-08-13,Red_Laterite_Zone,Purulia,23.33,86.36,12.31,31.49,25.98,87.4,19.02
2026-08-14,Red_Laterite_Zone,Purulia,23.33,86.36,13.24,30.54,25.54,91.8,9.72
2026-08-15,Red_Laterite_Zone,Purulia,23.33,86.36,10.08,30.49,25.3,91.8,13.53
2026-08-16,Red_Laterite_Zone,Purulia,23.33,86.36,5.5,31.53,25.38,88.6,15.8
2026-08-17,Red_Laterite_Zone,Purulia,23.33,86.36,9.42,30.41,25.55,89.5,7.71
2026-08-18,Red_Laterite_Zone,Purulia,23.33,86.36,13.84,27.46,24.9,93.9,4.77
2026-08-19,Red_Laterite_Zone,Purulia,23.33,86.36,4.02,29.36,24.19,91.8,6.76
2026-08-20,Red_Laterite_Zone,Purulia,23.33,86.36,5.53,31.51,24.8,88.4,20.33
2026-08-21,Red_Laterite_Zone,Purulia,23.33,86.36,4.22,31.97,24.93,88.1,18.97
2026-08-22,Red_Laterite_Zone,Purulia,23.33,86.36,4.85,32.26,26.18,88.7,16.6
2026-08-23,Red_Laterite_Zone,Purulia,23.33,86.36,5.7,31.71,25.68,89.2,20.2
2026-08-24,Red_Laterite_Zone,Purulia,23.33,86.36,9.8,30.83,25.51,91.2,8.02
2026-08-25,Red_Laterite_Zone,Purulia,23.33,86.36,10.09,30.42,25.35,92.5,13.75
2026-08-26,Red_Laterite_Zone,Purulia,23.33,86.36,9.16,31.23,26.07,90.4,8.95
2026-08-27,Red_Laterite_Zone,Purulia,23.33,86.36,6.27,32.91,24.93,85.7,11.04
2026-08-28,Red_Laterite_Zone,Purulia,23.33,86.36,6.65,32.45,26.31,87.4,16.71
2026-08-29,Red_Laterite_Zone,Purulia,23.33,86.36,6.58,31.73,26.32,88.9,10.08
2026-08-30,Red_Laterite_Zone,Purulia,23.33,86.36,7.78,31.56,25.81,89.3,17.53
2026-08-31,Red_Laterite_Zone,Purulia,23.33,86.36,19.08,29.63,25.75,92.9,11.01
2026-09-01,Red_Laterite_Zone,Purulia,23.33,86.36,19.94,28.44,25.24,94.7,5.16
2026-09-02,Red_Laterite_Zone,Purulia,23.33,86.36,21.49,28.85,25.19,93.1,9.64
2026-09-03,Red_Laterite_Zone,Purulia,23.33,86.36,9.02,29.65,24.34,90.5,15.52
2026-09-04,Red_Laterite_Zone,Purulia,23.33,86.36,4.1,31.22,23.64,88.2,15.98
2026-09-05,Red_Laterite_Zone,Purulia,23.33,86.36,3.0,31.26,24.51,87.5,19.13
2026-09-06,Red_Laterite_Zone,Purulia,23.33,86.36,3.49,31.66,24.18,86.9,16.04
2026-09-07,Red_Laterite_Zone,Purulia,23.33,86.36,8.01,31.19,25.13,86.9,11.68
2026-09-08,Red_Laterite_Zone,Purulia,23.33,86.36,8.24,31.58,25.49,85.0,6.65
2026-09-09,Red_Laterite_Zone,Purulia,23.33,86.36,11.07,31.01,25.56,87.6,
2026-09-10,Red_Laterite_Zone,Purulia,23.33,86.36,6.61,29.22,25.16,91.7,
2026-01-01,Terai_Teesta_Alluvial_Zone,Siliguri_Foothill,26.71,88.43,0.0,21.26,11.68,68.8,12.17
2026-01-02,Terai_Teesta_Alluvial_Zone,Siliguri_Foothill,26.71,88.43,0.0,21.64,12.43,70.8,11.58
2026-01-03,Terai_Teesta_Alluvial_Zone,Siliguri_Foothill,26.71,88.43,0.0,20.57,12.95,70.7,8.59
2026-01-04,Terai_Teesta_Alluvial_Zone,Siliguri_Foothill,26.71,88.43,0.0,19.89,11.22,74.0,4.17
2026-01-05,Terai_Teesta_Alluvial_Zone,Siliguri_Foothill,26.71,88.43,0.0,20.4,10.39,72.3,6.18
2026-01-06,Terai_Teesta_Alluvial_Zone,Siliguri_Foothill,26.71,88.43,0.0,20.88,9.94,67.4,8.5
2026-01-07,Terai_Teesta_Alluvial_Zone,Siliguri_Foothill,26.71,88.43,0.0,21.89,11.17,61.3,11.82
2026-01-08,Terai_Teesta_Alluvial_Zone,Siliguri_Foothill,26.71,88.43,0.0,21.83,11.29,59.5,12.33
2026-01-09,Terai_Teesta_Alluvial_Zone,Siliguri_Foothill,26.71,88.43,0.0,22.4,11.69,56.8,12.7
2026-01-10,Terai_Teesta_Alluvial_Zone,Siliguri_Foothill,26.71,88.43,0.0,21.26,10.7,57.6,11.8
2026-01-11,Terai_Teesta_Alluvial_Zone,Siliguri_Foothill,26.71,88.43,0.0,22.88,10.98,53.9,12.65
2026-01-12,Terai_Teesta_Alluvial_Zone,Siliguri_Foothill,26.71,88.43,0.0,23.35,10.38,51.9,13.11
2026-01-13,Terai_Teesta_Alluvial_Zone,Siliguri_Foothill,26.71,88.43,0.0,23.14,12.22,53.0,15.02
2026-01-14,Terai_Teesta_Alluvial_Zone,Siliguri_Foothill,26.71,88.43,0.0,23.22,11.83,58.6,13.11
2026-01-15,Terai_Teesta_Alluvial_Zone,Siliguri_Foothill,26.71,88.43,0.0,22.21,11.92,61.1,12.84
2026-01-16,Terai_Teesta_Alluvial_Zone,Siliguri_Foothill,26.71,88.43,0.0,23.36,11.29,59.3,13.39
2026-01-17,Terai_Teesta_Alluvial_Zone,Siliguri_Foothill,26.71,88.43,0.0,23.5,11.66,57.0,14.03
2026-01-18,Terai_Teesta_Alluvial_Zone,Siliguri_Foothill,26.71,88.43,0.0,24.45,12.2,56.7,13.5
2026-01-19,Terai_Teesta_Alluvial_Zone,Siliguri_Foothill,26.71,88.43,0.0,24.49,13.66,55.6,13.94
2026-01-20,Terai_Teesta_Alluvial_Zone,Siliguri_Foothill,26.71,88.43,0.0,24.02,11.92,58.0,11.45
2026-01-21,Terai_Teesta_Alluvial_Zone,Siliguri_Foothill,26.71,88.43,0.0,24.79,12.21,57.1,11.44
2026-01-22,Terai_Teesta_Alluvial_Zone,Siliguri_Foothill,26.71,88.43,0.0,23.91,10.58,55.4,11.77
2026-01-23,Terai_Teesta_Alluvial_Zone,Siliguri_Foothill,26.71,88.43,0.0,23.86,12.11,55.9,13.38
2026-01-24,Terai_Teesta_Alluvial_Zone,Siliguri_Foothill,26.71,88.43,0.0,25.81,13.45,54.7,15.27
2026-01-25,Terai_Teesta_Alluvial_Zone,Siliguri_Foothill,26.71,88.43,0.0,23.98,13.48,55.7,13.12
2026-01-26,Terai_Teesta_Alluvial_Zone,Siliguri_Foothill,26.71,88.43,0.0,24.61,11.97,58.3,12.54
2026-01-27,Terai_Teesta_Alluvial_Zone,Siliguri_Foothill,26.71,88.43,0.0,24.32,11.02,59.7,14.04
2026-01-28,Terai_Teesta_Alluvial_Zone,Siliguri_Foothill,26.71,88.43,0.0,24.56,13.23,58.2,12.36
2026-01-29,Terai_Teesta_Alluvial_Zone,Siliguri_Foothill,26.71,88.43,0.0,25.61,14.02,58.6,13.45
2026-01-30,Terai_Teesta_Alluvial_Zone,Siliguri_Foothill,26.71,88.43,0.0,24.29,12.37,59.7,11.42
2026-01-31,Terai_Teesta_Alluvial_Zone,Siliguri_Foothill,26.71,88.43,0.0,24.96,12.53,56.4,11.94
2026-02-01,Terai_Teesta_Alluvial_Zone,Siliguri_Foothill,26.71,88.43,0.0,25.69,13.92,56.5,12.02
2026-02-02,Terai_Teesta_Alluvial_Zone,Siliguri_Foothill,26.71,88.43,0.0,26.14,13.95,53.3,13.78
2026-02-03,Terai_Teesta_Alluvial_Zone,Siliguri_Foothill,26.71,88.43,0.0,25.5,14.5,54.3,13.71
2026-02-04,Terai_Teesta_Alluvial_Zone,Siliguri_Foothill,26.71,88.43,0.0,26.78,15.24,48.2,14.75
2026-02-05,Terai_Teesta_Alluvial_Zone,Siliguri_Foothill,26.71,88.43,0.0,26.17,13.11,45.0,15.89
2026-02-06,Terai_Teesta_Alluvial_Zone,Siliguri_Foothill,26.71,88.43,0.0,24.66,11.64,47.4,14.3
2026-02-07,Terai_Teesta_Alluvial_Zone,Siliguri_Foothill,26.71,88.43,0.0,24.99,13.01,50.1,14.11
2026-02-08,Terai_Teesta_Alluvial_Zone,Siliguri_Foothill,26.71,88.43,0.0,25.21,12.94,49.7,12.77
2026-02-09,Terai_Teesta_Alluvial_Zone,Siliguri_Foothill,26.71,88.43,0.0,24.82,12.95,50.3,12.77
2026-02-10,Terai_Teesta_Alluvial_Zone,Siliguri_Foothill,26.71,88.43,0.0,26.94,14.28,50.4,14.26
2026-02-11,Terai_Teesta_Alluvial_Zone,Siliguri_Foothill,26.71,88.43,0.0,26.66,14.0,49.6,14.78
2026-02-12,Terai_Teesta_Alluvial_Zone,Siliguri_Foothill,26.71,88.43,0.0,26.62,14.04,49.4,14.66
2026-02-13,Terai_Teesta_Alluvial_Zone,Siliguri_Foothill,26.71,88.43,0.0,27.13,13.09,48.6,15.2
2026-02-14,Terai_Teesta_Alluvial_Zone,Siliguri_Foothill,26.71,88.43,0.0,27.35,15.79,44.6,15.57
2026-02-15,Terai_Teesta_Alluvial_Zone,Siliguri_Foothill,26.71,88.43,0.0,27.16,14.42,49.4,15.52
2026-02-16,Terai_Teesta_Alluvial_Zone,Siliguri_Foothill,26.71,88.43,0.0,27.25,14.66,46.0,14.8
2026-02-17,Terai_Teesta_Alluvial_Zone,Siliguri_Foothill,26.71,88.43,0.0,28.63,15.43,43.6,17.56
2026-02-18,Terai_Teesta_Alluvial_Zone,Siliguri_Foothill,26.71,88.43,0.0,29.89,15.81,41.4,19.61
2026-02-19,Terai_Teesta_Alluvial_Zone,Siliguri_Foothill,26.71,88.43,0.0,30.7,17.25,40.9,18.24
2026-02-20,Terai_Teesta_Alluvial_Zone,Siliguri_Foothill,26.71,88.43,0.0,30.83,18.36,42.1,17.19
2026-02-21,Terai_Teesta_Alluvial_Zone,Siliguri_Foothill,26.71,88.43,0.0,30.91,16.99,38.8,15.99
2026-02-22,Terai_Teesta_Alluvial_Zone,Siliguri_Foothill,26.71,88.43,0.0,29.57,16.42,39.4,16.33
2026-02-23,Terai_Teesta_Alluvial_Zone,Siliguri_Foothill,26.71,88.43,0.0,28.75,14.64,40.9,15.83
2026-02-24,Terai_Teesta_Alluvial_Zone,Siliguri_Foothill,26.71,88.43,0.39,28.02,14.92,43.1,13.43
2026-02-25,Terai_Teesta_Alluvial_Zone,Siliguri_Foothill,26.71,88.43,0.16,28.65,16.78,46.3,14.83
2026-02-26,Terai_Teesta_Alluvial_Zone,Siliguri_Foothill,26.71,88.43,0.07,28.55,16.15,44.8,13.94
2026-02-27,Terai_Teesta_Alluvial_Zone,Siliguri_Foothill,26.71,88.43,0.5,27.42,14.93,43.5,14.17
2026-02-28,Terai_Teesta_Alluvial_Zone,Siliguri_Foothill,26.71,88.43,1.0,28.59,15.33,42.3,11.99
2026-03-01,Terai_Teesta_Alluvial_Zone,Siliguri_Foothill,26.71,88.43,0.95,29.36,13.86,45.1,19.26
2026-03-02,Terai_Teesta_Alluvial_Zone,Siliguri_Foothill,26.71,88.43,0.87,29.93,14.87,41.8,18.65
2026-03-03,Terai_Teesta_Alluvial_Zone,Siliguri_Foothill,26.71,88.43,0.07,29.43,15.03,37.9,14.76
2026-03-04,Terai_Teesta_Alluvial_Zone,Siliguri_Foothill,26.71,88.43,0.0,30.17,16.38,38.2,17.1
2026-03-05,Terai_Teesta_Alluvial_Zone,Siliguri_Foothill,26.71,88.43,0.0,31.11,17.1,42.1,15.48
2026-03-06,Terai_Teesta_Alluvial_Zone,Siliguri_Foothill,26.71,88.43,0.0,32.19,19.44,42.0,13.98
2026-03-07,Terai_Teesta_Alluvial_Zone,Siliguri_Foothill,26.71,88.43,0.0,31.11,20.22,44.1,12.33
2026-03-08,Terai_Teesta_Alluvial_Zone,Siliguri_Foothill,26.71,88.43,0.0,31.1,19.72,48.1,9.33
2026-03-09,Terai_Teesta_Alluvial_Zone,Siliguri_Foothill,26.71,88.43,0.4,29.54,19.63,57.1,9.38
2026-03-10,Terai_Teesta_Alluvial_Zone,Siliguri_Foothill,26.71,88.43,0.04,31.81,20.01,51.5,12.91
2026-03-11,Terai_Teesta_Alluvial_Zone,Siliguri_Foothill,26.71,88.43,4.74,31.67,21.17,55.2,10.81
2026-03-12,Terai_Teesta_Alluvial_Zone,Siliguri_Foothill,26.71,88.43,17.95,29.59,21.57,70.7,9.46
2026-03-13,Terai_Teesta_Alluvial_Zone,Siliguri_Foothill,26.71,88.43,10.25,28.67,19.3,70.8,6.35
2026-03-14,Terai_Teesta_Alluvial_Zone,Siliguri_Foothill,26.71,88.43,1.45,31.88,18.72,57.0,11.11
2026-03-15,Terai_Teesta_Alluvial_Zone,Siliguri_Foothill,26.71,88.43,1.0,31.23,18.8,49.5,11.01
2026-03-16,Terai_Teesta_Alluvial_Zone,Siliguri_Foothill,26.71,88.43,2.11,31.24,17.44,46.1,14.13
2026-03-17,Terai_Teesta_Alluvial_Zone,Siliguri_Foothill,26.71,88.43,2.17,32.22,16.99,46.0,18.15
2026-03-18,Terai_Teesta_Alluvial_Zone,Siliguri_Foothill,26.71,88.43,2.5,33.13,17.56,36.9,17.86
2026-03-19,Terai_Teesta_Alluvial_Zone,Siliguri_Foothill,26.71,88.43,2.34,31.49,18.35,48.7,16.34
2026-03-20,Terai_Teesta_Alluvial_Zone,Siliguri_Foothill,26.71,88.43,13.12,27.21,17.94,73.4,14.72
2026-03-21,Terai_Teesta_Alluvial_Zone,Siliguri_Foothill,26.71,88.43,26.34,21.75,17.75,85.2,3.98
2026-03-22,Terai_Teesta_Alluvial_Zone,Siliguri_Foothill,26.71,88.43,2.33,26.23,15.92,71.3,15.07
2026-03-23,Terai_Teesta_Alluvial_Zone,Siliguri_Foothill,26.71,88.43,1.33,26.93,16.59,64.7,15.93
2026-03-24,Terai_Teesta_Alluvial_Zone,Siliguri_Foothill,26.71,88.43,4.21,28.9,17.48,58.7,15.68
2026-03-25,Terai_Teesta_Alluvial_Zone,Siliguri_Foothill,26.71,88.43,0.27,30.49,16.61,49.7,17.94
2026-03-26,Terai_Teesta_Alluvial_Zone,Siliguri_Foothill,26.71,88.43,1.1,30.25,17.86,50.8,16.93
2026-03-27,Terai_Teesta_Alluvial_Zone,Siliguri_Foothill,26.71,88.43,3.55,30.59,18.51,56.3,15.06
2026-03-28,Terai_Teesta_Alluvial_Zone,Siliguri_Foothill,26.71,88.43,12.07,26.78,18.84,70.9,11.04
2026-03-29,Terai_Teesta_Alluvial_Zone,Siliguri_Foothill,26.71,88.43,0.51,28.98,17.17,71.1,9.84
2026-03-30,Terai_Teesta_Alluvial_Zone,Siliguri_Foothill,26.71,88.43,1.3,30.24,17.53,68.0,7.44
2026-03-31,Terai_Teesta_Alluvial_Zone,Siliguri_Foothill,26.71,88.43,0.24,30.85,19.51,64.4,10.97
2026-04-01,Terai_Teesta_Alluvial_Zone,Siliguri_Foothill,26.71,88.43,3.82,32.71,20.12,61.2,16.54
2026-04-02,Terai_Teesta_Alluvial_Zone,Siliguri_Foothill,26.71,88.43,0.01,35.56,20.76,44.4,21.41
2026-04-03,Terai_Teesta_Alluvial_Zone,Siliguri_Foothill,26.71,88.43,0.03,36.11,21.51,42.5,18.47
2026-04-04,Terai_Teesta_Alluvial_Zone,Siliguri_Foothill,26.71,88.43,0.38,35.47,20.95,49.0,14.86
2026-04-05,Terai_Teesta_Alluvial_Zone,Siliguri_Foothill,26.71,88.43,1.62,33.9,21.1,45.1,18.0
2026-04-06,Terai_Teesta_Alluvial_Zone,Siliguri_Foothill,26.71,88.43,0.02,33.49,19.11,48.1,17.6
2026-04-07,Terai_Teesta_Alluvial_Zone,Siliguri_Foothill,26.71,88.43,1.06,33.21,19.46,46.5,22.14
2026-04-08,Terai_Teesta_Alluvial_Zone,Siliguri_Foothill,26.71,88.43,1.58,29.63,17.02,55.1,17.57
2026-04-09,Terai_Teesta_Alluvial_Zone,Siliguri_Foothill,26.71,88.43,13.52,29.26,19.49,62.2,15.68
2026-04-10,Terai_Teesta_Alluvial_Zone,Siliguri_Foothill,26.71,88.43,2.66,30.3,17.91,55.9,18.12
2026-04-11,Terai_Teesta_Alluvial_Zone,Siliguri_Foothill,26.71,88.43,3.35,32.64,18.68,44.1,20.85
2026-04-12,Terai_Teesta_Alluvial_Zone,Siliguri_Foothill,26.71,88.43,0.99,32.4,18.21,52.6,18.32
2026-04-13,Terai_Teesta_Alluvial_Zone,Siliguri_Foothill,26.71,88.43,1.69,34.02,19.23,49.2,20.13
2026-04-14,Terai_Teesta_Alluvial_Zone,Siliguri_Foothill,26.71,88.43,0.6,32.11,19.12,53.7,17.72
2026-04-15,Terai_Teesta_Alluvial_Zone,Siliguri_Foothill,26.71,88.43,0.82,32.78,18.92,54.6,14.58
2026-04-16,Terai_Teesta_Alluvial_Zone,Siliguri_Foothill,26.71,88.43,1.22,32.62,18.94,61.4,13.2
2026-04-17,Terai_Teesta_Alluvial_Zone,Siliguri_Foothill,26.71,88.43,2.57,33.11,20.83,64.1,15.79
2026-04-18,Terai_Teesta_Alluvial_Zone,Siliguri_Foothill,26.71,88.43,10.27,32.24,21.23,72.8,12.35
2026-04-19,Terai_Teesta_Alluvial_Zone,Siliguri_Foothill,26.71,88.43,4.63,33.52,21.48,67.0,13.51
2026-04-20,Terai_Teesta_Alluvial_Zone,Siliguri_Foothill,26.71,88.43,5.82,36.03,21.31,60.7,13.4
2026-04-21,Terai_Teesta_Alluvial_Zone,Siliguri_Foothill,26.71,88.43,0.57,39.33,24.78,35.8,16.48
2026-04-22,Terai_Teesta_Alluvial_Zone,Siliguri_Foothill,26.71,88.43,2.58,38.52,22.64,34.5,19.8
2026-04-23,Terai_Teesta_Alluvial_Zone,Siliguri_Foothill,26.71,88.43,0.46,33.86,20.76,62.3,15.91
2026-04-24,Terai_Teesta_Alluvial_Zone,Siliguri_Foothill,26.71,88.43,1.3,34.43,22.11,66.9,14.06
2026-04-25,Terai_Teesta_Alluvial_Zone,Siliguri_Foothill,26.71,88.43,10.78,32.57,23.25,73.3,15.94
2026-04-26,Terai_Teesta_Alluvial_Zone,Siliguri_Foothill,26.71,88.43,21.47,30.77,22.16,75.6,2.3
2026-04-27,Terai_Teesta_Alluvial_Zone,Siliguri_Foothill,26.71,88.43,5.46,30.26,20.95,78.1,6.03
2026-04-28,Terai_Teesta_Alluvial_Zone,Siliguri_Foothill,26.71,88.43,10.37,31.74,20.92,77.9,12.86
2026-04-29,Terai_Teesta_Alluvial_Zone,Siliguri_Foothill,26.71,88.43,43.74,28.12,21.4,86.3,7.9
2026-04-30,Terai_Teesta_Alluvial_Zone,Siliguri_Foothill,26.71,88.43,20.08,25.27,21.1,88.3,16.97
2026-05-01,Terai_Teesta_Alluvial_Zone,Siliguri_Foothill,26.71,88.43,18.74,24.27,18.87,84.4,15.86
2026-05-02,Terai_Teesta_Alluvial_Zone,Siliguri_Foothill,26.71,88.43,19.06,27.41,19.21,82.1,10.39
2026-05-03,Terai_Teesta_Alluvial_Zone,Siliguri_Foothill,26.71,88.43,3.57,27.04,19.81,82.3,17.57
2026-05-04,Terai_Teesta_Alluvial_Zone,Siliguri_Foothill,26.71,88.43,3.56,28.9,19.93,80.9,18.81
2026-05-05,Terai_Teesta_Alluvial_Zone,Siliguri_Foothill,26.71,88.43,13.74,29.9,20.9,79.5,22.1
2026-05-06,Terai_Teesta_Alluvial_Zone,Siliguri_Foothill,26.71,88.43,16.46,28.26,22.1,70.9,8.74
2026-05-07,Terai_Teesta_Alluvial_Zone,Siliguri_Foothill,26.71,88.43,7.75,29.43,20.72,67.0,21.21
2026-05-08,Terai_Teesta_Alluvial_Zone,Siliguri_Foothill,26.71,88.43,5.4,28.83,19.46,72.8,15.59
2026-05-09,Terai_Teesta_Alluvial_Zone,Siliguri_Foothill,26.71,88.43,3.31,29.4,20.77,72.0,21.0
2026-05-10,Terai_Teesta_Alluvial_Zone,Siliguri_Foothill,26.71,88.43,3.13,27.61,21.27,78.9,9.56
2026-05-11,Terai_Teesta_Alluvial_Zone,Siliguri_Foothill,26.71,88.43,8.21,28.92,21.57,83.7,22.11
2026-05-12,Terai_Teesta_Alluvial_Zone,Siliguri_Foothill,26.71,88.43,13.83,28.25,21.04,85.3,14.6
2026-05-13,Terai_Teesta_Alluvial_Zone,Siliguri_Foothill,26.71,88.43,24.79,28.88,22.0,85.8,11.26
2026-05-14,Terai_Teesta_Alluvial_Zone,Siliguri_Foothill,26.71,88.43,13.75,30.58,21.89,81.2,18.97
2026-05-15,Terai_Teesta_Alluvial_Zone,Siliguri_Foothill,26.71,88.43,1.67,30.98,22.17,79.1,18.67
2026-05-16,Terai_Teesta_Alluvial_Zone,Siliguri_Foothill,26.71,88.43,18.31,31.12,23.51,77.2,14.91
2026-05-17,Terai_Teesta_Alluvial_Zone,Siliguri_Foothill,26.71,88.43,9.09,32.3,22.12,71.8,12.3
2026-05-18,Terai_Teesta_Alluvial_Zone,Siliguri_Foothill,26.71,88.43,4.56,30.87,21.69,81.0,11.23
2026-05-19,Terai_Teesta_Alluvial_Zone,Siliguri_Foothill,26.71,88.43,0.28,31.28,22.48,84.8,17.87
2026-05-20,Terai_Teesta_Alluvial_Zone,Siliguri_Foothill,26.71,88.43,10.17,31.97,24.17,83.8,16.28
2026-05-21,Terai_Teesta_Alluvial_Zone,Siliguri_Foothill,26.71,88.43,23.38,31.15,24.67,86.8,11.99
2026-05-22,Terai_Teesta_Alluvial_Zone,Siliguri_Foothill,26.71,88.43,18.79,31.67,24.27,85.2,8.63
2026-05-23,Terai_Teesta_Alluvial_Zone,Siliguri_Foothill,26.71,88.43,5.34,32.8,24.5,75.9,9.92
2026-05-24,Terai_Teesta_Alluvial_Zone,Siliguri_Foothill,26.71,88.43,13.7,31.91,23.1,79.9,11.84
2026-05-25,Terai_Teesta_Alluvial_Zone,Siliguri_Foothill,26.71,88.43,20.99,30.53,22.91,86.2,16.02
2026-05-26,Terai_Teesta_Alluvial_Zone,Siliguri_Foothill,26.71,88.43,19.93,30.7,23.82,85.5,18.4
2026-05-27,Terai_Teesta_Alluvial_Zone,Siliguri_Foothill,26.71,88.43,6.09,29.88,22.9,87.8,13.18
2026-05-28,Terai_Teesta_Alluvial_Zone,Siliguri_Foothill,26.71,88.43,5.86,28.31,23.49,89.1,18.94
2026-05-29,Terai_Teesta_Alluvial_Zone,Siliguri_Foothill,26.71,88.43,3.66,29.4,23.22,84.9,21.89
2026-05-30,Terai_Teesta_Alluvial_Zone,Siliguri_Foothill,26.71,88.43,1.79,30.56,24.41,78.9,18.67
2026-05-31,Terai_Teesta_Alluvial_Zone,Siliguri_Foothill,26.71,88.43,0.26,31.32,24.76,76.7,23.94
2026-06-01,Terai_Teesta_Alluvial_Zone,Siliguri_Foothill,26.71,88.43,1.79,32.06,24.19,76.3,22.61
2026-06-02,Terai_Teesta_Alluvial_Zone,Siliguri_Foothill,26.71,88.43,0.79,33.76,25.26,71.1,23.16
2026-06-03,Terai_Teesta_Alluvial_Zone,Siliguri_Foothill,26.71,88.43,3.24,34.43,25.55,63.9,21.37
2026-06-04,Terai_Teesta_Alluvial_Zone,Siliguri_Foothill,26.71,88.43,4.48,33.6,24.51,70.0,20.91
2026-06-05,Terai_Teesta_Alluvial_Zone,Siliguri_Foothill,26.71,88.43,17.97,32.18,25.13,81.7,19.2
2026-06-06,Terai_Teesta_Alluvial_Zone,Siliguri_Foothill,26.71,88.43,13.94,32.04,25.48,82.7,11.74
2026-06-07,Terai_Teesta_Alluvial_Zone,Siliguri_Foothill,26.71,88.43,2.98,33.31,25.35,77.3,21.42
2026-06-08,Terai_Teesta_Alluvial_Zone,Siliguri_Foothill,26.71,88.43,15.2,32.3,25.13,77.5,19.12
2026-06-09,Terai_Teesta_Alluvial_Zone,Siliguri_Foothill,26.71,88.43,15.2,32.17,24.4,81.1,17.38
2026-06-10,Terai_Teesta_Alluvial_Zone,Siliguri_Foothill,26.71,88.43,15.93,31.18,23.91,87.5,20.48
2026-06-11,Terai_Teesta_Alluvial_Zone,Siliguri_Foothill,26.71,88.43,19.95,30.2,24.83,88.7,6.88
2026-06-12,Terai_Teesta_Alluvial_Zone,Siliguri_Foothill,26.71,88.43,2.99,30.09,23.96,85.8,17.34
2026-06-13,Terai_Teesta_Alluvial_Zone,Siliguri_Foothill,26.71,88.43,5.41,30.88,23.85,83.0,19.2
2026-06-14,Terai_Teesta_Alluvial_Zone,Siliguri_Foothill,26.71,88.43,8.61,31.88,24.72,82.3,17.86
2026-06-15,Terai_Teesta_Alluvial_Zone,Siliguri_Foothill,26.71,88.43,2.98,32.41,25.59,78.5,20.54
2026-06-16,Terai_Teesta_Alluvial_Zone,Siliguri_Foothill,26.71,88.43,9.22,30.93,25.26,86.3,21.99
2026-06-17,Terai_Teesta_Alluvial_Zone,Siliguri_Foothill,26.71,88.43,8.71,32.23,24.91,82.9,22.07
2026-06-18,Terai_Teesta_Alluvial_Zone,Siliguri_Foothill,26.71,88.43,16.09,31.83,25.0,84.8,13.06
2026-06-19,Terai_Teesta_Alluvial_Zone,Siliguri_Foothill,26.71,88.43,33.55,30.4,24.58,88.5,11.91
2026-06-20,Terai_Teesta_Alluvial_Zone,Siliguri_Foothill,26.71,88.43,18.99,31.55,24.64,85.0,14.86
2026-06-21,Terai_Teesta_Alluvial_Zone,Siliguri_Foothill,26.71,88.43,32.03,31.15,25.09,87.6,13.91
2026-06-22,Terai_Teesta_Alluvial_Zone,Siliguri_Foothill,26.71,88.43,14.88,31.22,25.11,87.9,10.91
2026-06-23,Terai_Teesta_Alluvial_Zone,Siliguri_Foothill,26.71,88.43,20.18,31.19,24.88,86.0,9.67
2026-06-24,Terai_Teesta_Alluvial_Zone,Siliguri_Foothill,26.71,88.43,4.83,32.5,25.48,81.4,22.5
2026-06-25,Terai_Teesta_Alluvial_Zone,Siliguri_Foothill,26.71,88.43,18.99,32.13,25.53,83.6,21.71
2026-06-26,Terai_Teesta_Alluvial_Zone,Siliguri_Foothill,26.71,88.43,12.3,32.21,25.23,85.2,19.71
2026-06-27,Terai_Teesta_Alluvial_Zone,Siliguri_Foothill,26.71,88.43,23.91,32.68,25.19,85.4,14.57
2026-06-28,Terai_Teesta_Alluvial_Zone,Siliguri_Foothill,26.71,88.43,31.63,32.18,26.14,86.5,10.63
2026-06-29,Terai_Teesta_Alluvial_Zone,Siliguri_Foothill,26.71,88.43,32.9,31.25,25.84,91.2,9.94
2026-06-30,Terai_Teesta_Alluvial_Zone,Siliguri_Foothill,26.71,88.43,24.12,28.4,25.28,92.9,11.6
2026-07-01,Terai_Teesta_Alluvial_Zone,Siliguri_Foothill,26.71,88.43,6.37,31.12,25.15,87.6,11.68
2026-07-02,Terai_Teesta_Alluvial_Zone,Siliguri_Foothill,26.71,88.43,4.25,30.42,25.32,89.7,16.57
2026-07-03,Terai_Teesta_Alluvial_Zone,Siliguri_Foothill,26.71,88.43,2.74,32.08,26.07,86.5,22.86
2026-07-04,Terai_Teesta_Alluvial_Zone,Siliguri_Foothill,26.71,88.43,5.03,32.92,26.16,84.7,21.63
2026-07-05,Terai_Teesta_Alluvial_Zone,Siliguri_Foothill,26.71,88.43,7.42,30.49,26.44,89.2,15.9
2026-07-06,Terai_Teesta_Alluvial_Zone,Siliguri_Foothill,26.71,88.43,9.95,30.93,25.44,89.8,17.65
2026-07-07,Terai_Teesta_Alluvial_Zone,Siliguri_Foothill,26.71,88.43,27.89,30.26,25.8,90.9,10.57
2026-07-08,Terai_Teesta_Alluvial_Zone,Siliguri_Foothill,26.71,88.43,25.84,31.0,25.31,89.4,5.89
2026-07-09,Terai_Teesta_Alluvial_Zone,Siliguri_Foothill,26.71,88.43,20.26,30.81,25.96,91.1,7.32
2026-07-10,Terai_Teesta_Alluvial_Zone,Siliguri_Foothill,26.71,88.43,9.89,31.32,25.86,88.4,12.16
2026-07-11,Terai_Teesta_Alluvial_Zone,Siliguri_Foothill,26.71,88.43,13.85,32.39,26.15,87.3,11.65
2026-07-12,Terai_Teesta_Alluvial_Zone,Siliguri_Foothill,26.71,88.43,14.4,30.39,25.83,91.5,12.54
2026-07-13,Terai_Teesta_Alluvial_Zone,Siliguri_Foothill,26.71,88.43,38.25,28.9,25.89,92.6,6.3
2026-07-14,Terai_Teesta_Alluvial_Zone,Siliguri_Foothill,26.71,88.43,4.02,31.88,25.84,84.5,20.04
2026-07-15,Terai_Teesta_Alluvial_Zone,Siliguri_Foothill,26.71,88.43,3.44,30.42,26.17,89.2,8.07
2026-07-16,Terai_Teesta_Alluvial_Zone,Siliguri_Foothill,26.71,88.43,8.66,31.07,24.87,88.1,15.77
2026-07-17,Terai_Teesta_Alluvial_Zone,Siliguri_Foothill,26.71,88.43,11.51,30.63,24.98,89.7,15.32
2026-07-18,Terai_Teesta_Alluvial_Zone,Siliguri_Foothill,26.71,88.43,16.36,31.01,25.97,90.7,5.33
2026-07-19,Terai_Teesta_Alluvial_Zone,Siliguri_Foothill,26.71,88.43,51.94,28.5,25.62,92.8,8.51
2026-07-20,Terai_Teesta_Alluvial_Zone,Siliguri_Foothill,26.71,88.43,16.94,29.73,24.82,91.4,8.35
2026-07-21,Terai_Teesta_Alluvial_Zone,Siliguri_Foothill,26.71,88.43,20.85,29.35,24.15,91.1,18.94
2026-07-22,Terai_Teesta_Alluvial_Zone,Siliguri_Foothill,26.71,88.43,14.28,28.45,24.26,91.3,11.0
2026-07-23,Terai_Teesta_Alluvial_Zone,Siliguri_Foothill,26.71,88.43,9.51,29.72,24.53,90.3,17.28
2026-07-24,Terai_Teesta_Alluvial_Zone,Siliguri_Foothill,26.71,88.43,1.95,29.87,24.34,89.7,15.43
2026-07-25,Terai_Teesta_Alluvial_Zone,Siliguri_Foothill,26.71,88.43,0.5,31.31,25.02,87.5,18.97
2026-07-26,Terai_Teesta_Alluvial_Zone,Siliguri_Foothill,26.71,88.43,1.54,31.77,25.41,86.2,16.46
2026-07-27,Terai_Teesta_Alluvial_Zone,Siliguri_Foothill,26.71,88.43,1.42,31.71,25.96,85.2,19.69
2026-07-28,Terai_Teesta_Alluvial_Zone,Siliguri_Foothill,26.71,88.43,2.58,31.04,25.26,89.2,16.52
2026-07-29,Terai_Teesta_Alluvial_Zone,Siliguri_Foothill,26.71,88.43,3.25,29.67,24.89,89.8,12.42
2026-07-30,Terai_Teesta_Alluvial_Zone,Siliguri_Foothill,26.71,88.43,8.21,30.7,24.68,89.5,12.08
2026-07-31,Terai_Teesta_Alluvial_Zone,Siliguri_Foothill,26.71,88.43,14.17,30.92,24.63,88.3,16.95
2026-08-01,Terai_Teesta_Alluvial_Zone,Siliguri_Foothill,26.71,88.43,12.66,30.77,25.46,88.0,10.84
2026-08-02,Terai_Teesta_Alluvial_Zone,Siliguri_Foothill,26.71,88.43,32.15,27.44,25.43,94.9,14.95
2026-08-03,Terai_Teesta_Alluvial_Zone,Siliguri_Foothill,26.71,88.43,12.02,30.21,25.03,90.6,17.21
2026-08-04,Terai_Teesta_Alluvial_Zone,Siliguri_Foothill,26.71,88.43,26.1,29.58,26.01,93.1,19.4
2026-08-05,Terai_Teesta_Alluvial_Zone,Siliguri_Foothill,26.71,88.43,61.96,26.19,25.02,96.8,5.04
2026-08-06,Terai_Teesta_Alluvial_Zone,Siliguri_Foothill,26.71,88.43,2.92,31.13,24.55,85.7,23.37
2026-08-07,Terai_Teesta_Alluvial_Zone,Siliguri_Foothill,26.71,88.43,7.97,30.72,25.26,88.6,18.86
2026-08-08,Terai_Teesta_Alluvial_Zone,Siliguri_Foothill,26.71,88.43,11.8,31.12,24.94,88.6,17.47
2026-08-09,Terai_Teesta_Alluvial_Zone,Siliguri_Foothill,26.71,88.43,10.19,30.77,24.99,87.6,15.72
2026-08-10,Terai_Teesta_Alluvial_Zone,Siliguri_Foothill,26.71,88.43,4.18,31.94,24.85,84.2,21.05
2026-08-11,Terai_Teesta_Alluvial_Zone,Siliguri_Foothill,26.71,88.43,2.18,33.36,26.0,80.7,18.86
2026-08-12,Terai_Teesta_Alluvial_Zone,Siliguri_Foothill,26.71,88.43,2.46,33.75,26.69,80.2,11.99
2026-08-13,Terai_Teesta_Alluvial_Zone,Siliguri_Foothill,26.71,88.43,10.14,32.1,26.48,86.3,13.94
2026-08-14,Terai_Teesta_Alluvial_Zone,Siliguri_Foothill,26.71,88.43,7.37,31.54,25.21,86.8,20.02
2026-08-15,Terai_Teesta_Alluvial_Zone,Siliguri_Foothill,26.71,88.43,6.46,30.88,25.34,86.4,16.46
2026-08-16,Terai_Teesta_Alluvial_Zone,Siliguri_Foothill,26.71,88.43,5.29,31.17,25.25,86.8,16.79
2026-08-17,Terai_Teesta_Alluvial_Zone,Siliguri_Foothill,26.71,88.43,20.12,30.19,25.33,90.4,17.25
2026-08-18,Terai_Teesta_Alluvial_Zone,Siliguri_Foothill,26.71,88.43,22.83,30.84,25.08,90.5,17.07
2026-08-19,Terai_Teesta_Alluvial_Zone,Siliguri_Foothill,26.71,88.43,17.03,31.1,25.71,90.5,16.26
2026-08-20,Terai_Teesta_Alluvial_Zone,Siliguri_Foothill,26.71,88.43,9.07,31.37,25.82,89.0,16.84
2026-08-21,Terai_Teesta_Alluvial_Zone,Siliguri_Foothill,26.71,88.43,5.51,29.89,25.99,88.6,16.22
2026-08-22,Terai_Teesta_Alluvial_Zone,Siliguri_Foothill,26.71,88.43,4.36,32.25,25.55,84.7,19.59
2026-08-23,Terai_Teesta_Alluvial_Zone,Siliguri_Foothill,26.71,88.43,6.37,31.28,26.62,88.1,6.55
2026-08-24,Terai_Teesta_Alluvial_Zone,Siliguri_Foothill,26.71,88.43,11.55,29.76,25.84,90.9,12.9
2026-08-25,Terai_Teesta_Alluvial_Zone,Siliguri_Foothill,26.71,88.43,18.11,30.83,24.87,90.5,12.99
2026-08-26,Terai_Teesta_Alluvial_Zone,Siliguri_Foothill,26.71,88.43,20.58,30.05,25.63,91.1,17.53
2026-08-27,Terai_Teesta_Alluvial_Zone,Siliguri_Foothill,26.71,88.43,7.02,32.14,25.35,86.6,15.03
2026-08-28,Terai_Teesta_Alluvial_Zone,Siliguri_Foothill,26.71,88.43,9.48,31.08,26.47,90.3,16.38
2026-08-29,Terai_Teesta_Alluvial_Zone,Siliguri_Foothill,26.71,88.43,6.18,31.86,25.89,86.8,17.54
2026-08-30,Terai_Teesta_Alluvial_Zone,Siliguri_Foothill,26.71,88.43,8.35,32.5,26.75,84.9,7.24
2026-08-31,Terai_Teesta_Alluvial_Zone,Siliguri_Foothill,26.71,88.43,49.07,27.4,25.27,94.3,13.01
2026-09-01,Terai_Teesta_Alluvial_Zone,Siliguri_Foothill,26.71,88.43,23.32,28.11,23.89,92.2,13.28
2026-09-02,Terai_Teesta_Alluvial_Zone,Siliguri_Foothill,26.71,88.43,7.27,30.08,23.18,87.5,17.24
2026-09-03,Terai_Teesta_Alluvial_Zone,Siliguri_Foothill,26.71,88.43,6.86,30.18,23.84,89.2,15.35
2026-09-04,Terai_Teesta_Alluvial_Zone,Siliguri_Foothill,26.71,88.43,12.89,29.5,24.7,91.5,14.43
2026-09-05,Terai_Teesta_Alluvial_Zone,Siliguri_Foothill,26.71,88.43,10.13,30.1,24.39,91.0,16.01
2026-09-06,Terai_Teesta_Alluvial_Zone,Siliguri_Foothill,26.71,88.43,17.86,28.66,25.16,93.0,14.94
2026-09-07,Terai_Teesta_Alluvial_Zone,Siliguri_Foothill,26.71,88.43,9.53,29.6,25.21,90.1,14.77
2026-09-08,Terai_Teesta_Alluvial_Zone,Siliguri_Foothill,26.71,88.43,8.26,31.0,24.82,87.1,18.66
2026-09-09,Terai_Teesta_Alluvial_Zone,Siliguri_Foothill,26.71,88.43,5.68,30.92,25.23,88.0,
2026-09-10,Terai_Teesta_Alluvial_Zone,Siliguri_Foothill,26.71,88.43,3.93,32.09,25.69,83.8,
